Instrument ID:HP3458A
120000 55 55 21845
120002 AA AA -21846
120004 00 00 0
120006 00 16 22
120008 00 00 0
12000A 00 00 0
12000C 23 50 9040
12000E 43 3D 17213
120010 30 35 12341
120012 41 32 16690
120014 45 34 17716
120016 2C 30 11312
120018 30 30 12336
12001A 30 31 12337
12001C 36 20 13856
12001E 20 20 8224
120020 20 30 8240
120022 38 2D 14381
120024 42 75 17013
120026 73 20 29472
120028 45 72 17778
12002A 72 6F 29295
12002C 72 2D 29229
12002E 2D 2D 11565
120030 00 00 0
120032 00 00 0
120034 50 A0 20640
120036 26 0E 9742
120038 94 52 -27566
12003A 30 D5 12501
12003C 00 00 0
12003E 00 80 128
120040 00 00 0
120042 00 00 0
120044 76 49 30281
120046 00 AA 170
120048 64 DE 25822
12004A 04 04 1028
12004C 4E F9 20217
12004E 00 00 0
120050 04 BE 1214
120052 4E F9 20217
120054 00 00 0
120056 04 F0 1264
120058 4E F9 20217
12005A 00 00 0
12005C 04 F8 1272
12005E 4E F9 20217
120060 00 00 0
120062 05 00 1280
120064 4E F9 20217
120066 00 00 0
120068 05 08 1288
12006A 4E F9 20217
12006C 00 00 0
12006E 05 10 1296
120070 4E F9 20217
120072 00 00 0
120074 05 18 1304
120076 4E F9 20217
120078 00 00 0
12007A 05 20 1312
12007C 4E F9 20217
12007E 00 00 0
120080 05 28 1320
120082 4E F9 20217
120084 00 00 0
120086 05 30 1328
120088 4E F9 20217
12008A 00 00 0
12008C 05 38 1336
12008E 4E F9 20217
120090 00 00 0
120092 05 38 1336
120094 4E F9 20217
120096 00 00 0
120098 7E 48 32328
12009A 4E F9 20217
12009C 00 02 2
12009E B3 84 -19580
1200A0 4E F9 20217
1200A2 00 02 2
1200A4 B3 2E -19666
1200A6 4E F9 20217
1200A8 00 00 0
1200AA 7E AA 32426
1200AC 4E F9 20217
1200AE 00 05 5
1200B0 03 3C 828
1200B2 4E F9 20217
1200B4 00 00 0
1200B6 07 20 1824
1200B8 4E F9 20217
1200BA 00 01 1
1200BC 81 BA -32326
1200BE 4E F9 20217
1200C0 00 01 1
1200C2 81 BE -32322
1200C4 4E F9 20217
1200C6 00 01 1
1200C8 81 C6 -32314
1200CA 4E F9 20217
1200CC 00 01 1
1200CE 81 C2 -32318
1200D0 4E F9 20217
1200D2 00 01 1
1200D4 92 DA -27942
1200D6 4E F9 20217
1200D8 00 05 5
1200DA 9E 2E -25042
1200DC 4E F9 20217
1200DE 00 00 0
1200E0 81 02 -32510
1200E2 4E F9 20217
1200E4 00 00 0
1200E6 81 18 -32488
1200E8 4E F9 20217
1200EA 00 00 0
1200EC 05 38 1336
1200EE 4E F9 20217
1200F0 00 00 0
1200F2 05 38 1336
1200F4 4E F9 20217
1200F6 00 05 5
1200F8 A3 24 -23772
1200FA 4E F9 20217
1200FC 00 00 0
1200FE 05 38 1336
120100 4E F9 20217
120102 00 00 0
120104 05 38 1336
120106 4E F9 20217
120108 00 05 5
12010A CD 34 -13004
12010C 4E F9 20217
12010E 00 00 0
120110 05 38 1336
120112 00 00 0
120114 F1 34 -3788
120116 14 A2 5282
120118 00 12 18
12011A FF FE -2
12011C 00 12 18
12011E 2B 22 11042
120120 00 12 18
120122 2C 22 11298
120124 04 12 1042
120126 2D 22 11554
120128 04 12 1042
12012A 2D A2 11682
12012C 00 12 18
12012E 2C A2 11426
120130 04 12 1042
120132 2E A2 11938
120134 04 12 1042
120136 2E 22 11810
120138 01 00 256
12013A 00 08 8
12013C 00 00 0
12013E 00 60 96
120140 00 00 0
120142 00 00 0
120144 00 00 0
120146 00 00 0
120148 00 00 0
12014A 00 00 0
12014C 00 00 0
12014E 00 00 0
120150 00 00 0
120152 00 00 0
120154 51 18 20760
120156 81 76 -32394
120158 C4 52 -15278
12015A 11 24 4388
12015C 00 00 0
12015E 00 80 128
120160 00 00 0
120162 01 00 256
120164 00 08 8
120166 A4 15 -23531
120168 CE 9B -12645
12016A 00 00 0
12016C 00 00 0
12016E 00 00 0
120170 00 00 0
120172 00 00 0
120174 00 00 0
120176 00 00 0
120178 00 00 0
12017A 00 00 0
12017C 00 00 0
12017E 00 00 0
120180 00 00 0
120182 00 00 0
120184 7E 20 32288
120186 4B 15 19221
120188 47 57 18263
12018A 09 05 2309
12018C 01 00 256
12018E 00 00 0
120190 00 00 0
120192 00 00 0
120194 00 12 18
120196 0B 86 2950
120198 00 12 18
12019A 0E 3E 3646
12019C 00 00 0
12019E 00 00 0
1201A0 00 00 0
1201A2 00 12 18
1201A4 47 22 18210
1201A6 1C 3F 7231
1201A8 B6 07 -18937
1201AA 00 12 18
1201AC 47 3E 18238
1201AE 00 00 0
1201B0 00 00 0
1201B2 00 12 18
1201B4 47 3E 18238
1201B6 00 00 0
1201B8 00 08 8
1201BA 04 82 1154
1201BC 00 00 0
1201BE 00 12 18
1201C0 0B 9A 2970
1201C2 00 12 18
1201C4 0E 62 3682
1201C6 00 00 0
1201C8 00 00 0
1201CA 00 00 0
1201CC 00 12 18
1201CE 59 3E 22846
1201D0 00 00 0
1201D2 00 00 0
1201D4 00 12 18
1201D6 59 4E 22862
1201D8 D6 D1 -10543
1201DA 4D 80 19840
1201DC 00 12 18
1201DE 59 4E 22862
1201E0 01 00 256
1201E2 00 08 8
1201E4 EA 20 -5600
1201E6 60 B6 24758
1201E8 00 00 0
1201EA 00 00 0
1201EC 00 00 0
1201EE 00 00 0
1201F0 00 00 0
1201F2 00 00 0
1201F4 00 00 0
1201F6 00 00 0
1201F8 00 00 0
1201FA 07 C0 1984
1201FC 00 00 0
1201FE 00 00 0
120200 00 00 0
120202 00 00 0
120204 73 11 29457
120206 2C 75 11381
120208 7F 35 32565
12020A 01 00 256
12020C 00 01 1
12020E 00 00 0
120210 00 00 0
120212 00 12 18
120214 0B AE 2990
120216 00 12 18
120218 0E AA 3754
12021A 00 00 0
12021C 00 00 0
12021E 00 00 0
120220 00 00 0
120222 00 00 0
120224 D1 44 -11964
120226 0C 65 3173
120228 23 00 8960
12022A 00 4D 77
12022C 00 00 0
12022E 00 02 2
120230 00 00 0
120232 00 08 8
120234 00 00 0
120236 00 08 8
120238 A3 20 -23776
12023A AC 86 -21370
12023C 00 00 0
12023E 00 00 0
120240 00 00 0
120242 00 00 0
120244 00 00 0
120246 00 00 0
120248 00 00 0
12024A 00 00 0
12024C 00 00 0
12024E 00 80 128
120250 00 00 0
120252 00 00 0
120254 9A 82 -25982
120256 00 D0 208
120258 CD 16 -13034
12025A 40 90 16528
12025C 00 00 0
12025E 00 12 18
120260 65 46 25926
120262 00 00 0
120264 63 68 25448
120266 00 12 18
120268 29 12 10514
12026A 00 12 18
12026C 29 12 10514
12026E 53 4C 21324
120270 41 56 16726
120272 45 20 17696
120274 54 45 21573
120276 53 54 21332
120278 3A 20 14880
12027A 43 4F 17231
12027C 4E 56 20054
12027E 45 52 17746
120280 47 45 18245
120282 4E 43 20035
120284 45 00 17664
120286 00 00 0
120288 00 00 0
12028A 00 00 0
12028C 00 00 0
12028E 00 00 0
120290 00 00 0
120292 00 00 0
120294 00 00 0
120296 00 00 0
120298 00 00 0
12029A 00 00 0
12029C 00 00 0
12029E 00 00 0
1202A0 00 00 0
1202A2 00 00 0
1202A4 00 00 0
1202A6 00 00 0
1202A8 00 00 0
1202AA 00 00 0
1202AC 00 00 0
1202AE 00 00 0
1202B0 00 00 0
1202B2 00 00 0
1202B4 00 00 0
1202B6 00 00 0
1202B8 00 00 0
1202BA 00 00 0
1202BC 00 00 0
1202BE 00 00 0
1202C0 00 00 0
1202C2 00 00 0
1202C4 00 00 0
1202C6 00 00 0
1202C8 00 00 0
1202CA 00 00 0
1202CC 00 00 0
1202CE 00 00 0
1202D0 00 00 0
1202D2 00 00 0
1202D4 00 00 0
1202D6 00 00 0
1202D8 00 00 0
1202DA 00 00 0
1202DC 00 00 0
1202DE 00 00 0
1202E0 00 00 0
1202E2 00 00 0
1202E4 00 00 0
1202E6 00 00 0
1202E8 00 00 0
1202EA 00 00 0
1202EC 00 00 0
1202EE 00 00 0
1202F0 00 00 0
1202F2 00 00 0
1202F4 00 00 0
1202F6 00 00 0
1202F8 00 00 0
1202FA 00 00 0
1202FC 00 00 0
1202FE 00 00 0
120300 00 00 0
120302 00 00 0
120304 00 00 0
120306 00 00 0
120308 00 00 0
12030A 00 00 0
12030C 00 00 0
12030E 00 00 0
120310 00 00 0
120312 00 00 0
120314 00 00 0
120316 00 00 0
120318 00 00 0
12031A 00 00 0
12031C 00 00 0
12031E 00 00 0
120320 00 00 0
120322 00 00 0
120324 00 00 0
120326 00 00 0
120328 56 45 22085
12032A 52 3F 21055
12032C 20 20 8224
12032E 20 45 8261
120330 78 70 30832
120332 65 63 25955
120334 74 65 29797
120336 64 20 25632
120338 63 6F 25455
12033A 6D 6D 28013
12033C 61 6E 24942
12033E 64 20 25632
120340 68 65 26725
120342 61 64 24932
120344 65 72 25970
120346 2E 00 11776
120348 00 00 0
12034A 00 00 0
12034C 00 00 0
12034E 00 00 0
120350 00 00 0
120352 00 00 0
120354 00 00 0
120356 00 00 0
120358 00 00 0
12035A 00 00 0
12035C 00 00 0
12035E 00 00 0
120360 00 00 0
120362 00 00 0
120364 00 00 0
120366 00 00 0
120368 00 00 0
12036A 00 00 0
12036C 00 00 0
12036E 00 00 0
120370 00 00 0
120372 00 00 0
120374 00 00 0
120376 00 00 0
120378 00 00 0
12037A 00 00 0
12037C 00 00 0
12037E 00 00 0
120380 00 00 0
120382 00 00 0
120384 00 00 0
120386 00 00 0
120388 00 00 0
12038A 00 00 0
12038C 00 00 0
12038E 00 00 0
120390 00 00 0
120392 00 00 0
120394 00 00 0
120396 00 00 0
120398 00 00 0
12039A 00 00 0
12039C 00 00 0
12039E 00 00 0
1203A0 00 00 0
1203A2 00 00 0
1203A4 00 00 0
1203A6 00 00 0
1203A8 00 00 0
1203AA 00 00 0
1203AC 00 00 0
1203AE 00 00 0
1203B0 00 00 0
1203B2 00 00 0
1203B4 00 00 0
1203B6 00 00 0
1203B8 00 00 0
1203BA 00 00 0
1203BC 00 00 0
1203BE 00 00 0
1203C0 00 00 0
1203C2 00 00 0
1203C4 00 00 0
1203C6 00 00 0
1203C8 00 00 0
1203CA 00 00 0
1203CC 00 00 0
1203CE 00 00 0
1203D0 00 00 0
1203D2 00 00 0
1203D4 00 00 0
1203D6 00 00 0
1203D8 00 00 0
1203DA 00 00 0
1203DC 00 00 0
1203DE 00 00 0
1203E0 00 00 0
1203E2 00 00 0
1203E4 00 00 0
1203E6 00 00 0
1203E8 00 00 0
1203EA 00 00 0
1203EC 00 00 0
1203EE 00 00 0
1203F0 00 00 0
1203F2 00 00 0
1203F4 00 00 0
1203F6 00 00 0
1203F8 00 00 0
1203FA 00 00 0
1203FC 00 00 0
1203FE 00 00 0
120400 00 00 0
120402 00 00 0
120404 00 00 0
120406 00 00 0
120408 00 00 0
12040A 00 00 0
12040C 00 00 0
12040E 00 00 0
120410 00 00 0
120412 00 00 0
120414 00 00 0
120416 00 00 0
120418 00 00 0
12041A 00 00 0
12041C 00 00 0
12041E 00 00 0
120420 00 00 0
120422 00 00 0
120424 00 00 0
120426 00 00 0
120428 00 00 0
12042A 00 00 0
12042C 00 00 0
12042E 00 00 0
120430 00 00 0
120432 00 00 0
120434 00 00 0
120436 00 00 0
120438 00 00 0
12043A 00 00 0
12043C 00 00 0
12043E 00 00 0
120440 00 00 0
120442 00 00 0
120444 00 00 0
120446 00 00 0
120448 00 00 0
12044A 00 00 0
12044C 00 00 0
12044E 00 00 0
120450 00 00 0
120452 00 00 0
120454 00 00 0
120456 00 00 0
120458 00 00 0
12045A 00 00 0
12045C 00 00 0
12045E 00 00 0
120460 00 00 0
120462 00 00 0
120464 00 00 0
120466 00 00 0
120468 00 00 0
12046A 00 00 0
12046C 00 00 0
12046E 00 00 0
120470 00 00 0
120472 00 00 0
120474 00 00 0
120476 00 00 0
120478 00 00 0
12047A 00 00 0
12047C 00 00 0
12047E 00 00 0
120480 00 00 0
120482 00 00 0
120484 00 00 0
120486 00 00 0
120488 00 00 0
12048A 00 00 0
12048C 00 00 0
12048E 00 00 0
120490 00 00 0
120492 00 00 0
120494 00 00 0
120496 00 00 0
120498 00 00 0
12049A 00 00 0
12049C 00 00 0
12049E 00 00 0
1204A0 00 00 0
1204A2 00 00 0
1204A4 00 00 0
1204A6 00 00 0
1204A8 00 00 0
1204AA 00 00 0
1204AC 00 00 0
1204AE 00 00 0
1204B0 00 00 0
1204B2 00 00 0
1204B4 00 00 0
1204B6 00 00 0
1204B8 00 00 0
1204BA 00 00 0
1204BC 00 00 0
1204BE 00 00 0
1204C0 00 00 0
1204C2 00 00 0
1204C4 00 00 0
1204C6 00 00 0
1204C8 00 00 0
1204CA 00 00 0
1204CC 00 00 0
1204CE 00 00 0
1204D0 00 00 0
1204D2 00 00 0
1204D4 00 00 0
1204D6 00 00 0
1204D8 00 00 0
1204DA 00 00 0
1204DC 00 00 0
1204DE 00 00 0
1204E0 00 00 0
1204E2 00 00 0
1204E4 00 00 0
1204E6 00 00 0
1204E8 00 00 0
1204EA 00 00 0
1204EC 00 00 0
1204EE 00 00 0
1204F0 00 00 0
1204F2 00 00 0
1204F4 00 00 0
1204F6 00 00 0
1204F8 00 00 0
1204FA 00 00 0
1204FC 00 00 0
1204FE 00 00 0
120500 00 00 0
120502 00 00 0
120504 00 00 0
120506 00 00 0
120508 00 00 0
12050A 00 00 0
12050C 41 43 16707
12050E 41 4C 16716
120510 00 00 0
120512 00 00 0
120514 00 00 0
120516 00 00 0
120518 00 00 0
12051A 00 00 0
12051C 00 00 0
12051E 00 00 0
120520 00 00 0
120522 00 00 0
120524 00 00 0
120526 00 00 0
120528 00 00 0
12052A 00 00 0
12052C 00 00 0
12052E 00 00 0
120530 00 00 0
120532 00 00 0
120534 00 00 0
120536 00 00 0
120538 00 00 0
12053A 00 00 0
12053C 00 00 0
12053E 00 00 0
120540 00 00 0
120542 00 00 0
120544 00 00 0
120546 00 00 0
120548 00 00 0
12054A 00 00 0
12054C 00 00 0
12054E 00 00 0
120550 00 00 0
120552 00 00 0
120554 00 00 0
120556 00 00 0
120558 00 00 0
12055A 00 00 0
12055C 00 00 0
12055E 00 00 0
120560 00 00 0
120562 00 00 0
120564 00 00 0
120566 00 00 0
120568 00 00 0
12056A 00 00 0
12056C 00 00 0
12056E 00 00 0
120570 00 00 0
120572 00 00 0
120574 00 00 0
120576 00 00 0
120578 00 00 0
12057A 00 00 0
12057C 00 00 0
12057E 00 00 0
120580 00 00 0
120582 00 00 0
120584 00 00 0
120586 00 00 0
120588 00 00 0
12058A 00 00 0
12058C 00 00 0
12058E 00 00 0
120590 00 00 0
120592 00 00 0
120594 00 00 0
120596 00 00 0
120598 00 00 0
12059A 00 00 0
12059C 00 00 0
12059E 00 00 0
1205A0 00 00 0
1205A2 00 00 0
1205A4 00 00 0
1205A6 00 00 0
1205A8 00 00 0
1205AA 00 00 0
1205AC 00 00 0
1205AE 00 00 0
1205B0 00 00 0
1205B2 00 00 0
1205B4 00 00 0
1205B6 00 00 0
1205B8 00 00 0
1205BA 00 00 0
1205BC 00 00 0
1205BE 00 00 0
1205C0 00 00 0
1205C2 00 00 0
1205C4 00 00 0
1205C6 00 00 0
1205C8 00 00 0
1205CA 00 00 0
1205CC 00 00 0
1205CE 00 00 0
1205D0 00 00 0
1205D2 00 00 0
1205D4 00 00 0
1205D6 00 00 0
1205D8 00 00 0
1205DA 00 00 0
1205DC 00 00 0
1205DE 00 00 0
1205E0 00 00 0
1205E2 00 00 0
1205E4 00 00 0
1205E6 00 00 0
1205E8 00 00 0
1205EA 00 00 0
1205EC 00 00 0
1205EE 00 00 0
1205F0 00 00 0
1205F2 00 00 0
1205F4 00 00 0
1205F6 00 00 0
1205F8 00 00 0
1205FA 00 00 0
1205FC 00 00 0
1205FE 00 00 0
120600 00 00 0
120602 00 00 0
120604 00 00 0
120606 00 00 0
120608 00 00 0
12060A 00 00 0
12060C 00 00 0
12060E 1F E6 8166
120610 00 00 0
120612 00 00 0
120614 00 00 0
120616 00 00 0
120618 00 00 0
12061A 19 66 6502
12061C 00 00 0
12061E 00 00 0
120620 00 00 0
120622 00 00 0
120624 00 00 0
120626 00 00 0
120628 00 00 0
12062A 00 00 0
12062C 00 00 0
12062E 00 00 0
120630 00 00 0
120632 00 00 0
120634 00 00 0
120636 1D 8C 7564
120638 00 00 0
12063A 00 00 0
12063C 00 00 0
12063E 00 00 0
120640 00 00 0
120642 00 00 0
120644 00 00 0
120646 00 00 0
120648 00 00 0
12064A 00 00 0
12064C 00 00 0
12064E 00 00 0
120650 00 00 0
120652 21 7C 8572
120654 00 00 0
120656 00 00 0
120658 00 00 0
12065A 00 00 0
12065C 00 00 0
12065E 00 00 0
120660 00 00 0
120662 00 00 0
120664 00 00 0
120666 00 00 0
120668 00 00 0
12066A 00 00 0
12066C 00 00 0
12066E 00 00 0
120670 00 00 0
120672 00 00 0
120674 00 00 0
120676 00 00 0
120678 00 00 0
12067A 00 00 0
12067C 00 00 0
12067E 00 00 0
120680 00 00 0
120682 00 00 0
120684 00 00 0
120686 00 C6 198
120688 00 08 8
12068A 00 01 1
12068C 01 00 256
12068E 00 04 4
120690 01 01 257
120692 01 01 257
120694 00 00 0
120696 00 01 1
120698 00 01 1
12069A 07 02 1794
12069C 01 01 257
12069E 04 00 1024
1206A0 01 09 265
1206A2 01 01 257
1206A4 01 00 256
1206A6 01 00 256
1206A8 04 00 1024
1206AA 00 00 0
1206AC 00 41 65
1206AE 7F FF 32767
1206B0 18 06 6150
1206B2 40 F6 16630
1206B4 00 04 4
1206B6 00 00 0
1206B8 00 00 0
1206BA 00 01 1
1206BC 00 00 0
1206BE 00 01 1
1206C0 00 00 0
1206C2 00 00 0
1206C4 00 00 0
1206C6 00 04 4
1206C8 00 00 0
1206CA 09 89 2441
1206CC 00 00 0
1206CE 00 14 20
1206D0 00 1E 30
1206D2 84 80 -31616
1206D4 00 00 0
1206D6 00 00 0
1206D8 00 19 25
1206DA 6E 6E 28270
1206DC 00 00 0
1206DE 00 14 20
1206E0 00 00 0
1206E2 00 00 0
1206E4 00 00 0
1206E6 00 01 1
1206E8 2E 21 11809
1206EA 2E 93 11923
1206EC BF F0 -16400
1206EE 00 00 0
1206F0 00 00 0
1206F2 00 00 0
1206F4 00 00 0
1206F6 00 00 0
1206F8 00 00 0
1206FA 00 00 0
1206FC 00 00 0
1206FE 00 00 0
120700 00 00 0
120702 00 00 0
120704 3F F0 16368
120706 00 00 0
120708 00 00 0
12070A 00 00 0
12070C 40 49 16457
12070E 00 00 0
120710 00 00 0
120712 00 00 0
120714 3F F0 16368
120716 00 00 0
120718 00 00 0
12071A 00 00 0
12071C 3F F0 16368
12071E 00 00 0
120720 00 00 0
120722 00 00 0
120724 00 00 0
120726 00 00 0
120728 00 00 0
12072A 00 00 0
12072C 00 00 0
12072E 00 00 0
120730 00 00 0
120732 00 00 0
120734 00 0A 10
120736 FF FF -1
120738 FF FF -1
12073A 00 00 0
12073C 04 00 1024
12073E 0A 38 2616
120740 00 00 0
120742 00 02 2
120744 00 07 7
120746 01 00 256
120748 00 00 0
12074A 01 00 256
12074C 00 55 85
12074E 00 00 0
120750 00 00 0
120752 00 00 0
120754 00 00 0
120756 00 00 0
120758 00 00 0
12075A 00 00 0
12075C 01 78 376
12075E BF F0 -16400
120760 00 00 0
120762 00 00 0
120764 00 00 0
120766 00 01 1
120768 00 01 1
12076A 00 19 25
12076C 6E 6E 28270
12076E 00 00 0
120770 00 00 0
120772 14 BA 5306
120774 00 00 0
120776 00 83 131
120778 00 12 18
12077A 07 80 1920
12077C 00 12 18
12077E 07 86 1926
120780 53 48 21320
120782 4F 52 20306
120784 54 2C 21548
120786 46 55 18005
120788 4C 4C 19532
12078A 2C 00 11264
12078C 00 00 0
12078E 00 00 0
120790 00 00 0
120792 00 00 0
120794 00 00 0
120796 00 00 0
120798 00 00 0
12079A 00 00 0
12079C 00 00 0
12079E 00 00 0
1207A0 00 00 0
1207A2 00 00 0
1207A4 00 00 0
1207A6 00 00 0
1207A8 00 00 0
1207AA 00 00 0
1207AC 00 00 0
1207AE 00 00 0
1207B0 00 00 0
1207B2 00 00 0
1207B4 00 00 0
1207B6 00 00 0
1207B8 00 00 0
1207BA 00 00 0
1207BC 00 00 0
1207BE 00 00 0
1207C0 00 00 0
1207C2 00 00 0
1207C4 00 00 0
1207C6 00 00 0
1207C8 00 00 0
1207CA 00 00 0
1207CC 00 00 0
1207CE 00 00 0
1207D0 00 00 0
1207D2 00 00 0
1207D4 00 00 0
1207D6 00 00 0
1207D8 00 00 0
1207DA 00 00 0
1207DC 00 00 0
1207DE 00 00 0
1207E0 00 00 0
1207E2 00 00 0
1207E4 00 00 0
1207E6 00 00 0
1207E8 00 00 0
1207EA 00 00 0
1207EC 00 00 0
1207EE 00 00 0
1207F0 00 00 0
1207F2 00 00 0
1207F4 00 00 0
1207F6 00 00 0
1207F8 00 00 0
1207FA 00 00 0
1207FC 00 00 0
1207FE 00 00 0
120800 00 00 0
120802 00 00 0
120804 00 00 0
120806 00 00 0
120808 00 00 0
12080A 00 00 0
12080C 00 00 0
12080E 00 00 0
120810 00 00 0
120812 00 00 0
120814 00 00 0
120816 00 00 0
120818 00 00 0
12081A 00 00 0
12081C 00 00 0
12081E 00 00 0
120820 00 00 0
120822 00 00 0
120824 00 00 0
120826 00 00 0
120828 00 00 0
12082A 00 00 0
12082C 00 00 0
12082E 00 00 0
120830 00 00 0
120832 00 00 0
120834 00 00 0
120836 00 00 0
120838 00 00 0
12083A 00 00 0
12083C 00 00 0
12083E 00 00 0
120840 00 00 0
120842 00 00 0
120844 00 00 0
120846 00 00 0
120848 00 00 0
12084A 00 00 0
12084C 00 00 0
12084E 00 00 0
120850 00 00 0
120852 00 00 0
120854 00 00 0
120856 00 00 0
120858 00 00 0
12085A 00 00 0
12085C 00 00 0
12085E 00 00 0
120860 00 00 0
120862 00 00 0
120864 00 00 0
120866 00 00 0
120868 00 00 0
12086A 00 00 0
12086C 00 00 0
12086E 00 00 0
120870 00 00 0
120872 00 00 0
120874 00 00 0
120876 00 00 0
120878 00 00 0
12087A 00 00 0
12087C 00 00 0
12087E 00 00 0
120880 00 00 0
120882 00 00 0
120884 00 00 0
120886 00 00 0
120888 00 00 0
12088A 00 00 0
12088C 00 00 0
12088E 00 00 0
120890 00 00 0
120892 00 00 0
120894 00 00 0
120896 00 00 0
120898 00 00 0
12089A 00 00 0
12089C 00 00 0
12089E 00 00 0
1208A0 00 00 0
1208A2 00 00 0
1208A4 00 00 0
1208A6 00 00 0
1208A8 00 00 0
1208AA 00 00 0
1208AC 00 00 0
1208AE 00 00 0
1208B0 00 00 0
1208B2 00 00 0
1208B4 00 00 0
1208B6 00 00 0
1208B8 00 00 0
1208BA 00 00 0
1208BC 00 00 0
1208BE 00 00 0
1208C0 00 00 0
1208C2 00 00 0
1208C4 00 00 0
1208C6 00 00 0
1208C8 00 00 0
1208CA 00 00 0
1208CC 00 00 0
1208CE 00 00 0
1208D0 00 00 0
1208D2 00 00 0
1208D4 00 00 0
1208D6 00 00 0
1208D8 00 00 0
1208DA 00 00 0
1208DC 00 00 0
1208DE 00 00 0
1208E0 00 00 0
1208E2 00 00 0
1208E4 00 00 0
1208E6 00 00 0
1208E8 00 00 0
1208EA 00 00 0
1208EC 00 00 0
1208EE 00 00 0
1208F0 00 00 0
1208F2 00 00 0
1208F4 00 00 0
1208F6 00 00 0
1208F8 00 00 0
1208FA 00 00 0
1208FC 00 00 0
1208FE 00 00 0
120900 00 00 0
120902 00 00 0
120904 00 00 0
120906 00 00 0
120908 00 00 0
12090A 00 00 0
12090C 00 00 0
12090E 00 00 0
120910 00 00 0
120912 00 00 0
120914 00 00 0
120916 00 00 0
120918 00 00 0
12091A 00 00 0
12091C 00 00 0
12091E 00 00 0
120920 00 00 0
120922 00 00 0
120924 00 00 0
120926 00 00 0
120928 00 00 0
12092A 00 00 0
12092C 00 00 0
12092E 00 00 0
120930 00 00 0
120932 00 00 0
120934 00 00 0
120936 00 00 0
120938 00 00 0
12093A 00 00 0
12093C 00 00 0
12093E 00 00 0
120940 00 00 0
120942 00 00 0
120944 00 00 0
120946 00 00 0
120948 00 00 0
12094A 00 00 0
12094C 00 00 0
12094E 00 00 0
120950 00 00 0
120952 00 00 0
120954 00 00 0
120956 00 00 0
120958 00 00 0
12095A 00 00 0
12095C 00 00 0
12095E 00 00 0
120960 00 00 0
120962 00 00 0
120964 00 00 0
120966 00 00 0
120968 00 00 0
12096A 00 00 0
12096C 00 00 0
12096E 00 00 0
120970 00 00 0
120972 00 00 0
120974 00 00 0
120976 00 00 0
120978 00 00 0
12097A 00 00 0
12097C 00 00 0
12097E 00 00 0
120980 00 00 0
120982 82 FE -32002
120984 00 00 0
120986 8C 46 -29626
120988 00 CB 203
12098A 00 00 0
12098C 00 02 2
12098E 00 00 0
120990 6A 28 27176
120992 00 00 0
120994 4E 55 20053
120996 20 00 8192
120998 00 4C 76
12099A 4C 0A 19466
12099C 00 0A 10
12099E 00 00 0
1209A0 30 30 12336
1209A2 30 30 12336
1209A4 30 30 12336
1209A6 0A 00 2560
1209A8 42 2A 16938
1209AA 36 8E 13966
1209AC 00 00 0
1209AE 00 00 0
1209B0 00 00 0
1209B2 00 00 0
1209B4 48 63 18531
1209B6 FF ED -19
1209B8 FE 0C -500
1209BA E1 D2 -7726
1209BC 00 00 0
1209BE 00 40 64
1209C0 00 00 0
1209C2 00 00 0
1209C4 00 7C 124
1209C6 8A BE -30018
1209C8 4F B5 20405
1209CA A9 71 -22159
1209CC 00 00 0
1209CE 00 00 0
1209D0 00 00 0
1209D2 00 00 0
1209D4 29 06 10502
1209D6 10 92 4242
1209D8 93 5A -27814
1209DA 61 3B 24891
1209DC 00 00 0
1209DE 00 00 0
1209E0 00 00 0
1209E2 00 00 0
1209E4 0C 10 3088
1209E6 6B BD 27581
1209E8 29 FE 10750
1209EA BA C7 -17721
1209EC 00 00 0
1209EE 00 00 0
1209F0 00 00 0
1209F2 00 00 0
1209F4 B0 C1 -20287
1209F6 5F E4 24548
1209F8 F1 FB -3589
1209FA 10 90 4240
1209FC 00 00 0
1209FE 00 04 4
120A00 00 00 0
120A02 00 00 0
120A04 CB 21 -13535
120A06 9F AA -24662
120A08 B0 05 -20475
120A0A C0 B4 -16204
120A0C 00 00 0
120A0E 00 00 0
120A10 00 00 0
120A12 00 00 0
120A14 00 00 0
120A16 00 21 33
120A18 00 00 0
120A1A 00 00 0
120A1C 05 00 1280
120A1E 20 20 8224
120A20 20 2E 8238
120A22 20 20 8224
120A24 20 20 8224
120A26 20 20 8224
120A28 20 20 8224
120A2A 56 20 22048
120A2C 44 43 17475
120A2E 20 20 8224
120A30 20 20 8224
120A32 20 20 8224
120A34 20 20 8224
120A36 20 20 8224
120A38 20 20 8224
120A3A 20 20 8224
120A3C 20 20 8224
120A3E 20 20 8224
120A40 20 20 8224
120A42 20 20 8224
120A44 20 20 8224
120A46 20 20 8224
120A48 20 20 8224
120A4A 20 20 8224
120A4C 20 20 8224
120A4E 20 20 8224
120A50 20 20 8224
120A52 20 20 8224
120A54 20 20 8224
120A56 20 20 8224
120A58 20 20 8224
120A5A 20 20 8224
120A5C 20 20 8224
120A5E 20 20 8224
120A60 20 20 8224
120A62 20 20 8224
120A64 20 20 8224
120A66 20 20 8224
120A68 20 20 8224
120A6A 20 20 8224
120A6C 20 20 8224
120A6E 20 20 8224
120A70 20 20 8224
120A72 20 20 8224
120A74 20 20 8224
120A76 20 20 8224
120A78 20 20 8224
120A7A 20 20 8224
120A7C 20 20 8224
120A7E 20 20 8224
120A80 20 20 8224
120A82 20 20 8224
120A84 20 20 8224
120A86 20 20 8224
120A88 20 20 8224
120A8A 20 20 8224
120A8C 20 20 8224
120A8E 20 20 8224
120A90 20 20 8224
120A92 20 20 8224
120A94 20 20 8224
120A96 20 20 8224
120A98 20 20 8224
120A9A 20 20 8224
120A9C 20 20 8224
120A9E 20 20 8224
120AA0 20 20 8224
120AA2 20 20 8224
120AA4 20 20 8224
120AA6 20 20 8224
120AA8 20 20 8224
120AAA 20 20 8224
120AAC 20 20 8224
120AAE 20 20 8224
120AB0 20 20 8224
120AB2 20 20 8224
120AB4 20 20 8224
120AB6 20 20 8224
120AB8 20 20 8224
120ABA 20 20 8224
120ABC 20 20 8224
120ABE 20 20 8224
120AC0 20 20 8224
120AC2 20 20 8224
120AC4 20 20 8224
120AC6 20 20 8224
120AC8 20 20 8224
120ACA 20 20 8224
120ACC 20 20 8224
120ACE 20 20 8224
120AD0 20 20 8224
120AD2 20 20 8224
120AD4 20 20 8224
120AD6 20 20 8224
120AD8 20 20 8224
120ADA 20 20 8224
120ADC 20 20 8224
120ADE 20 20 8224
120AE0 20 20 8224
120AE2 20 20 8224
120AE4 20 20 8224
120AE6 20 20 8224
120AE8 20 20 8224
120AEA 20 20 8224
120AEC 20 20 8224
120AEE 20 20 8224
120AF0 20 20 8224
120AF2 20 20 8224
120AF4 20 20 8224
120AF6 20 20 8224
120AF8 20 20 8224
120AFA 20 20 8224
120AFC 20 20 8224
120AFE 20 20 8224
120B00 20 20 8224
120B02 20 20 8224
120B04 20 20 8224
120B06 20 20 8224
120B08 20 20 8224
120B0A 20 20 8224
120B0C 20 20 8224
120B0E 20 20 8224
120B10 20 20 8224
120B12 20 20 8224
120B14 20 20 8224
120B16 20 20 8224
120B18 20 20 8224
120B1A 20 20 8224
120B1C 20 20 8224
120B1E 00 10 16
120B20 00 00 0
120B22 00 04 4
120B24 00 01 1
120B26 00 01 1
120B28 00 00 0
120B2A 00 00 0
120B2C 00 00 0
120B2E 00 00 0
120B30 00 00 0
120B32 00 00 0
120B34 00 00 0
120B36 00 01 1
120B38 00 00 0
120B3A 00 00 0
120B3C 00 00 0
120B3E 00 00 0
120B40 00 00 0
120B42 00 00 0
120B44 00 00 0
120B46 00 00 0
120B48 00 00 0
120B4A 00 00 0
120B4C 00 01 1
120B4E 00 00 0
120B50 01 00 256
120B52 00 00 0
120B54 00 00 0
120B56 00 00 0
120B58 00 00 0
120B5A 00 00 0
120B5C 00 00 0
120B5E 00 01 1
120B60 00 00 0
120B62 00 00 0
120B64 00 00 0
120B66 00 00 0
120B68 00 00 0
120B6A 00 00 0
120B6C 00 00 0
120B6E 00 00 0
120B70 00 00 0
120B72 00 00 0
120B74 94 18 -27624
120B76 C2 03 -15869
120B78 02 A9 681
120B7A 1F 40 8000
120B7C FF FF -1
120B7E FF FF -1
120B80 92 8E -28018
120B82 00 00 0
120B84 00 10 16
120B86 00 00 0
120B88 00 00 0
120B8A 00 00 0
120B8C 00 00 0
120B8E 00 00 0
120B90 00 00 0
120B92 00 00 0
120B94 00 00 0
120B96 00 00 0
120B98 00 00 0
120B9A 00 00 0
120B9C 00 00 0
120B9E 00 00 0
120BA0 00 00 0
120BA2 00 00 0
120BA4 00 00 0
120BA6 00 00 0
120BA8 00 00 0
120BAA 00 00 0
120BAC 00 00 0
120BAE 00 00 0
120BB0 00 00 0
120BB2 00 00 0
120BB4 00 08 8
120BB6 00 00 0
120BB8 00 00 0
120BBA 00 00 0
120BBC 00 00 0
120BBE 00 00 0
120BC0 00 00 0
120BC2 00 12 18
120BC4 65 96 26006
120BC6 01 EF 495
120BC8 00 12 18
120BCA 67 A6 26534
120BCC 00 00 0
120BCE 00 00 0
120BD0 00 00 0
120BD2 00 00 0
120BD4 00 12 18
120BD6 B0 26 -20442
120BD8 00 00 0
120BDA 00 00 0
120BDC 00 00 0
120BDE 00 08 8
120BE0 00 00 0
120BE2 00 00 0
120BE4 30 A1 12449
120BE6 FF FF -1
120BE8 00 00 0
120BEA FF FF -1
120BEC FF FF -1
120BEE FF FF -1
120BF0 FF FF -1
120BF2 FF FF -1
120BF4 FF FF -1
120BF6 FF FF -1
120BF8 FF FF -1
120BFA 00 00 0
120BFC FF FF -1
120BFE FF FF -1
120C00 FF FF -1
120C02 FF FF -1
120C04 00 12 18
120C06 27 32 10034
120C08 00 12 18
120C0A 27 52 10066
120C0C 00 12 18
120C0E 27 72 10098
120C10 00 12 18
120C12 27 92 10130
120C14 00 12 18
120C16 27 B2 10162
120C18 00 12 18
120C1A 27 D2 10194
120C1C 00 12 18
120C1E 27 F2 10226
120C20 00 12 18
120C22 28 12 10258
120C24 00 12 18
120C26 28 32 10290
120C28 00 12 18
120C2A 28 52 10322
120C2C 00 12 18
120C2E 28 72 10354
120C30 00 12 18
120C32 28 92 10386
120C34 00 12 18
120C36 28 B2 10418
120C38 00 12 18
120C3A 28 D2 10450
120C3C 00 12 18
120C3E 28 F2 10482
120C40 00 00 0
120C42 00 00 0
120C44 00 00 0
120C46 00 00 0
120C48 00 00 0
120C4A 00 00 0
120C4C 00 00 0
120C4E 00 00 0
120C50 00 00 0
120C52 00 00 0
120C54 00 00 0
120C56 00 00 0
120C58 00 00 0
120C5A 00 00 0
120C5C 00 00 0
120C5E 00 01 1
120C60 00 00 0
120C62 00 00 0
120C64 00 00 0
120C66 03 D3 979
120C68 2F 3A 12090
120C6A 21 65 8549
120C6C 00 00 0
120C6E 00 00 0
120C70 00 00 0
120C72 00 00 0
120C74 00 01 1
120C76 00 00 0
120C78 00 00 0
120C7A 00 00 0
120C7C 00 01 1
120C7E 00 01 1
120C80 00 01 1
120C82 00 01 1
120C84 00 01 1
120C86 00 00 0
120C88 00 00 0
120C8A 00 00 0
120C8C 00 01 1
120C8E 00 00 0
120C90 00 00 0
120C92 00 00 0
120C94 00 00 0
120C96 00 01 1
120C98 00 01 1
120C9A 00 00 0
120C9C 00 01 1
120C9E 00 10 16
120CA0 00 00 0
120CA2 00 00 0
120CA4 00 00 0
120CA6 00 01 1
120CA8 00 01 1
120CAA 00 01 1
120CAC 00 01 1
120CAE 00 00 0
120CB0 00 01 1
120CB2 00 01 1
120CB4 00 00 0
120CB6 00 00 0
120CB8 00 00 0
120CBA 00 01 1
120CBC 00 01 1
120CBE 00 01 1
120CC0 00 00 0
120CC2 00 00 0
120CC4 00 01 1
120CC6 00 01 1
120CC8 00 00 0
120CCA 00 00 0
120CCC 00 00 0
120CCE 00 00 0
120CD0 00 01 1
120CD2 00 01 1
120CD4 00 01 1
120CD6 00 00 0
120CD8 00 00 0
120CDA 00 01 1
120CDC 00 00 0
120CDE 00 00 0
120CE0 00 00 0
120CE2 00 00 0
120CE4 00 01 1
120CE6 00 01 1
120CE8 00 00 0
120CEA 00 00 0
120CEC 00 00 0
120CEE 00 01 1
120CF0 00 00 0
120CF2 00 00 0
120CF4 00 00 0
120CF6 00 01 1
120CF8 00 01 1
120CFA 00 01 1
120CFC 00 01 1
120CFE 00 01 1
120D00 00 01 1
120D02 00 01 1
120D04 00 00 0
120D06 00 00 0
120D08 00 00 0
120D0A 00 01 1
120D0C 00 01 1
120D0E 00 01 1
120D10 00 00 0
120D12 00 01 1
120D14 00 01 1
120D16 00 01 1
120D18 00 00 0
120D1A 00 00 0
120D1C 00 00 0
120D1E 00 00 0
120D20 00 01 1
120D22 00 01 1
120D24 00 01 1
120D26 00 01 1
120D28 00 00 0
120D2A 00 01 1
120D2C 00 00 0
120D2E 00 00 0
120D30 00 00 0
120D32 00 00 0
120D34 00 01 1
120D36 00 01 1
120D38 00 00 0
120D3A 00 01 1
120D3C 00 00 0
120D3E 00 01 1
120D40 00 00 0
120D42 00 00 0
120D44 00 05 5
120D46 58 E0 22752
120D48 00 05 5
120D4A 07 50 1872
120D4C 00 01 1
120D4E AB CC -21556
120D50 00 00 0
120D52 00 01 1
120D54 01 00 256
120D56 00 01 1
120D58 AE F4 -20748
120D5A 00 05 5
120D5C 0A 0E 2574
120D5E 00 05 5
120D60 58 E0 22752
120D62 00 05 5
120D64 10 D2 4306
120D66 00 02 2
120D68 6B 74 27508
120D6A 00 01 1
120D6C A6 DA -22822
120D6E 18 78 6264
120D70 00 00 0
120D72 00 08 8
120D74 41 A7 16807
120D76 4A F0 19184
120D78 40 A8 16552
120D7A D6 83 -10621
120D7C 9C AB -25429
120D7E 3B 3A 15162
120D80 20 32 8242
120D82 2E 36 11830
120D84 30 39 12345
120D86 37 35 14133
120D88 32 34 12852
120D8A 32 39 12857
120D8C 45 2B 17707
120D8E 30 33 12339
120D90 00 00 0
120D92 00 00 0
120D94 00 3E 62
120D96 20 20 8224
120D98 20 2E 8238
120D9A 20 20 8224
120D9C 20 20 8224
120D9E 20 20 8224
120DA0 20 20 8224
120DA2 56 20 22048
120DA4 44 43 17475
120DA6 00 38 56
120DA8 40 00 16384
120DAA 01 00 256
120DAC 00 00 0
120DAE 00 13 19
120DB0 00 00 0
120DB2 00 13 19
120DB4 00 00 0
120DB6 00 12 18
120DB8 B0 00 -20480
120DBA 00 12 18
120DBC B0 00 -20480
120DBE 00 12 18
120DC0 B0 00 -20480
120DC2 00 12 18
120DC4 B0 00 -20480
120DC6 00 12 18
120DC8 B0 00 -20480
120DCA 00 12 18
120DCC B0 00 -20480
120DCE 00 12 18
120DD0 B0 00 -20480
120DD2 00 12 18
120DD4 B0 00 -20480
120DD6 00 12 18
120DD8 B0 00 -20480
120DDA 00 12 18
120DDC B0 00 -20480
120DDE 00 12 18
120DE0 B0 00 -20480
120DE2 00 12 18
120DE4 B0 00 -20480
120DE6 36 94 13972
120DE8 53 7E 21374
120DEA 00 12 18
120DEC B0 04 -20476
120DEE 00 12 18
120DF0 B0 0C -20468
120DF2 00 00 0
120DF4 00 00 0
120DF6 00 12 18
120DF8 B0 0C -20468
120DFA 00 00 0
120DFC 00 04 4
120DFE 01 00 256
120E00 00 00 0
120E02 3F 20 16160
120E04 00 00 0
120E06 00 00 0
120E08 00 00 0
120E0A 10 00 4096
120E0C 00 00 0
120E0E 00 00 0
120E10 00 00 0
120E12 00 00 0
120E14 62 12 25106
120E16 81 05 -32507
120E18 A7 57 -22697
120E1A 84 E0 -31520
120E1C 00 00 0
120E1E 00 8A 138
120E20 00 00 0
120E22 00 00 0
120E24 48 40 18496
120E26 01 DE 478
120E28 FE A8 -344
120E2A 00 06 6
120E2C 00 00 0
120E2E 00 00 0
120E30 00 02 2
120E32 00 00 0
120E34 97 B2 -26702
120E36 06 AC 1708
120E38 AF 78 -20616
120E3A 00 01 1
120E3C 00 00 0
120E3E 00 10 16
120E40 00 00 0
120E42 00 00 0
120E44 5B 44 23364
120E46 11 15 4373
120E48 6B C7 27591
120E4A 04 41 1089
120E4C 00 00 0
120E4E 00 00 0
120E50 00 00 0
120E52 00 00 0
120E54 74 10 29712
120E56 4C D6 19670
120E58 FB 4B -1205
120E5A 80 51 -32687
120E5C 00 00 0
120E5E 00 00 0
120E60 00 00 0
120E62 00 00 0
120E64 8C 90 -29552
120E66 40 AF 16559
120E68 E5 06 -6906
120E6A 00 89 137
120E6C 00 00 0
120E6E 00 20 32
120E70 00 00 0
120E72 00 00 0
120E74 3D 6A 15722
120E76 00 19 25
120E78 5F 89 24457
120E7A 00 51 81
120E7C 00 00 0
120E7E 00 00 0
120E80 00 10 16
120E82 00 00 0
120E84 CA 02 -13822
120E86 CC EC -13076
120E88 FA 49 -1463
120E8A 00 80 128
120E8C 00 00 0
120E8E 00 00 0
120E90 00 00 0
120E92 00 00 0
120E94 62 04 25092
120E96 08 5E 2142
120E98 DF CF -8241
120E9A 88 DC -30500
120E9C 00 00 0
120E9E 00 01 1
120EA0 00 00 0
120EA2 00 00 0
120EA4 11 08 4360
120EA6 24 3B 9275
120EA8 C3 AB -15445
120EAA 3E 58 15960
120EAC 00 00 0
120EAE 00 00 0
120EB0 00 00 0
120EB2 00 00 0
120EB4 2F 0C 12044
120EB6 8D 1B -29413
120EB8 A5 97 -23145
120EBA 0A CC 2764
120EBC 00 00 0
120EBE 00 00 0
120EC0 00 00 0
120EC2 00 00 0
120EC4 62 91 25233
120EC6 07 70 1904
120EC8 B2 68 -19864
120ECA 10 00 4096
120ECC 00 00 0
120ECE 00 41 65
120ED0 00 00 0
120ED2 30 0D 12301
120ED4 33 30 13104
120ED6 34 0D 13325
120ED8 0A 00 2560
120EDA 00 00 0
120EDC 52 22 21026
120EDE 0D 0A 3338
120EE0 00 FF 255
120EE2 FF FF -1
120EE4 FF FF -1
120EE6 FF FF -1
120EE8 FF FF -1
120EEA FF FF -1
120EEC FF FF -1
120EEE FF FF -1
120EF0 FF FF -1
120EF2 FF FF -1
120EF4 FF FF -1
120EF6 FF FF -1
120EF8 FF FF -1
120EFA FF FF -1
120EFC FF FF -1
120EFE FF FF -1
120F00 FF FF -1
120F02 FF FF -1
120F04 FF FF -1
120F06 FF FF -1
120F08 FF 22 -222
120F0A 0D 0A 3338
120F0C 00 2B 43
120F0E 22 00 8704
120F10 00 00 0
120F12 00 00 0
120F14 B2 20 -19936
120F16 40 1B 16411
120F18 77 30 30512
120F1A D4 08 -11256
120F1C 00 00 0
120F1E 00 00 0
120F20 00 04 4
120F22 00 00 0
120F24 19 07 6407
120F26 3A CE 15054
120F28 43 D8 17368
120F2A 55 DA 21978
120F2C 00 00 0
120F2E 00 48 72
120F30 00 00 0
120F32 00 00 0
120F34 00 40 64
120F36 E0 73 -8077
120F38 46 15 17941
120F3A 40 E0 16608
120F3C 00 00 0
120F3E 00 00 0
120F40 00 00 0
120F42 00 00 0
120F44 50 8A 20618
120F46 9F A4 -24668
120F48 0D AF 3503
120F4A 8B 01 -29951
120F4C 00 00 0
120F4E 00 08 8
120F50 00 00 0
120F52 00 00 0
120F54 D6 2B -10709
120F56 6C DC 27868
120F58 A4 28 -23512
120F5A 90 6D -28563
120F5C 00 00 0
120F5E 00 00 0
120F60 00 00 0
120F62 00 00 0
120F64 ED 57 -4777
120F66 05 BB 1467
120F68 7F B6 32694
120F6A 43 48 17224
120F6C 00 00 0
120F6E 00 01 1
120F70 00 00 0
120F72 00 00 0
120F74 02 80 640
120F76 9A C1 -25919
120F78 9B B7 -25673
120F7A 84 59 -31655
120F7C 00 00 0
120F7E 00 00 0
120F80 00 00 0
120F82 00 00 0
120F84 A8 01 -22527
120F86 BD 81 -17023
120F88 F4 DA -2854
120F8A 04 8E 1166
120F8C 00 00 0
120F8E 00 8C 140
120F90 00 00 0
120F92 00 00 0
120F94 88 80 -30592
120F96 A7 48 -22712
120F98 E0 8E -8050
120F9A 84 05 -31739
120F9C 00 00 0
120F9E 00 00 0
120FA0 00 00 0
120FA2 00 00 0
120FA4 41 25 16677
120FA6 C8 FA -14086
120FA8 AC 2B -21461
120FAA 81 24 -32476
120FAC 00 00 0
120FAE 00 00 0
120FB0 00 00 0
120FB2 00 00 0
120FB4 97 04 -26876
120FB6 03 0B 779
120FB8 89 8A -30326
120FBA E4 C8 -6968
120FBC 00 00 0
120FBE 00 00 0
120FC0 00 00 0
120FC2 00 00 0
120FC4 F2 B8 -3400
120FC6 34 59 13401
120FC8 F7 7F -2177
120FCA 0B A4 2980
120FCC 00 00 0
120FCE 00 00 0
120FD0 00 00 0
120FD2 00 00 0
120FD4 00 10 16
120FD6 D8 39 -10183
120FD8 EE 02 -4606
120FDA 0A 34 2612
120FDC 00 00 0
120FDE 00 00 0
120FE0 00 00 0
120FE2 00 00 0
120FE4 00 30 48
120FE6 2E B0 11952
120FE8 C7 4E -14514
120FEA 15 C0 5568
120FEC 00 00 0
120FEE 00 00 0
120FF0 00 00 0
120FF2 00 00 0
120FF4 07 40 1856
120FF6 06 B3 1715
120FF8 40 03 16387
120FFA 54 09 21513
120FFC 00 00 0
120FFE 00 00 0
121000 00 20 32
121002 00 00 0
121004 24 30 9264
121006 A2 87 -23929
121008 AF 4E -20658
12100A 00 2A 42
12100C 00 00 0
12100E 00 20 32
121010 00 00 0
121012 00 00 0
121014 8C 21 -29663
121016 68 7A 26746
121018 71 8A 29066
12101A 08 4D 2125
12101C 00 00 0
12101E 00 00 0
121020 00 00 0
121022 00 00 0
121024 C8 45 -14267
121026 04 A3 1187
121028 D7 C7 -10297
12102A 08 EA 2282
12102C 00 00 0
12102E 00 02 2
121030 00 20 32
121032 00 00 0
121034 B8 64 -18332
121036 00 5E 94
121038 2B 73 11123
12103A 00 C8 200
12103C 00 00 0
12103E 00 20 32
121040 00 00 0
121042 00 00 0
121044 AE A8 -20824
121046 00 5D 93
121048 D6 F8 -10504
12104A 00 40 64
12104C 00 00 0
12104E 00 80 128
121050 00 00 0
121052 00 00 0
121054 D1 28 -11992
121056 15 FA 5626
121058 A4 06 -23546
12105A 84 B2 -31566
12105C 00 00 0
12105E 00 04 4
121060 00 00 0
121062 FF FF -1
121064 FF FF -1
121066 FF FF -1
121068 FF FF -1
12106A FF FF -1
12106C FF FF -1
12106E FF FF -1
121070 FF FF -1
121072 FF FF -1
121074 FF FF -1
121076 FF FF -1
121078 FF FF -1
12107A FF FF -1
12107C FF FF -1
12107E FF FF -1
121080 FF FF -1
121082 FF FF -1
121084 FF FF -1
121086 FF FF -1
121088 FF FF -1
12108A FF FF -1
12108C FF FF -1
12108E FF FF -1
121090 FF FF -1
121092 FF FF -1
121094 FF FF -1
121096 FF FF -1
121098 00 00 0
12109A 00 00 0
12109C 00 00 0
12109E 00 00 0
1210A0 00 00 0
1210A2 00 00 0
1210A4 00 00 0
1210A6 00 00 0
1210A8 00 00 0
1210AA 00 00 0
1210AC 00 00 0
1210AE 00 00 0
1210B0 00 00 0
1210B2 00 00 0
1210B4 51 8C 20876
1210B6 01 00 256
1210B8 00 00 0
1210BA 00 00 0
1210BC 30 0D 12301
1210BE 33 30 13104
1210C0 34 0D 13325
1210C2 0A 00 2560
1210C4 00 00 0
1210C6 52 22 21026
1210C8 0D 0A 3338
1210CA 00 FF 255
1210CC FF FF -1
1210CE FF FF -1
1210D0 FF FF -1
1210D2 FF FF -1
1210D4 FF FF -1
1210D6 FF FF -1
1210D8 FF FF -1
1210DA FF FF -1
1210DC FF FF -1
1210DE FF FF -1
1210E0 FF FF -1
1210E2 FF FF -1
1210E4 FF FF -1
1210E6 FF FF -1
1210E8 FF FF -1
1210EA FF FF -1
1210EC FF FF -1
1210EE FF FF -1
1210F0 FF FF -1
1210F2 FF 22 -222
1210F4 0D 0A 3338
1210F6 00 9F 159
1210F8 DC E3 -8989
1210FA 20 3D 8253
1210FC 00 00 0
1210FE 00 85 133
121100 00 00 0
121102 00 00 0
121104 4F 10 20240
121106 54 92 21650
121108 B6 61 -18847
12110A 12 CF 4815
12110C 00 00 0
12110E 00 00 0
121110 00 00 0
121112 00 00 0
121114 86 A0 -31072
121116 44 48 17480
121118 06 5F 1631
12111A 00 EA 234
12111C 00 00 0
12111E 00 40 64
121120 00 00 0
121122 00 01 1
121124 71 21 28961
121126 A2 D3 -23853
121128 8B 5E -29858
12112A 02 02 514
12112C 00 00 0
12112E 00 00 0
121130 00 00 0
121132 00 00 0
121134 10 B3 4275
121136 80 2B -32725
121138 7D D9 32217
12113A 72 12 29202
12113C 00 00 0
12113E 00 08 8
121140 00 00 0
121142 00 00 0
121144 43 18 17176
121146 3B AE 15278
121148 AC 31 -21455
12114A 18 05 6149
12114C 00 00 0
12114E 00 00 0
121150 00 00 0
121152 00 20 32
121154 20 0A 8202
121156 91 97 -28265
121158 90 27 -28633
12115A 52 01 20993
12115C 00 00 0
12115E 00 08 8
121160 00 00 0
121162 00 00 0
121164 C7 81 -14463
121166 17 56 5974
121168 EB 2D -5331
12116A 80 51 -32687
12116C 00 00 0
12116E 00 00 0
121170 00 00 0
121172 00 00 0
121174 01 01 257
121176 11 E3 4579
121178 6F 05 28421
12117A 00 D6 214
12117C 00 00 0
12117E 00 01 1
121180 00 00 0
121182 00 00 0
121184 88 4D -30643
121186 03 22 802
121188 D1 A3 -11869
12118A 18 00 6144
12118C 00 00 0
12118E 00 08 8
121190 00 00 0
121192 00 00 0
121194 8E 07 -29177
121196 07 4A 1866
121198 0A E5 2789
12119A 08 61 2145
12119C 00 00 0
12119E 01 10 272
1211A0 00 00 0
1211A2 00 00 0
1211A4 65 42 25922
1211A6 8C 2D -29651
1211A8 3D F2 15858
1211AA 40 72 16498
1211AC 00 00 0
1211AE 00 00 0
1211B0 00 00 0
1211B2 00 00 0
1211B4 30 FD 12541
1211B6 4B DF 19423
1211B8 B5 54 -19116
1211BA 54 C4 21700
1211BC 00 00 0
1211BE 00 00 0
1211C0 00 00 0
1211C2 00 00 0
1211C4 B8 0D -18419
1211C6 51 BA 20922
1211C8 DE C6 -8506
1211CA C1 06 -16122
1211CC 00 00 0
1211CE 00 00 0
1211D0 00 00 0
1211D2 00 00 0
1211D4 A7 68 -22680
1211D6 10 7A 4218
1211D8 7A 81 31361
1211DA C0 04 -16380
1211DC 00 00 0
1211DE 00 00 0
1211E0 00 00 0
1211E2 00 00 0
1211E4 30 50 12368
1211E6 F8 AA -1878
1211E8 D4 E7 -11033
1211EA 34 87 13447
1211EC 00 00 0
1211EE 00 00 0
1211F0 00 00 0
1211F2 00 00 0
1211F4 20 62 8290
1211F6 09 C9 2505
1211F8 0B D4 3028
1211FA 1C EC 7404
1211FC 00 00 0
1211FE 00 30 48
121200 00 00 0
121202 00 00 0
121204 82 31 -32207
121206 A0 3A -24518
121208 FD D5 -555
12120A 00 B2 178
12120C 00 00 0
12120E 20 04 8196
121210 00 00 0
121212 00 00 0
121214 99 A8 -26200
121216 54 4F 21583
121218 2F 48 12104
12121A 0C 25 3109
12121C 00 00 0
12121E 00 00 0
121220 00 00 0
121222 00 00 0
121224 66 00 26112
121226 00 D7 215
121228 5F 86 24454
12122A 28 02 10242
12122C 00 00 0
12122E 00 A0 160
121230 20 00 8192
121232 00 00 0
121234 56 CD 22221
121236 80 D5 -32555
121238 FF E7 -25
12123A 00 08 8
12123C 00 00 0
12123E 00 00 0
121240 00 00 0
121242 00 00 0
121244 4C 10 19472
121246 0B 79 2937
121248 33 1E 13086
12124A 19 C8 6600
12124C 00 00 0
12124E 00 00 0
121250 52 00 20992
121252 45 00 17664
121254 53 00 21248
121256 45 00 17664
121258 54 00 21504
12125A 0D 00 3328
12125C 0A 00 2560
12125E 54 00 21504
121260 45 00 17664
121262 4D 00 19712
121264 50 00 20480
121266 3F 00 16128
121268 0D 00 3328
12126A 0A 00 2560
12126C 20 00 8192
12126E 54 00 21504
121270 4F 00 20224
121272 20 00 8192
121274 4C 00 19456
121276 4F 00 20224
121278 47 00 18176
12127A 20 00 8192
12127C 4F 00 20224
12127E 46 00 17920
121280 46 00 17920
121282 0D 00 3328
121284 0A 00 2560
121286 30 00 12288
121288 31 00 12544
12128A 3B 00 15104
12128C 41 00 16640
12128E 43 00 17152
121290 42 00 16896
121292 41 00 16640
121294 4E 00 19968
121296 44 00 17408
121298 20 00 8192
12129A 31 00 12544
12129C 30 00 12288
12129E 2C 00 11264
1212A0 31 00 12544
1212A2 45 00 17664
1212A4 36 00 13824
1212A6 3B 00 15104
1212A8 54 00 21504
1212AA 20 00 8192
1212AC 34 00 13312
1212AE 3B 00 15104
1212B0 4D 00 19712
1212B2 41 00 16640
1212B4 54 00 21504
1212B6 48 00 18432
1212B8 20 00 8192
1212BA 31 00 12544
1212BC 34 00 13312
1212BE 3B 00 15104
1212C0 4E 00 19968
1212C2 52 00 20992
1212C4 44 00 17408
1212C6 47 00 18176
1212C8 53 00 21248
1212CA 20 00 8192
1212CC 31 00 12544
1212CE 2C 00 11264
1212D0 41 00 16640
1212D2 55 00 21760
1212D4 54 00 21504
1212D6 4F 00 20224
1212D8 0D 00 3328
1212DA 0A 00 2560
1212DC 31 00 12544
1212DE 2C 00 11264
1212E0 41 00 16640
1212E2 55 00 21760
1212E4 54 00 21504
1212E6 4F 00 20224
1212E8 0D 00 3328
1212EA 0A 00 2560
1212EC 00 00 0
1212EE 00 00 0
1212F0 00 00 0
1212F2 00 00 0
1212F4 01 01 257
1212F6 34 DE 13534
1212F8 68 C6 26822
1212FA 04 CB 1227
1212FC 00 00 0
1212FE 00 04 4
121300 00 00 0
121302 00 00 0
121304 38 10 14352
121306 C7 98 -14440
121308 56 AF 22191
12130A 74 00 29696
12130C 00 00 0
12130E 00 00 0
121310 00 00 0
121312 00 00 0
121314 93 C0 -27712
121316 C3 F5 -15371
121318 BB 84 -17532
12131A 0F E0 4064
12131C 00 00 0
12131E 00 80 128
121320 00 00 0
121322 00 00 0
121324 80 07 -32761
121326 36 FB 14075
121328 B6 F8 -18696
12132A 41 AE 16814
12132C 00 00 0
12132E 00 00 0
121330 00 00 0
121332 00 00 0
121334 11 DC 4572
121336 02 7F 639
121338 62 51 25169
12133A 50 D8 20696
12133C 00 00 0
12133E 00 40 64
121340 00 00 0
121342 00 00 0
121344 08 20 2080
121346 A5 CA -23094
121348 AA 6A -21910
12134A 01 32 306
12134C 00 00 0
12134E 00 00 0
121350 44 00 17408
121352 49 00 18688
121354 53 00 21248
121356 50 00 20480
121358 20 00 8192
12135A 4D 00 19712
12135C 53 00 21248
12135E 47 00 18176
121360 22 00 8704
121362 52 00 20992
121364 45 00 17664
121366 41 00 16640
121368 44 00 17408
12136A 59 00 22784
12136C 20 00 8192
12136E 54 00 21504
121370 4F 00 20224
121372 20 00 8192
121374 4C 00 19456
121376 4F 00 20224
121378 47 00 18176
12137A 20 00 8192
12137C 4F 00 20224
12137E 46 00 17920
121380 46 00 17920
121382 0D 00 3328
121384 0A 00 2560
121386 30 00 12288
121388 30 00 12288
12138A 31 00 12544
12138C 3B 00 15104
12138E 41 00 16640
121390 43 00 17152
121392 42 00 16896
121394 41 00 16640
121396 4E 00 19968
121398 44 00 17408
12139A 20 00 8192
12139C 31 00 12544
12139E 30 00 12288
1213A0 2C 00 11264
1213A2 31 00 12544
1213A4 45 00 17664
1213A6 36 00 13824
1213A8 3B 00 15104
1213AA 54 00 21504
1213AC 20 00 8192
1213AE 34 00 13312
1213B0 3B 00 15104
1213B2 4D 00 19712
1213B4 41 00 16640
1213B6 54 00 21504
1213B8 48 00 18432
1213BA 20 00 8192
1213BC 31 00 12544
1213BE 34 00 13312
1213C0 3B 00 15104
1213C2 4E 00 19968
1213C4 52 00 20992
1213C6 44 00 17408
1213C8 47 00 18176
1213CA 53 00 21248
1213CC 20 00 8192
1213CE 31 00 12544
1213D0 2C 00 11264
1213D2 41 00 16640
1213D4 55 00 21760
1213D6 54 00 21504
1213D8 4F 00 20224
1213DA 0D 00 3328
1213DC 0A 00 2560
1213DE 44 00 17408
1213E0 47 00 18176
1213E2 53 00 21248
1213E4 20 00 8192
1213E6 31 00 12544
1213E8 0D 00 3328
1213EA 0A 00 2560
1213EC 00 00 0
1213EE 00 02 2
1213F0 00 00 0
1213F2 00 00 0
1213F4 C1 40 -16064
1213F6 12 18 4632
1213F8 E6 54 -6572
1213FA 8C B4 -29516
1213FC 00 00 0
1213FE 00 00 0
121400 00 00 0
121402 00 00 0
121404 72 90 29328
121406 10 8D 4237
121408 9D 43 -25277
12140A 00 9A 154
12140C 00 00 0
12140E 00 28 40
121410 00 00 0
121412 00 00 0
121414 A0 00 -24576
121416 04 6B 1131
121418 27 05 9989
12141A 04 5C 1116
12141C 00 00 0
12141E 00 04 4
121420 00 00 0
121422 00 00 0
121424 16 51 5713
121426 00 25 37
121428 64 96 25750
12142A 08 22 2082
12142C 00 00 0
12142E 00 0C 12
121430 00 00 0
121432 00 00 0
121434 43 D6 17366
121436 07 CB 1995
121438 02 24 548
12143A 01 02 258
12143C 00 00 0
12143E 00 00 0
121440 00 00 0
121442 00 00 0
121444 66 9B 26267
121446 1B FA 7162
121448 79 CC 31180
12144A 02 4D 589
12144C 00 00 0
12144E 00 20 32
121450 00 12 18
121452 13 50 4944
121454 00 12 18
121456 13 50 4944
121458 00 12 18
12145A 13 50 4944
12145C 00 12 18
12145E 12 50 4688
121460 00 12 18
121462 12 50 4688
121464 00 12 18
121466 13 50 4944
121468 0D DD 3549
12146A 00 00 0
12146C 00 00 0
12146E 00 00 0
121470 00 20 32
121472 05 71 1393
121474 5F 52 24402
121476 05 71 1393
121478 5F 52 24402
12147A 00 14 20
12147C 00 01 1
12147E 00 00 0
121480 00 12 18
121482 15 86 5510
121484 00 12 18
121486 15 86 5510
121488 6E 00 28160
12148A 00 01 1
12148C 00 05 5
12148E 38 26 14374
121490 CC 00 -13312
121492 00 03 3
121494 CC 10 -13296
121496 B2 80 -19840
121498 80 40 -32704
12149A 80 05 -32763
12149C 50 54 20564
12149E 00 35 53
1214A0 00 02 2
1214A2 00 1F 31
1214A4 CA 10 -13808
1214A6 B2 80 -19840
1214A8 80 40 -32704
1214AA 80 05 -32763
1214AC 50 54 20564
1214AE 00 35 53
1214B0 00 0A 10
1214B2 00 3A 58
1214B4 00 27 39
1214B6 00 20 32
1214B8 00 04 4
1214BA C7 28 -14552
1214BC 53 80 21376
1214BE 75 28 29992
1214C0 4B CF 19407
1214C2 00 35 53
1214C4 00 05 5
1214C6 00 20 32
1214C8 00 04 4
1214CA C7 28 -14552
1214CC 53 28 21288
1214CE 74 29 29737
1214D0 4B CF 19407
1214D2 00 1F 31
1214D4 6E 00 28160
1214D6 B2 80 -19840
1214D8 80 40 -32704
1214DA 80 05 -32763
1214DC 12 4C 4684
1214DE 00 38 56
1214E0 00 28 40
1214E2 00 1D 29
1214E4 00 24 36
1214E6 D9 80 -9856
1214E8 FF FC -4
1214EA FF FF -1
1214EC 00 23 35
1214EE 98 00 -26624
1214F0 F6 77 -2441
1214F2 FF FF -1
1214F4 00 25 37
1214F6 AF 80 -20608
1214F8 1A 48 6728
1214FA FE 11 -495
1214FC 00 00 0
1214FE 00 2B 43
121500 00 1E 30
121502 00 21 33
121504 38 26 14374
121506 AF 04 -20732
121508 28 88 10376
12150A A9 29 -22231
12150C 40 18 16408
12150E 96 04 -27132
121510 16 03 5635
121512 00 22 34
121514 70 00 28672
121516 00 09 9
121518 00 00 0
12151A 00 17 23
12151C 00 3B 59
12151E 00 06 6
121520 00 27 39
121522 14 03 5123
121524 00 2C 44
121526 00 04 4
121528 F8 26 -2010
12152A F8 26 -2010
12152C 00 00 0
12152E F8 26 -2010
121530 F8 26 -2010
121532 F8 26 -2010
121534 F8 26 -2010
121536 00 00 0
121538 00 04 4
12153A C7 28 -14552
12153C 53 28 21288
12153E 75 29 29993
121540 4B CF 19407
121542 00 35 53
121544 00 05 5
121546 00 04 4
121548 C7 28 -14552
12154A 53 28 21288
12154C 74 29 29737
12154E 4B CF 19407
121550 00 1F 31
121552 6E 00 28160
121554 B2 80 -19840
121556 80 40 -32704
121558 80 05 -32763
12155A 12 4C 4684
12155C 00 38 56
12155E 00 28 40
121560 00 24 36
121562 D9 80 -9856
121564 FF FC -4
121566 FF FF -1
121568 00 2B 43
12156A 00 1E 30
12156C 16 03 5635
12156E 00 21 33
121570 38 26 14374
121572 AF 04 -20732
121574 28 88 10376
121576 A9 29 -22231
121578 40 18 16408
12157A 96 04 -27132
12157C 00 22 34
12157E 70 00 28672
121580 00 09 9
121582 00 00 0
121584 AF 80 -20608
121586 FE 11 -495
121588 6E 00 28160
12158A 00 04 4
12158C 04 01 1025
12158E 01 01 257
121590 00 00 0
121592 00 01 1
121594 00 01 1
121596 07 02 1794
121598 01 01 257
12159A 04 00 1024
12159C 01 09 265
12159E 01 01 257
1215A0 01 00 256
1215A2 01 00 256
1215A4 04 00 1024
1215A6 00 00 0
1215A8 00 41 65
1215AA 7F FF 32767
1215AC 18 06 6150
1215AE 40 F6 16630
1215B0 00 04 4
1215B2 00 00 0
1215B4 00 00 0
1215B6 00 01 1
1215B8 00 00 0
1215BA 00 01 1
1215BC 00 00 0
1215BE 00 00 0
1215C0 00 00 0
1215C2 00 04 4
1215C4 00 00 0
1215C6 09 89 2441
1215C8 00 00 0
1215CA 00 14 20
1215CC 00 1E 30
1215CE 84 80 -31616
1215D0 00 00 0
1215D2 00 00 0
1215D4 00 19 25
1215D6 6E 6E 28270
1215D8 00 00 0
1215DA 00 14 20
1215DC 00 00 0
1215DE 00 00 0
1215E0 00 00 0
1215E2 00 01 1
1215E4 2E 21 11809
1215E6 2E 93 11923
1215E8 BF F0 -16400
1215EA 00 00 0
1215EC 00 00 0
1215EE 00 00 0
1215F0 00 00 0
1215F2 00 00 0
1215F4 00 00 0
1215F6 00 00 0
1215F8 00 00 0
1215FA 00 00 0
1215FC 00 00 0
1215FE 00 00 0
121600 3F F0 16368
121602 00 00 0
121604 00 00 0
121606 00 00 0
121608 40 49 16457
12160A 00 00 0
12160C 00 00 0
12160E 00 00 0
121610 3F F0 16368
121612 00 00 0
121614 00 00 0
121616 00 00 0
121618 3F F0 16368
12161A 00 00 0
12161C 00 00 0
12161E 00 00 0
121620 00 00 0
121622 00 00 0
121624 00 00 0
121626 00 00 0
121628 00 00 0
12162A 00 00 0
12162C 00 00 0
12162E 00 00 0
121630 00 0A 10
121632 FF FF -1
121634 FF FF -1
121636 00 00 0
121638 04 00 1024
12163A 0A 38 2616
12163C 00 00 0
12163E 00 02 2
121640 00 07 7
121642 01 00 256
121644 00 00 0
121646 01 02 258
121648 00 55 85
12164A 00 00 0
12164C 00 00 0
12164E 00 00 0
121650 00 00 0
121652 00 00 0
121654 00 00 0
121656 00 00 0
121658 01 78 376
12165A BF F0 -16400
12165C 00 00 0
12165E 00 00 0
121660 00 00 0
121662 00 01 1
121664 00 01 1
121666 00 19 25
121668 6E 6E 28270
12166A 00 00 0
12166C 00 00 0
12166E 01 01 257
121670 01 00 256
121672 01 01 257
121674 00 19 25
121676 6E 6E 28270
121678 00 00 0
12167A FE 11 -495
12167C 1A 48 6728
12167E AF 80 -20608
121680 FF FF -1
121682 F6 77 -2441
121684 98 00 -26624
121686 FF FF -1
121688 FF FC -4
12168A D9 80 -9856
12168C 50 4C 20556
12168E 80 05 -32763
121690 80 40 -32704
121692 B2 80 -19840
121694 6E 00 28160
121696 4B CF 19407
121698 74 29 29737
12169A 53 28 21288
12169C C7 28 -14552
12169E 00 04 4
1216A0 96 04 -27132
1216A2 40 18 16408
1216A4 A9 29 -22231
1216A6 28 88 10376
1216A8 AF 04 -20732
1216AA 38 26 14374
1216AC 00 00 0
1216AE 00 09 9
1216B0 70 00 28672
1216B2 00 00 0
1216B4 00 02 2
1216B6 8B 0B -29941
1216B8 00 15 21
1216BA 00 13 19
1216BC 00 03 3
1216BE 77 94 30612
1216C0 00 04 4
1216C2 00 00 0
1216C4 00 4C 76
1216C6 3E 53 15955
1216C8 23 E1 9185
1216CA E9 63 -5789
1216CC E7 C8 -6200
1216CE 3F 9E 16286
1216D0 6C 2B 27691
1216D2 44 81 17537
1216D4 CD 91 -12911
1216D6 3F 07 16135
1216D8 FC 29 -983
1216DA 6F 0F 28431
1216DC 15 65 5477
1216DE FF 16 -234
1216E0 00 00 0
1216E2 00 00 0
1216E4 4D 42 19778
1216E6 61 7B 24955
1216E8 00 29 41
1216EA BE 5D -16803
1216EC 03 58 856
1216EE 00 3D 61
1216F0 28 20 10272
1216F2 02 DC 732
1216F4 00 00 0
1216F6 00 B9 185
1216F8 3E A4 16036
1216FA 21 F3 8691
1216FC 50 83 20611
1216FE A2 3B -24005
121700 41 39 16697
121702 6E 6E 28270
121704 00 00 0
121706 00 00 0
121708 04 CC 1228
12170A 3D E8 15848
12170C 7F D9 32729
12170E 7C A8 31912
121710 D6 C2 -10558
121712 3E 1E 15902
121714 9F CF -24625
121716 DB D3 -9261
121718 0C 73 3187
12171A 3E 53 15955
12171C 23 E1 9185
12171E E9 63 -5789
121720 E7 C8 -6200
121722 3E 87 16007
121724 EC DA -4902
121726 63 BC 25532
121728 E1 BA -7750
12172A 3E BD 16061
12172C E8 10 -6128
12172E FC AC -852
121730 1A 29 6697
121732 00 00 0
121734 1F B1 8113
121736 00 00 0
121738 03 3E 830
12173A 00 00 0
12173C 00 4C 76
12173E 00 00 0
121740 00 00 0
121742 00 00 0
121744 00 00 0
121746 28 20 10272
121748 02 DC 732
12174A 28 20 10272
12174C 02 DC 732
12174E 28 20 10272
121750 02 DC 732
121752 28 20 10272
121754 02 DC 732
121756 28 20 10272
121758 02 DC 732
12175A 03 58 856
12175C 00 3D 61
12175E 03 58 856
121760 00 3D 61
121762 03 58 856
121764 00 3D 61
121766 03 58 856
121768 00 3D 61
12176A 03 58 856
12176C 00 3D 61
12176E 00 00 0
121770 00 00 0
121772 3E 53 15955
121774 4A AC 19116
121776 57 13 22291
121778 F3 1C -3300
12177A 3E 88 16008
12177C 1D 57 7511
12177E 6C D8 27864
121780 EF E4 -4124
121782 3E BE 16062
121784 24 AD 9389
121786 48 0F 18447
121788 2B DB 11227
12178A 3E F2 16114
12178C D6 EC -10516
12178E 4D 09 19721
121790 7B 69 31593
121792 3F 37 16183
121794 8C A7 -29529
121796 60 4B 24651
121798 DA 44 -9660
12179A 3F 6D 16237
12179C 6C 0A 27658
12179E C4 1A -15334
1217A0 49 DA 18906
1217A2 3F A2 16290
1217A4 5F 73 24435
1217A6 FD 1F -737
1217A8 16 7F 5759
1217AA 3F A2 16290
1217AC 5F 73 24435
1217AE FD 1F -737
1217B0 16 7F 5759
1217B2 3F A2 16290
1217B4 5F 73 24435
1217B6 FD 1F -737
1217B8 16 7F 5759
1217BA 00 FA 250
1217BC F8 A4 -1884
1217BE 00 19 25
1217C0 37 07 14087
1217C2 00 02 2
1217C4 84 F2 -31502
1217C6 00 00 0
1217C8 43 63 17251
1217CA 00 00 0
1217CC 03 89 905
1217CE 00 00 0
1217D0 00 B3 179
1217D2 00 00 0
1217D4 00 5B 91
1217D6 00 00 0
1217D8 00 63 99
1217DA 00 00 0
1217DC 00 8C 140
1217DE FF FF -1
1217E0 FF 44 -188
1217E2 FF FF -1
1217E4 FC D7 -809
1217E6 FF FF -1
1217E8 FF FE -2
1217EA FF FF -1
1217EC FF D8 -40
1217EE FF FF -1
1217F0 FF F8 -8
1217F2 FF FF -1
1217F4 FF E5 -27
1217F6 00 00 0
1217F8 00 07 7
1217FA FF FF -1
1217FC FF F1 -15
1217FE FF FF -1
121800 FF F1 -15
121802 27 CF 10191
121804 54 6C 21612
121806 27 CF 10191
121808 54 6C 21612
12180A 27 CF 10191
12180C 54 6C 21612
12180E 27 CF 10191
121810 54 6C 21612
121812 13 E7 5095
121814 AA 30 -21968
121816 13 EA 5098
121818 38 0C 14348
12181A 13 EE 5102
12181C A2 4C -23988
12181E 0F 55 3925
121820 81 4C -32436
121822 10 79 4217
121824 84 54 -31660
121826 03 51 849
121828 47 09 18185
12182A 03 51 849
12182C 47 09 18185
12182E 03 51 849
121830 47 09 18185
121832 03 51 849
121834 47 09 18185
121836 01 A8 424
121838 A3 84 -23676
12183A 01 A8 424
12183C DA 01 -9727
12183E 01 A9 425
121840 38 31 14385
121842 08 4E 2126
121844 37 28 14120
121846 0F 1A 3866
121848 05 90 1424
12184A 00 5C 92
12184C 3C ED 15597
12184E 67 B6 26550
121850 C9 BD -13891
121852 C2 C5 -15675
121854 3C F1 15601
121856 B3 F8 -19464
121858 0D B0 3504
12185A CA 04 -13820
12185C 3D 23 15651
12185E 11 01 4353
121860 13 45 4933
121862 E0 12 -8174
121864 3D 51 15697
121866 16 2B 5675
121868 FE C6 -314
12186A 00 86 134
12186C 3D 7F 15743
12186E 55 47 21831
121870 07 BE 1982
121872 21 00 8448
121874 3D B3 15795
121876 67 4E 26446
121878 0A AA 2730
12187A 95 9C -27236
12187C 3E 1B 15899
12187E D7 B2 -10318
121880 19 23 6435
121882 14 10 5136
121884 3E 52 15954
121886 D0 8B -12149
121888 50 4C 20556
12188A C5 F7 -14857
12188C 00 00 0
12188E 02 D3 723
121890 FF FF -1
121892 F5 B9 -2631
121894 00 00 0
121896 00 00 0
121898 00 00 0
12189A 00 00 0
12189C 00 00 0
12189E 00 00 0
1218A0 00 00 0
1218A2 00 00 0
1218A4 00 00 0
1218A6 00 00 0
1218A8 FF FF -1
1218AA FF 51 -175
1218AC 02 30 560
1218AE E0 98 -8040
1218B0 12 32 4658
1218B2 28 30 10288
1218B4 15 1E 5406
1218B6 52 5C 21084
1218B8 1D 74 7540
1218BA EF 84 -4220
1218BC 28 28 10280
1218BE 94 0C -27636
1218C0 28 87 10375
1218C2 C4 D0 -15152
1218C4 04 69 1129
1218C6 D3 B8 -11336
1218C8 04 14 1044
1218CA F9 60 -1696
1218CC 00 2E 46
1218CE BD 62 -17054
1218D0 01 84 388
1218D2 2E 04 11780
1218D4 01 C2 450
1218D6 86 DD -31011
1218D8 02 74 628
1218DA 69 4B 26955
1218DC 03 58 856
1218DE B7 01 -18687
1218E0 03 60 864
1218E2 A5 BC -23108
1218E4 00 5E 94
1218E6 26 FA 9978
1218E8 00 57 87
1218EA 14 C8 5320
1218EC 00 00 0
1218EE 00 00 0
1218F0 00 00 0
1218F2 00 00 0
1218F4 00 00 0
1218F6 00 00 0
1218F8 00 00 0
1218FA 00 00 0
1218FC 40 14 16404
1218FE 00 00 0
121900 00 00 0
121902 00 00 0
121904 02 84 644
121906 00 1E 30
121908 00 00 0
12190A 2E E0 12000
12190C 3F F0 16368
12190E 00 00 0
121910 00 00 0
121912 00 00 0
121914 3F F0 16368
121916 00 00 0
121918 00 00 0
12191A 00 00 0
12191C 40 9A 16538
12191E 0C 00 3072
121920 00 00 0
121922 00 00 0
121924 40 D0 16592
121926 46 C0 18112
121928 00 00 0
12192A 00 00 0
12192C 0A 01 2561
12192E C9 3A -14022
121930 30 77 12407
121932 00 00 0
121934 07 D2 2002
121936 00 08 8
121938 00 00 0
12193A 00 0C 12
12193C 00 00 0
12193E 00 01 1
121940 00 00 0
121942 07 D0 2000
121944 00 00 0
121946 00 02 2
121948 00 00 0
12194A 01 41 321
12194C 00 00 0
12194E 0F AC 4012
121950 00 00 0
121952 0F A0 4000
121954 00 00 0
121956 0F AC 4012
121958 3E 80 16000
12195A C6 E4 -14620
12195C 9F 6D -24723
12195E 79 64 31076
121960 00 00 0
121962 00 00 0
121964 24 54 9300
121966 55 71 21873
121968 0F 0D 3853
12196A 11 40 4416
12196C 10 00 4096
12196E 00 00 0
121970 00 00 0
121972 00 00 0
121974 00 C1 193
121976 81 DC -32292
121978 00 00 0
12197A 00 B2 178
12197C 00 00 0
12197E 00 00 0
121980 00 00 0
121982 00 00 0
121984 7C 56 31830
121986 20 44 8260
121988 43 00 17152
12198A 20 20 8224
12198C 44 43 17475
12198E 00 4F 79
121990 48 4D 18509
121992 20 00 8192
121994 4F 48 20296
121996 4D 46 19782
121998 00 41 65
12199A 20 44 8260
12199C 43 00 17152
12199E 56 20 22048
1219A0 20 20 8224
1219A2 00 41 65
1219A4 20 41 8257
1219A6 43 00 17152
1219A8 56 20 22048
1219AA 41 43 16707
1219AC 00 20 32
1219AE 20 41 8257
1219B0 43 00 17152
1219B2 56 20 22048
1219B4 41 43 16707
1219B6 00 56 86
1219B8 20 41 8257
1219BA 43 00 17152
1219BC 56 20 22048
1219BE 20 20 8224
1219C0 00 48 72
1219C2 5A 20 23072
1219C4 20 00 8192
1219C6 48 5A 18522
1219C8 20 20 8224
1219CA 00 53 83
1219CC 45 43 17731
1219CE 20 00 8192
1219D0 40 0F 16399
1219D2 FF 40 -192
1219D4 00 00 0
1219D6 00 00 0
1219D8 41 58 16728
1219DA 93 74 -27788
1219DC BB D7 -17449
1219DE 0A 3E 2622
1219E0 00 00 0
1219E2 00 00 0
1219E4 56 04 22020
1219E6 00 00 0
1219E8 1D 78 7544
1219EA 00 00 0
1219EC 01 00 256
1219EE 00 00 0
1219F0 00 40 64
1219F2 00 00 0
1219F4 67 06 26374
1219F6 00 05 5
1219F8 5E F2 24306
1219FA 00 1E 30
1219FC 00 00 0
1219FE 00 00 0
121A00 00 00 0
121A02 00 00 0
121A04 00 00 0
121A06 00 00 0
121A08 00 00 0
121A0A 00 00 0
121A0C 00 00 0
121A0E 00 00 0
121A10 00 00 0
121A12 00 00 0
121A14 00 00 0
121A16 00 00 0
121A18 00 00 0
121A1A 00 00 0
121A1C 00 00 0
121A1E 00 00 0
121A20 00 00 0
121A22 00 00 0
121A24 00 00 0
121A26 00 00 0
121A28 00 00 0
121A2A 00 00 0
121A2C 00 00 0
121A2E 00 00 0
121A30 00 00 0
121A32 00 00 0
121A34 01 2B 299
121A36 3F 20 16160
121A38 00 00 0
121A3A 00 00 0
121A3C 00 00 0
121A3E 3F 68 16232
121A40 93 74 -27788
121A42 BC 6A -17302
121A44 7E FA 32506
121A46 0A 47 2631
121A48 46 4B 17995
121A4A 01 3A 314
121A4C 00 00 0
121A4E 00 05 5
121A50 A0 68 -24472
121A52 00 01 1
121A54 27 04 9988
121A56 58 6F 22639
121A58 00 00 0
121A5A 00 10 16
121A5C 00 00 0
121A5E 00 00 0
121A60 00 00 0
121A62 00 00 0
121A64 59 18 22808
121A66 12 BA 4794
121A68 DA C4 -9532
121A6A 00 CE 206
121A6C 00 00 0
121A6E 00 00 0
121A70 00 00 0
121A72 00 00 0
121A74 92 06 -28154
121A76 20 3F 8255
121A78 76 FB 30459
121A7A 40 11 16401
121A7C 00 00 0
121A7E 00 00 0
121A80 00 00 0
121A82 00 00 0
121A84 3E 2C 15916
121A86 A6 29 -22999
121A88 F6 E3 -2333
121A8A 86 08 -31224
121A8C 00 00 0
121A8E 00 20 32
121A90 00 00 0
121A92 00 00 0
121A94 62 18 25112
121A96 0C 72 3186
121A98 A4 CD -23347
121A9A 84 68 -31640
121A9C 00 00 0
121A9E 00 00 0
121AA0 00 00 0
121AA2 00 00 0
121AA4 92 30 -28112
121AA6 04 E7 1255
121AA8 7E 6F 32367
121AAA 04 4E 1102
121AAC 00 00 0
121AAE 00 24 36
121AB0 00 00 0
121AB2 00 00 0
121AB4 AB 03 -21757
121AB6 80 EE -32530
121AB8 41 09 16649
121ABA 00 CE 206
121ABC 00 00 0
121ABE 80 00 -32768
121AC0 00 00 0
121AC2 00 00 0
121AC4 14 89 5257
121AC6 8C 30 -29648
121AC8 DC CC -9012
121ACA 52 11 21009
121ACC 00 00 0
121ACE 00 01 1
121AD0 00 00 0
121AD2 00 00 0
121AD4 34 01 13313
121AD6 BD 3F -17089
121AD8 AA BA -21830
121ADA 10 D1 4305
121ADC 00 00 0
121ADE 00 00 0
121AE0 00 00 0
121AE2 00 00 0
121AE4 85 2A -31446
121AE6 2F B1 12209
121AE8 08 5B 2139
121AEA 58 0E 22542
121AEC 00 00 0
121AEE 00 00 0
121AF0 00 00 0
121AF2 00 00 0
121AF4 46 72 18034
121AF6 00 B4 180
121AF8 FF 4D -179
121AFA 24 16 9238
121AFC 00 00 0
121AFE 00 31 49
121B00 AA 55 -21931
121B02 79 DD 31197
121B04 FF ED -19
121B06 8E E5 -28955
121B08 00 12 18
121B0A 71 1A 28954
121B0C 00 00 0
121B0E 00 00 0
121B10 44 45 17477
121B12 46 4B 17995
121B14 45 59 17753
121B16 20 46 8262
121B18 30 2C 12332
121B1A 22 00 8704
121B1C 00 00 0
121B1E 00 00 0
121B20 00 00 0
121B22 00 00 0
121B24 00 00 0
121B26 00 00 0
121B28 00 00 0
121B2A 00 00 0
121B2C 00 00 0
121B2E 00 00 0
121B30 00 00 0
121B32 00 00 0
121B34 00 00 0
121B36 00 00 0
121B38 00 44 68
121B3A 45 46 17734
121B3C 4B 45 19269
121B3E 59 20 22816
121B40 46 31 17969
121B42 2C 22 11298
121B44 00 00 0
121B46 00 00 0
121B48 00 00 0
121B4A 00 00 0
121B4C 00 00 0
121B4E 00 00 0
121B50 00 00 0
121B52 00 00 0
121B54 00 00 0
121B56 00 00 0
121B58 00 00 0
121B5A 00 00 0
121B5C 00 00 0
121B5E 00 00 0
121B60 00 00 0
121B62 44 45 17477
121B64 46 4B 17995
121B66 45 59 17753
121B68 20 46 8262
121B6A 32 2C 12844
121B6C 22 00 8704
121B6E 00 00 0
121B70 00 00 0
121B72 00 00 0
121B74 00 00 0
121B76 00 00 0
121B78 00 00 0
121B7A 00 00 0
121B7C 00 00 0
121B7E 00 00 0
121B80 00 00 0
121B82 00 00 0
121B84 00 00 0
121B86 00 00 0
121B88 00 00 0
121B8A 00 44 68
121B8C 45 46 17734
121B8E 4B 45 19269
121B90 59 20 22816
121B92 46 33 17971
121B94 2C 22 11298
121B96 00 00 0
121B98 00 00 0
121B9A 00 00 0
121B9C 00 00 0
121B9E 00 00 0
121BA0 00 00 0
121BA2 00 00 0
121BA4 00 00 0
121BA6 00 00 0
121BA8 00 00 0
121BAA 00 00 0
121BAC 00 00 0
121BAE 00 00 0
121BB0 00 00 0
121BB2 00 00 0
121BB4 44 45 17477
121BB6 46 4B 17995
121BB8 45 59 17753
121BBA 20 46 8262
121BBC 34 2C 13356
121BBE 22 00 8704
121BC0 00 00 0
121BC2 00 00 0
121BC4 00 00 0
121BC6 00 00 0
121BC8 00 00 0
121BCA 00 00 0
121BCC 00 00 0
121BCE 00 00 0
121BD0 00 00 0
121BD2 00 00 0
121BD4 00 00 0
121BD6 00 00 0
121BD8 00 00 0
121BDA 00 00 0
121BDC 00 44 68
121BDE 45 46 17734
121BE0 4B 45 19269
121BE2 59 20 22816
121BE4 46 35 17973
121BE6 2C 22 11298
121BE8 00 00 0
121BEA 00 00 0
121BEC 00 00 0
121BEE 00 00 0
121BF0 00 00 0
121BF2 00 00 0
121BF4 00 00 0
121BF6 00 00 0
121BF8 00 00 0
121BFA 00 00 0
121BFC 00 00 0
121BFE 00 00 0
121C00 00 00 0
121C02 00 00 0
121C04 00 00 0
121C06 44 45 17477
121C08 46 4B 17995
121C0A 45 59 17753
121C0C 20 46 8262
121C0E 36 2C 13868
121C10 22 00 8704
121C12 00 00 0
121C14 00 00 0
121C16 00 00 0
121C18 00 00 0
121C1A 00 00 0
121C1C 00 00 0
121C1E 00 00 0
121C20 00 00 0
121C22 00 00 0
121C24 00 00 0
121C26 00 00 0
121C28 00 00 0
121C2A 00 00 0
121C2C 00 00 0
121C2E 00 44 68
121C30 45 46 17734
121C32 4B 45 19269
121C34 59 20 22816
121C36 46 37 17975
121C38 2C 22 11298
121C3A 00 00 0
121C3C 00 00 0
121C3E 00 00 0
121C40 00 00 0
121C42 00 00 0
121C44 00 00 0
121C46 00 00 0
121C48 00 00 0
121C4A 00 00 0
121C4C 00 00 0
121C4E 00 00 0
121C50 00 00 0
121C52 00 00 0
121C54 00 00 0
121C56 00 00 0
121C58 44 45 17477
121C5A 46 4B 17995
121C5C 45 59 17753
121C5E 20 46 8262
121C60 38 2C 14380
121C62 22 00 8704
121C64 42 23 16931
121C66 00 F2 242
121C68 2B B4 11188
121C6A 0C 1C 3100
121C6C 00 00 0
121C6E 00 40 64
121C70 00 00 0
121C72 00 00 0
121C74 BD 90 -17008
121C76 00 B9 185
121C78 38 54 14420
121C7A 04 0C 1036
121C7C 00 00 0
121C7E 00 05 5
121C80 00 44 68
121C82 45 46 17734
121C84 4B 45 19269
121C86 59 20 22816
121C88 46 39 17977
121C8A 2C 22 11298
121C8C 00 00 0
121C8E 00 10 16
121C90 00 00 0
121C92 00 00 0
121C94 D5 20 -10976
121C96 3E 8D 16013
121C98 3D 92 15762
121C9A 89 62 -30366
121C9C 00 00 0
121C9E 00 00 0
121CA0 01 01 257
121CA2 01 01 257
121CA4 01 01 257
121CA6 01 01 257
121CA8 01 01 257
121CAA 16 F2 5874
121CAC 00 00 0
121CAE 00 80 128
121CB0 45 4C 17740
121CB2 18 FB 6395
121CB4 41 5A 16730
121CB6 45 52 17746
121CB8 4F 20 20256
121CBA 30 2E 12334
121CBC 30 30 12336
121CBE 30 30 12336
121CC0 30 30 12336
121CC2 30 30 12336
121CC4 30 30 12336
121CC6 30 30 12336
121CC8 21 02 8450
121CCA 41 5A 16730
121CCC 45 52 17746
121CCE 4F 20 20256
121CD0 31 28 12584
121CD2 18 4D 6221
121CD4 45 4E 17742
121CD6 55 20 21792
121CD8 2E 21 11809
121CDA 4E 50 20048
121CDC 4C 43 19523
121CDE 39 28 14632
121CE0 4D 45 19781
121CE2 4E 55 20053
121CE4 20 46 8262
121CE6 55 4C 21836
121CE8 4C 45 19525
121CEA 2E 4D 11853
121CEC 45 4E 17742
121CEE 55 20 21792
121CF0 53 48 21320
121CF2 4F 52 20306
121CF4 54 4F 21583
121CF6 39 44 14660
121CF8 45 4C 17740
121CFA 53 55 21333
121CFC 42 20 16928
121CFE 30 56 12374
121D00 45 4E 17742
121D02 50 4C 20556
121D04 43 20 17184
121D06 61 4F 24911
121D08 4D 45 19781
121D0A 4E 55 20053
121D0C 20 46 8262
121D0E 55 4C 21836
121D10 4C 68 19560
121D12 56 4D 22093
121D14 45 4E 17742
121D16 55 20 21792
121D18 70 61 28769
121D1A 43 41 17217
121D1C 4C 53 19539
121D1E 54 52 21586
121D20 75 68 30056
121D22 49 44 18756
121D24 3F 7E 16254
121D26 70 43 28739
121D28 41 4C 16716
121D2A 4E 55 20053
121D2C 4D 3F 19775
121D2E 84 75 -31627
121D30 43 41 17217
121D32 4C 3F 19519
121D34 8B 7E -29826
121D36 54 52 21586
121D38 49 47 18759
121D3A 20 93 8339
121D3C 84 41 -31679
121D3E 5A 45 23109
121D40 52 4F 21071
121D42 20 9A 8346
121D44 8B 4D -29875
121D46 45 4E 17742
121D48 55 20 21792
121D4A A6 93 -22893
121D4C 4D 45 19781
121D4E 4E 55 20053
121D50 20 53 8275
121D52 48 4F 18511
121D54 52 54 21076
121D56 AD 9A -21094
121D58 4D 45 19781
121D5A 4E 55 20053
121D5C 20 B7 8375
121D5E A6 4D -22963
121D60 45 4E 17742
121D62 55 20 21792
121D64 37 37 14135
121D66 37 C4 14276
121D68 AD 44 -21180
121D6A 45 46 17734
121D6C 4B 45 19269
121D6E 59 20 22816
121D70 46 31 17969
121D72 2C 22 11298
121D74 CB B7 -13385
121D76 4D 45 19781
121D78 4E 55 20053
121D7A 20 D6 8406
121D7C C4 4D -15283
121D7E 45 4E 17742
121D80 55 20 21792
121D82 46 55 18005
121D84 4C 4C 19532
121D86 46 30 17968
121D88 2C 22 11298
121D8A E2 CD -7475
121D8C 41 5A 16730
121D8E 45 52 17746
121D90 4F 20 20256
121D92 EB DA -5158
121D94 52 53 21075
121D96 54 41 21569
121D98 54 45 21573
121D9A 20 F2 8434
121D9C E2 41 -7615
121D9E 43 41 17217
121DA0 4C 20 19488
121DA2 FB EB -1045
121DA4 41 5A 16730
121DA6 45 52 17746
121DA8 4F 20 20256
121DAA 30 02 12290
121DAC F2 4C -3508
121DAE 45 56 17750
121DB0 00 DA 218
121DB2 00 CB 203
121DB4 01 01 257
121DB6 0B E3 3043
121DB8 91 15 -28395
121DBA 20 A4 8356
121DBC 00 00 0
121DBE 54 32 21554
121DC0 00 00 0
121DC2 00 00 0
121DC4 14 13 5139
121DC6 B0 0C -20468
121DC8 ED 90 -4720
121DCA 9A 34 -26060
121DCC 00 00 0
121DCE 00 01 1
121DD0 00 00 0
121DD2 00 00 0
121DD4 68 01 26625
121DD6 E4 FE -6914
121DD8 57 54 22356
121DDA 80 18 -32744
121DDC 00 00 0
121DDE 00 00 0
121DE0 00 00 0
121DE2 00 00 0
121DE4 16 02 5634
121DE6 CC F9 -13063
121DE8 C1 50 -16048
121DEA A4 06 -23546
121DEC 00 00 0
121DEE 00 00 0
121DF0 00 00 0
121DF2 00 00 0
121DF4 21 8E 8590
121DF6 14 D4 5332
121DF8 21 00 8448
121DFA 00 08 8
121DFC 00 00 0
121DFE 00 08 8
121E00 00 00 0
121E02 00 00 0
121E04 D0 01 -12287
121E06 A6 AB -22869
121E08 97 6D -26771
121E0A 22 8D 8845
121E0C 00 00 0
121E0E 80 00 -32768
121E10 00 00 0
121E12 00 00 0
121E14 66 50 26192
121E16 47 A8 18344
121E18 27 6D 10093
121E1A 05 F4 1524
121E1C 00 00 0
121E1E 00 00 0
121E20 00 00 0
121E22 00 00 0
121E24 C2 20 -15840
121E26 08 57 2135
121E28 7D 5E 32094
121E2A 04 01 1025
121E2C 00 00 0
121E2E 00 02 2
121E30 00 00 0
121E32 00 00 0
121E34 D2 50 -11696
121E36 E2 F6 -7434
121E38 15 9A 5530
121E3A 00 66 102
121E3C 00 00 0
121E3E 00 00 0
121E40 00 00 0
121E42 00 00 0
121E44 32 07 12807
121E46 62 4C 25164
121E48 96 3F -27073
121E4A 80 20 -32736
121E4C 00 04 4
121E4E 00 00 0
121E50 00 00 0
121E52 00 00 0
121E54 77 07 30471
121E56 64 DB 25819
121E58 71 04 28932
121E5A 08 ED 2285
121E5C 00 00 0
121E5E 00 00 0
121E60 00 00 0
121E62 00 00 0
121E64 5A 20 23072
121E66 89 91 -30319
121E68 35 53 13651
121E6A 14 60 5216
121E6C 00 00 0
121E6E 00 00 0
121E70 00 00 0
121E72 00 00 0
121E74 6A B8 27320
121E76 32 26 12838
121E78 4D 42 19778
121E7A 00 00 0
121E7C 00 00 0
121E7E 00 00 0
121E80 04 12 1042
121E82 2D 22 11554
121E84 04 12 1042
121E86 2D 22 11554
121E88 00 12 18
121E8A 2C 22 11298
121E8C 04 12 1042
121E8E 2E A2 11938
121E90 00 12 18
121E92 2F 22 12066
121E94 00 12 18
121E96 29 12 10514
121E98 00 12 18
121E9A 29 32 10546
121E9C 00 12 18
121E9E 29 D2 10706
121EA0 00 12 18
121EA2 27 32 10034
121EA4 00 00 0
121EA6 00 20 32
121EA8 00 00 0
121EAA 00 20 32
121EAC 00 00 0
121EAE 77 DC 30684
121EB0 00 00 0
121EB2 07 7E 1918
121EB4 00 00 0
121EB6 77 DD 30685
121EB8 00 00 0
121EBA 07 7F 1919
121EBC 00 12 18
121EBE A8 7E -22402
121EC0 00 12 18
121EC2 AF FE -20482
121EC4 00 12 18
121EC6 71 36 28982
121EC8 00 12 18
121ECA A8 80 -22400
121ECC 00 12 18
121ECE 71 36 28982
121ED0 00 12 18
121ED2 A8 80 -22400
121ED4 00 12 18
121ED6 1E D4 7892
121ED8 00 12 18
121EDA 1E D4 7892
121EDC 53 00 21248
121EDE 3A 2E 14894
121EE0 07 C2 1986
121EE2 00 01 1
121EE4 00 01 1
121EE6 00 00 0
121EE8 01 00 256
121EEA 1F 1C 7964
121EEC 1F 1E 7966
121EEE 1F 1E 7966
121EF0 1F 1F 7967
121EF2 1E 1F 7711
121EF4 1E 1F 7711
121EF6 64 FF 25855
121EF8 80 00 -32768
121EFA 00 00 0
121EFC 00 00 0
121EFE 00 12 18
121F00 2B A2 11170
121F02 00 00 0
121F04 00 00 0
121F06 00 00 0
121F08 00 00 0
121F0A 00 00 0
121F0C 00 00 0
121F0E 00 00 0
121F10 00 00 0
121F12 00 00 0
121F14 00 00 0
121F16 00 00 0
121F18 00 00 0
121F1A 00 00 0
121F1C 00 00 0
121F1E 00 00 0
121F20 00 00 0
121F22 00 00 0
121F24 00 00 0
121F26 00 00 0
121F28 00 00 0
121F2A 00 00 0
121F2C 00 00 0
121F2E 00 00 0
121F30 00 00 0
121F32 00 00 0
121F34 00 00 0
121F36 00 00 0
121F38 00 00 0
121F3A 00 00 0
121F3C 00 00 0
121F3E 00 00 0
121F40 00 00 0
121F42 00 00 0
121F44 00 00 0
121F46 00 00 0
121F48 00 00 0
121F4A 00 00 0
121F4C 00 00 0
121F4E 00 00 0
121F50 00 00 0
121F52 00 00 0
121F54 00 00 0
121F56 00 00 0
121F58 00 00 0
121F5A 00 00 0
121F5C 00 00 0
121F5E 00 00 0
121F60 00 00 0
121F62 00 00 0
121F64 00 00 0
121F66 00 00 0
121F68 00 00 0
121F6A 00 00 0
121F6C 00 00 0
121F6E 00 00 0
121F70 00 00 0
121F72 00 00 0
121F74 00 00 0
121F76 00 00 0
121F78 00 00 0
121F7A 00 00 0
121F7C 00 00 0
121F7E 00 00 0
121F80 00 00 0
121F82 00 00 0
121F84 00 00 0
121F86 00 00 0
121F88 00 00 0
121F8A 00 00 0
121F8C 00 00 0
121F8E 00 00 0
121F90 00 00 0
121F92 00 00 0
121F94 00 00 0
121F96 00 00 0
121F98 00 00 0
121F9A 00 00 0
121F9C 00 00 0
121F9E 00 00 0
121FA0 00 00 0
121FA2 00 00 0
121FA4 00 00 0
121FA6 00 00 0
121FA8 00 00 0
121FAA 00 00 0
121FAC 00 00 0
121FAE 00 00 0
121FB0 00 00 0
121FB2 00 00 0
121FB4 00 00 0
121FB6 00 00 0
121FB8 00 00 0
121FBA 00 00 0
121FBC 00 00 0
121FBE 00 00 0
121FC0 00 00 0
121FC2 00 00 0
121FC4 00 00 0
121FC6 00 00 0
121FC8 00 00 0
121FCA 00 00 0
121FCC 00 00 0
121FCE 00 00 0
121FD0 00 00 0
121FD2 00 00 0
121FD4 00 00 0
121FD6 00 00 0
121FD8 00 00 0
121FDA 00 00 0
121FDC 00 00 0
121FDE 00 00 0
121FE0 00 00 0
121FE2 00 00 0
121FE4 00 00 0
121FE6 00 00 0
121FE8 00 00 0
121FEA 00 00 0
121FEC 00 00 0
121FEE 00 00 0
121FF0 00 00 0
121FF2 00 00 0
121FF4 00 00 0
121FF6 00 00 0
121FF8 00 00 0
121FFA 00 00 0
121FFC 00 00 0
121FFE 00 00 0
122000 00 00 0
122002 00 00 0
122004 00 00 0
122006 00 00 0
122008 00 00 0
12200A 00 00 0
12200C 00 00 0
12200E 00 00 0
122010 00 00 0
122012 00 00 0
122014 00 00 0
122016 00 00 0
122018 00 00 0
12201A 00 00 0
12201C 00 00 0
12201E 00 00 0
122020 00 00 0
122022 00 00 0
122024 00 00 0
122026 00 00 0
122028 00 00 0
12202A 00 00 0
12202C 00 00 0
12202E 00 00 0
122030 00 00 0
122032 00 00 0
122034 00 00 0
122036 00 00 0
122038 00 00 0
12203A 00 00 0
12203C 00 00 0
12203E 00 00 0
122040 00 00 0
122042 00 00 0
122044 00 00 0
122046 00 00 0
122048 00 00 0
12204A 00 00 0
12204C 00 00 0
12204E 00 00 0
122050 00 00 0
122052 00 00 0
122054 00 00 0
122056 00 00 0
122058 00 00 0
12205A 00 00 0
12205C 00 00 0
12205E 00 00 0
122060 00 00 0
122062 00 00 0
122064 00 00 0
122066 00 00 0
122068 00 00 0
12206A 00 00 0
12206C 00 00 0
12206E 00 00 0
122070 00 00 0
122072 00 00 0
122074 00 00 0
122076 00 00 0
122078 00 00 0
12207A 00 00 0
12207C 00 00 0
12207E 00 00 0
122080 00 00 0
122082 00 00 0
122084 00 00 0
122086 00 00 0
122088 00 00 0
12208A 00 00 0
12208C 00 00 0
12208E 00 00 0
122090 00 00 0
122092 00 00 0
122094 00 00 0
122096 00 00 0
122098 00 00 0
12209A 00 00 0
12209C 00 00 0
12209E 00 00 0
1220A0 00 00 0
1220A2 00 00 0
1220A4 00 00 0
1220A6 00 00 0
1220A8 00 00 0
1220AA 00 00 0
1220AC 00 00 0
1220AE 00 00 0
1220B0 00 00 0
1220B2 00 00 0
1220B4 00 00 0
1220B6 00 00 0
1220B8 00 00 0
1220BA 00 00 0
1220BC 00 00 0
1220BE 00 00 0
1220C0 00 00 0
1220C2 00 00 0
1220C4 00 00 0
1220C6 00 00 0
1220C8 00 00 0
1220CA 00 00 0
1220CC 00 00 0
1220CE 00 00 0
1220D0 00 00 0
1220D2 00 00 0
1220D4 00 00 0
1220D6 00 00 0
1220D8 00 00 0
1220DA 00 00 0
1220DC 00 00 0
1220DE 00 00 0
1220E0 00 00 0
1220E2 00 00 0
1220E4 00 00 0
1220E6 00 00 0
1220E8 00 00 0
1220EA 00 00 0
1220EC 00 00 0
1220EE 00 00 0
1220F0 00 00 0
1220F2 00 00 0
1220F4 00 00 0
1220F6 00 00 0
1220F8 00 00 0
1220FA 00 00 0
1220FC 00 00 0
1220FE 00 00 0
122100 00 00 0
122102 00 00 0
122104 00 00 0
122106 00 00 0
122108 00 00 0
12210A 00 00 0
12210C 00 00 0
12210E 00 00 0
122110 00 00 0
122112 00 00 0
122114 00 00 0
122116 00 00 0
122118 00 00 0
12211A 00 00 0
12211C 00 00 0
12211E 00 00 0
122120 00 00 0
122122 00 00 0
122124 00 00 0
122126 00 00 0
122128 00 00 0
12212A 00 00 0
12212C 00 00 0
12212E 00 00 0
122130 00 00 0
122132 00 00 0
122134 00 00 0
122136 00 00 0
122138 00 00 0
12213A 00 00 0
12213C 00 00 0
12213E 00 00 0
122140 00 00 0
122142 00 00 0
122144 00 00 0
122146 00 00 0
122148 00 00 0
12214A 00 00 0
12214C 00 00 0
12214E 00 00 0
122150 00 00 0
122152 00 00 0
122154 00 00 0
122156 00 00 0
122158 00 00 0
12215A 00 00 0
12215C 00 00 0
12215E 00 00 0
122160 00 00 0
122162 00 00 0
122164 00 00 0
122166 00 00 0
122168 00 00 0
12216A 00 00 0
12216C 00 00 0
12216E 00 00 0
122170 00 00 0
122172 00 00 0
122174 00 00 0
122176 00 00 0
122178 00 00 0
12217A 00 00 0
12217C 00 00 0
12217E 00 00 0
122180 00 00 0
122182 00 00 0
122184 00 00 0
122186 00 00 0
122188 00 00 0
12218A 00 00 0
12218C 00 00 0
12218E 00 00 0
122190 00 00 0
122192 00 00 0
122194 00 00 0
122196 00 00 0
122198 00 00 0
12219A 00 00 0
12219C 00 00 0
12219E 00 00 0
1221A0 00 00 0
1221A2 00 00 0
1221A4 00 00 0
1221A6 00 00 0
1221A8 00 00 0
1221AA 00 00 0
1221AC 00 00 0
1221AE 00 00 0
1221B0 00 00 0
1221B2 00 00 0
1221B4 00 00 0
1221B6 00 00 0
1221B8 00 00 0
1221BA 00 00 0
1221BC 00 00 0
1221BE 00 00 0
1221C0 00 00 0
1221C2 00 00 0
1221C4 00 00 0
1221C6 00 00 0
1221C8 00 00 0
1221CA 00 00 0
1221CC 00 00 0
1221CE 00 00 0
1221D0 00 00 0
1221D2 00 00 0
1221D4 00 00 0
1221D6 00 00 0
1221D8 00 00 0
1221DA 00 00 0
1221DC 00 00 0
1221DE 00 00 0
1221E0 00 00 0
1221E2 00 00 0
1221E4 00 00 0
1221E6 00 00 0
1221E8 00 00 0
1221EA 00 00 0
1221EC 00 00 0
1221EE 00 00 0
1221F0 00 00 0
1221F2 00 00 0
1221F4 00 00 0
1221F6 00 00 0
1221F8 00 00 0
1221FA 00 00 0
1221FC 00 00 0
1221FE 00 00 0
122200 00 00 0
122202 00 00 0
122204 00 00 0
122206 00 00 0
122208 00 00 0
12220A 00 00 0
12220C 00 00 0
12220E 00 00 0
122210 00 00 0
122212 00 00 0
122214 00 00 0
122216 00 00 0
122218 00 00 0
12221A 00 00 0
12221C 00 00 0
12221E 00 00 0
122220 00 00 0
122222 00 00 0
122224 00 00 0
122226 00 00 0
122228 00 00 0
12222A 00 00 0
12222C 00 00 0
12222E 00 00 0
122230 00 00 0
122232 00 00 0
122234 00 00 0
122236 00 00 0
122238 00 00 0
12223A 00 00 0
12223C 00 00 0
12223E 00 00 0
122240 00 00 0
122242 00 00 0
122244 00 00 0
122246 00 00 0
122248 00 00 0
12224A 00 00 0
12224C 00 00 0
12224E 00 00 0
122250 00 00 0
122252 00 00 0
122254 00 00 0
122256 00 00 0
122258 00 00 0
12225A 00 00 0
12225C 00 00 0
12225E 00 00 0
122260 00 00 0
122262 00 00 0
122264 00 00 0
122266 00 00 0
122268 00 00 0
12226A 00 00 0
12226C 00 00 0
12226E 00 00 0
122270 00 00 0
122272 00 00 0
122274 00 00 0
122276 00 00 0
122278 00 00 0
12227A 00 00 0
12227C 00 00 0
12227E 00 00 0
122280 00 00 0
122282 00 00 0
122284 00 00 0
122286 00 00 0
122288 00 00 0
12228A 00 00 0
12228C 00 00 0
12228E 00 00 0
122290 00 00 0
122292 00 00 0
122294 00 00 0
122296 00 00 0
122298 00 00 0
12229A 00 00 0
12229C 00 00 0
12229E 00 00 0
1222A0 00 00 0
1222A2 00 00 0
1222A4 00 00 0
1222A6 00 00 0
1222A8 00 00 0
1222AA 00 00 0
1222AC 00 00 0
1222AE 00 00 0
1222B0 00 00 0
1222B2 00 00 0
1222B4 00 00 0
1222B6 00 00 0
1222B8 00 00 0
1222BA 00 00 0
1222BC 00 00 0
1222BE 00 00 0
1222C0 00 00 0
1222C2 00 00 0
1222C4 00 00 0
1222C6 00 00 0
1222C8 00 00 0
1222CA 00 00 0
1222CC 00 00 0
1222CE 00 00 0
1222D0 00 00 0
1222D2 00 00 0
1222D4 00 00 0
1222D6 00 00 0
1222D8 00 00 0
1222DA 00 00 0
1222DC 00 00 0
1222DE 00 00 0
1222E0 00 00 0
1222E2 00 00 0
1222E4 00 00 0
1222E6 00 00 0
1222E8 00 00 0
1222EA 00 00 0
1222EC 00 00 0
1222EE 00 00 0
1222F0 00 00 0
1222F2 00 00 0
1222F4 00 00 0
1222F6 00 00 0
1222F8 00 00 0
1222FA 00 00 0
1222FC 00 00 0
1222FE 00 00 0
122300 00 00 0
122302 00 00 0
122304 00 00 0
122306 00 00 0
122308 00 00 0
12230A 00 00 0
12230C 00 00 0
12230E 00 00 0
122310 00 00 0
122312 00 00 0
122314 00 00 0
122316 00 00 0
122318 00 00 0
12231A 00 00 0
12231C 00 00 0
12231E 00 00 0
122320 00 00 0
122322 00 00 0
122324 00 00 0
122326 00 00 0
122328 00 00 0
12232A 00 00 0
12232C 00 00 0
12232E 00 00 0
122330 00 00 0
122332 00 00 0
122334 00 00 0
122336 00 00 0
122338 00 00 0
12233A 00 00 0
12233C 00 00 0
12233E 00 00 0
122340 00 00 0
122342 00 00 0
122344 00 00 0
122346 00 00 0
122348 00 00 0
12234A 00 00 0
12234C 00 00 0
12234E 00 00 0
122350 00 00 0
122352 00 00 0
122354 00 00 0
122356 00 00 0
122358 00 00 0
12235A 00 00 0
12235C 00 00 0
12235E 00 00 0
122360 00 00 0
122362 00 00 0
122364 00 00 0
122366 00 00 0
122368 00 00 0
12236A 00 00 0
12236C 00 00 0
12236E 00 00 0
122370 00 00 0
122372 00 00 0
122374 00 00 0
122376 00 00 0
122378 00 00 0
12237A 00 00 0
12237C 00 00 0
12237E 00 00 0
122380 00 00 0
122382 00 00 0
122384 00 00 0
122386 00 00 0
122388 00 00 0
12238A 00 00 0
12238C 00 00 0
12238E 00 00 0
122390 00 00 0
122392 00 00 0
122394 00 00 0
122396 00 00 0
122398 00 00 0
12239A 00 00 0
12239C 00 00 0
12239E 00 00 0
1223A0 00 00 0
1223A2 00 00 0
1223A4 00 00 0
1223A6 00 00 0
1223A8 00 00 0
1223AA 00 00 0
1223AC 00 00 0
1223AE 00 00 0
1223B0 00 00 0
1223B2 00 00 0
1223B4 00 00 0
1223B6 00 00 0
1223B8 00 00 0
1223BA 00 00 0
1223BC 00 00 0
1223BE 00 00 0
1223C0 00 00 0
1223C2 00 00 0
1223C4 00 00 0
1223C6 00 00 0
1223C8 00 00 0
1223CA 00 00 0
1223CC 00 00 0
1223CE 00 00 0
1223D0 00 00 0
1223D2 00 00 0
1223D4 00 00 0
1223D6 00 00 0
1223D8 00 00 0
1223DA 00 00 0
1223DC 00 00 0
1223DE 00 00 0
1223E0 00 00 0
1223E2 00 00 0
1223E4 00 00 0
1223E6 00 00 0
1223E8 00 00 0
1223EA 00 00 0
1223EC 00 00 0
1223EE 00 00 0
1223F0 00 00 0
1223F2 00 00 0
1223F4 00 00 0
1223F6 00 00 0
1223F8 00 00 0
1223FA 00 00 0
1223FC 00 00 0
1223FE 00 00 0
122400 00 00 0
122402 00 00 0
122404 00 00 0
122406 00 00 0
122408 00 00 0
12240A 00 00 0
12240C 00 00 0
12240E 00 00 0
122410 00 00 0
122412 00 00 0
122414 00 00 0
122416 00 00 0
122418 00 00 0
12241A 00 00 0
12241C 00 00 0
12241E 00 00 0
122420 00 00 0
122422 00 00 0
122424 00 00 0
122426 00 00 0
122428 00 00 0
12242A 00 00 0
12242C 00 00 0
12242E 00 00 0
122430 00 00 0
122432 00 00 0
122434 00 00 0
122436 00 00 0
122438 00 00 0
12243A 00 00 0
12243C 00 00 0
12243E 00 00 0
122440 00 00 0
122442 00 00 0
122444 00 00 0
122446 00 00 0
122448 00 00 0
12244A 00 00 0
12244C 00 00 0
12244E 00 00 0
122450 00 00 0
122452 00 00 0
122454 00 00 0
122456 00 00 0
122458 00 00 0
12245A 00 00 0
12245C 00 00 0
12245E 00 00 0
122460 00 00 0
122462 00 00 0
122464 00 00 0
122466 00 00 0
122468 00 00 0
12246A 00 00 0
12246C 00 00 0
12246E 00 00 0
122470 00 00 0
122472 00 00 0
122474 00 00 0
122476 00 00 0
122478 00 00 0
12247A 00 00 0
12247C 00 00 0
12247E 00 00 0
122480 00 00 0
122482 00 00 0
122484 00 00 0
122486 00 00 0
122488 00 00 0
12248A 00 00 0
12248C 00 00 0
12248E 00 00 0
122490 00 00 0
122492 00 00 0
122494 00 00 0
122496 00 00 0
122498 00 00 0
12249A 00 00 0
12249C 00 00 0
12249E 00 00 0
1224A0 00 00 0
1224A2 00 00 0
1224A4 00 00 0
1224A6 00 00 0
1224A8 00 00 0
1224AA 00 00 0
1224AC 00 00 0
1224AE 00 00 0
1224B0 00 00 0
1224B2 00 00 0
1224B4 00 00 0
1224B6 00 00 0
1224B8 00 00 0
1224BA 00 00 0
1224BC 00 00 0
1224BE 00 00 0
1224C0 00 00 0
1224C2 00 00 0
1224C4 00 00 0
1224C6 00 00 0
1224C8 00 00 0
1224CA 00 00 0
1224CC 00 00 0
1224CE 00 00 0
1224D0 00 00 0
1224D2 00 00 0
1224D4 00 00 0
1224D6 00 00 0
1224D8 00 00 0
1224DA 00 00 0
1224DC 00 00 0
1224DE 00 00 0
1224E0 00 00 0
1224E2 00 00 0
1224E4 00 00 0
1224E6 00 00 0
1224E8 00 00 0
1224EA 00 00 0
1224EC 00 00 0
1224EE 00 00 0
1224F0 00 00 0
1224F2 00 00 0
1224F4 00 00 0
1224F6 00 00 0
1224F8 00 00 0
1224FA 00 00 0
1224FC 00 00 0
1224FE 00 00 0
122500 00 00 0
122502 00 00 0
122504 00 00 0
122506 00 00 0
122508 00 00 0
12250A 00 00 0
12250C 00 00 0
12250E 00 00 0
122510 00 00 0
122512 00 00 0
122514 00 00 0
122516 00 00 0
122518 00 00 0
12251A 00 00 0
12251C 00 00 0
12251E 00 00 0
122520 00 00 0
122522 00 00 0
122524 00 00 0
122526 00 00 0
122528 00 00 0
12252A 00 00 0
12252C 00 00 0
12252E 00 00 0
122530 00 00 0
122532 00 00 0
122534 00 00 0
122536 00 00 0
122538 00 00 0
12253A 00 00 0
12253C 00 00 0
12253E 00 00 0
122540 00 00 0
122542 00 00 0
122544 00 00 0
122546 00 00 0
122548 00 00 0
12254A 00 00 0
12254C 00 00 0
12254E 00 00 0
122550 00 00 0
122552 00 00 0
122554 00 00 0
122556 00 00 0
122558 00 00 0
12255A 00 00 0
12255C 00 00 0
12255E 00 00 0
122560 00 00 0
122562 00 00 0
122564 00 00 0
122566 00 00 0
122568 00 00 0
12256A 00 00 0
12256C 00 00 0
12256E 00 00 0
122570 00 00 0
122572 00 00 0
122574 00 00 0
122576 00 00 0
122578 00 00 0
12257A 00 00 0
12257C 00 00 0
12257E 00 00 0
122580 00 00 0
122582 00 00 0
122584 00 00 0
122586 00 00 0
122588 00 00 0
12258A 00 00 0
12258C 00 00 0
12258E 00 00 0
122590 00 00 0
122592 00 00 0
122594 00 00 0
122596 00 00 0
122598 00 00 0
12259A 00 00 0
12259C 00 00 0
12259E 00 00 0
1225A0 00 00 0
1225A2 00 00 0
1225A4 00 00 0
1225A6 00 00 0
1225A8 00 00 0
1225AA 00 00 0
1225AC 00 00 0
1225AE 00 00 0
1225B0 00 00 0
1225B2 00 00 0
1225B4 00 00 0
1225B6 00 00 0
1225B8 00 00 0
1225BA 00 00 0
1225BC 00 00 0
1225BE 00 00 0
1225C0 00 00 0
1225C2 00 00 0
1225C4 00 00 0
1225C6 00 00 0
1225C8 00 00 0
1225CA 00 00 0
1225CC 00 00 0
1225CE 00 00 0
1225D0 00 00 0
1225D2 00 00 0
1225D4 00 00 0
1225D6 00 00 0
1225D8 00 00 0
1225DA 00 00 0
1225DC 00 00 0
1225DE 00 00 0
1225E0 00 00 0
1225E2 00 00 0
1225E4 00 00 0
1225E6 00 00 0
1225E8 00 00 0
1225EA 00 00 0
1225EC 00 00 0
1225EE 00 00 0
1225F0 00 00 0
1225F2 00 00 0
1225F4 00 00 0
1225F6 00 00 0
1225F8 00 00 0
1225FA 00 00 0
1225FC 00 00 0
1225FE 00 00 0
122600 00 00 0
122602 00 00 0
122604 00 00 0
122606 00 00 0
122608 00 00 0
12260A 00 00 0
12260C 00 00 0
12260E 00 00 0
122610 00 00 0
122612 00 00 0
122614 00 00 0
122616 00 00 0
122618 00 00 0
12261A 00 00 0
12261C 00 00 0
12261E 00 00 0
122620 00 00 0
122622 00 00 0
122624 00 00 0
122626 00 00 0
122628 00 00 0
12262A 00 00 0
12262C 00 00 0
12262E 00 00 0
122630 00 00 0
122632 00 00 0
122634 00 00 0
122636 00 00 0
122638 00 00 0
12263A 00 00 0
12263C 00 00 0
12263E 00 00 0
122640 00 00 0
122642 00 00 0
122644 00 00 0
122646 00 00 0
122648 00 00 0
12264A 00 00 0
12264C 00 00 0
12264E 00 00 0
122650 00 00 0
122652 00 00 0
122654 00 00 0
122656 00 00 0
122658 00 00 0
12265A 00 00 0
12265C 00 00 0
12265E 00 00 0
122660 00 00 0
122662 00 00 0
122664 00 00 0
122666 00 00 0
122668 00 00 0
12266A 00 00 0
12266C 00 00 0
12266E 00 00 0
122670 00 00 0
122672 00 00 0
122674 00 00 0
122676 00 00 0
122678 00 00 0
12267A 00 00 0
12267C 00 00 0
12267E 00 00 0
122680 00 00 0
122682 00 00 0
122684 00 00 0
122686 00 00 0
122688 00 00 0
12268A 00 00 0
12268C 00 00 0
12268E 00 00 0
122690 00 00 0
122692 00 00 0
122694 00 00 0
122696 00 00 0
122698 00 00 0
12269A FF FF -1
12269C 80 01 -32767
12269E 00 12 18
1226A0 1E FA 7930
1226A2 00 01 1
1226A4 8E 7C -29060
1226A6 FF FF -1
1226A8 00 12 18
1226AA 00 00 0
1226AC 00 12 18
1226AE 1E FA 7930
1226B0 00 01 1
1226B2 00 7C 124
1226B4 00 12 18
1226B6 26 BE 9918
1226B8 00 01 1
1226BA 9A 8A -25974
1226BC 00 12 18
1226BE 01 12 274
1226C0 00 12 18
1226C2 26 CA 9930
1226C4 00 01 1
1226C6 9A 8A -25974
1226C8 01 7A 378
1226CA 00 12 18
1226CC 1E 80 7808
1226CE 00 12 18
1226D0 00 12 18
1226D2 26 DA 9946
1226D4 00 01 1
1226D6 9A 8A -25974
1226D8 00 98 152
1226DA 00 12 18
1226DC 01 80 384
1226DE 00 12 18
1226E0 26 E8 9960
1226E2 00 01 1
1226E4 9A 8A -25974
1226E6 01 12 274
1226E8 00 12 18
1226EA 40 6E 16494
1226EC 00 12 18
1226EE 40 70 16496
1226F0 00 05 5
1226F2 03 D0 976
1226F4 00 12 18
1226F6 00 98 152
1226F8 00 00 0
1226FA 00 00 0
1226FC 99 99 -26215
1226FE 99 9A -26214
122700 00 00 0
122702 00 02 2
122704 00 01 1
122706 15 72 5490
122708 00 12 18
12270A 40 F4 16628
12270C 00 00 0
12270E 00 00 0
122710 00 12 18
122712 0B E6 3046
122714 00 01 1
122716 01 8C 396
122718 00 12 18
12271A A7 58 -22696
12271C 00 12 18
12271E 49 36 18742
122720 00 04 4
122722 20 10 8208
122724 00 12 18
122726 12 50 4688
122728 00 12 18
12272A 00 00 0
12272C 00 00 0
12272E 00 05 5
122730 60 80 24704
122732 00 12 18
122734 27 32 10034
122736 00 12 18
122738 27 32 10034
12273A 00 00 0
12273C 00 00 0
12273E 00 00 0
122740 00 00 0
122742 01 00 256
122744 00 00 0
122746 4C 43 19523
122748 4B 30 19248
12274A 27 32 10034
12274C 00 12 18
12274E 00 00 0
122750 00 00 0
122752 00 12 18
122754 27 52 10066
122756 00 12 18
122758 27 52 10066
12275A 00 00 0
12275C 00 00 0
12275E 00 00 0
122760 00 00 0
122762 01 00 256
122764 00 00 0
122766 4C 43 19523
122768 4B 31 19249
12276A 27 52 10066
12276C 00 12 18
12276E 00 12 18
122770 27 32 10034
122772 00 12 18
122774 27 72 10098
122776 00 12 18
122778 27 72 10098
12277A 00 00 0
12277C 00 00 0
12277E 00 00 0
122780 00 00 0
122782 01 00 256
122784 00 00 0
122786 4C 43 19523
122788 4B 32 19250
12278A 27 72 10098
12278C 00 12 18
12278E 00 12 18
122790 27 52 10066
122792 00 12 18
122794 27 92 10130
122796 00 12 18
122798 27 92 10130
12279A 00 00 0
12279C 00 00 0
12279E 00 00 0
1227A0 00 00 0
1227A2 01 00 256
1227A4 00 00 0
1227A6 4C 43 19523
1227A8 4B 33 19251
1227AA 27 92 10130
1227AC 00 12 18
1227AE 00 12 18
1227B0 27 72 10098
1227B2 00 12 18
1227B4 27 B2 10162
1227B6 00 12 18
1227B8 27 B2 10162
1227BA 00 00 0
1227BC 00 00 0
1227BE 00 00 0
1227C0 00 00 0
1227C2 01 00 256
1227C4 00 00 0
1227C6 4C 43 19523
1227C8 4B 34 19252
1227CA 27 B2 10162
1227CC 00 12 18
1227CE 00 12 18
1227D0 27 92 10130
1227D2 00 12 18
1227D4 27 D2 10194
1227D6 00 12 18
1227D8 27 D2 10194
1227DA 00 00 0
1227DC 00 00 0
1227DE 00 00 0
1227E0 00 00 0
1227E2 01 00 256
1227E4 00 00 0
1227E6 4C 43 19523
1227E8 4B 35 19253
1227EA 27 D2 10194
1227EC 00 12 18
1227EE 00 12 18
1227F0 27 B2 10162
1227F2 00 12 18
1227F4 27 F2 10226
1227F6 00 12 18
1227F8 27 F2 10226
1227FA 00 00 0
1227FC 00 00 0
1227FE 00 00 0
122800 00 00 0
122802 01 00 256
122804 00 00 0
122806 4C 43 19523
122808 4B 36 19254
12280A 27 F2 10226
12280C 00 12 18
12280E 00 12 18
122810 27 D2 10194
122812 00 12 18
122814 28 12 10258
122816 00 12 18
122818 28 12 10258
12281A 00 00 0
12281C 00 00 0
12281E 00 00 0
122820 00 00 0
122822 01 00 256
122824 00 00 0
122826 4C 43 19523
122828 4B 37 19255
12282A 28 12 10258
12282C 00 12 18
12282E 00 12 18
122830 27 F2 10226
122832 00 12 18
122834 28 32 10290
122836 00 12 18
122838 28 32 10290
12283A 00 00 0
12283C 00 00 0
12283E 00 00 0
122840 00 00 0
122842 01 00 256
122844 00 00 0
122846 4C 43 19523
122848 4B 38 19256
12284A 28 32 10290
12284C 00 12 18
12284E 00 12 18
122850 28 12 10258
122852 00 12 18
122854 28 52 10322
122856 00 12 18
122858 28 52 10322
12285A 00 00 0
12285C 00 00 0
12285E 00 00 0
122860 00 00 0
122862 01 00 256
122864 00 00 0
122866 4C 43 19523
122868 4B 39 19257
12286A 28 52 10322
12286C 00 12 18
12286E 00 12 18
122870 28 32 10290
122872 00 12 18
122874 28 72 10354
122876 00 12 18
122878 28 72 10354
12287A 00 00 0
12287C 00 00 0
12287E 00 00 0
122880 00 00 0
122882 01 00 256
122884 00 00 0
122886 4C 43 19523
122888 4B 3A 19258
12288A 28 72 10354
12288C 00 12 18
12288E 00 12 18
122890 28 52 10322
122892 00 12 18
122894 28 92 10386
122896 00 12 18
122898 28 92 10386
12289A 00 00 0
12289C 00 00 0
12289E 00 00 0
1228A0 00 00 0
1228A2 01 00 256
1228A4 00 00 0
1228A6 4C 43 19523
1228A8 4B 3B 19259
1228AA 28 92 10386
1228AC 00 12 18
1228AE 00 12 18
1228B0 28 72 10354
1228B2 00 12 18
1228B4 28 B2 10418
1228B6 00 12 18
1228B8 28 B2 10418
1228BA 00 00 0
1228BC 00 00 0
1228BE 00 00 0
1228C0 00 00 0
1228C2 01 00 256
1228C4 00 00 0
1228C6 4C 43 19523
1228C8 4B 3C 19260
1228CA 28 B2 10418
1228CC 00 12 18
1228CE 00 12 18
1228D0 28 92 10386
1228D2 00 12 18
1228D4 28 D2 10450
1228D6 00 12 18
1228D8 28 D2 10450
1228DA 00 00 0
1228DC 00 00 0
1228DE 00 00 0
1228E0 00 00 0
1228E2 01 00 256
1228E4 00 00 0
1228E6 4C 43 19523
1228E8 4B 3D 19261
1228EA 28 D2 10450
1228EC 00 12 18
1228EE 00 12 18
1228F0 28 B2 10418
1228F2 00 12 18
1228F4 28 F2 10482
1228F6 00 12 18
1228F8 28 F2 10482
1228FA 00 00 0
1228FC 00 00 0
1228FE 00 00 0
122900 00 00 0
122902 01 00 256
122904 00 00 0
122906 4C 43 19523
122908 4B 3E 19262
12290A 28 F2 10482
12290C 00 12 18
12290E 00 12 18
122910 28 D2 10450
122912 00 12 18
122914 2C A2 11426
122916 00 12 18
122918 2C A2 11426
12291A 00 00 0
12291C 00 00 0
12291E 00 00 0
122920 00 00 0
122922 00 00 0
122924 00 00 0
122926 49 53 18771
122928 52 4D 21069
12292A 29 12 10514
12292C 00 12 18
12292E 00 12 18
122930 28 F2 10482
122932 00 00 0
122934 00 00 0
122936 00 00 0
122938 00 00 0
12293A 00 00 0
12293C 00 00 0
12293E 00 00 0
122940 00 00 0
122942 00 FE 254
122944 00 00 0
122946 00 00 0
122948 00 00 0
12294A 29 32 10546
12294C 00 12 18
12294E 00 12 18
122950 29 52 10578
122952 00 00 0
122954 00 00 0
122956 00 00 0
122958 00 00 0
12295A 00 00 0
12295C 00 00 0
12295E 00 00 0
122960 00 00 0
122962 00 FE 254
122964 00 00 0
122966 00 00 0
122968 00 00 0
12296A 29 52 10578
12296C 00 12 18
12296E 00 12 18
122970 29 72 10610
122972 00 00 0
122974 00 00 0
122976 00 00 0
122978 00 00 0
12297A 00 00 0
12297C 00 00 0
12297E 00 00 0
122980 00 00 0
122982 00 FE 254
122984 00 00 0
122986 00 00 0
122988 00 00 0
12298A 29 72 10610
12298C 00 12 18
12298E 00 12 18
122990 29 92 10642
122992 00 00 0
122994 00 00 0
122996 00 00 0
122998 00 00 0
12299A 00 00 0
12299C 00 00 0
12299E 00 00 0
1229A0 00 00 0
1229A2 00 FE 254
1229A4 00 00 0
1229A6 00 00 0
1229A8 00 00 0
1229AA 29 92 10642
1229AC 00 12 18
1229AE 00 12 18
1229B0 29 B2 10674
1229B2 00 00 0
1229B4 00 00 0
1229B6 00 00 0
1229B8 00 00 0
1229BA 00 00 0
1229BC 00 00 0
1229BE 00 00 0
1229C0 00 00 0
1229C2 00 FE 254
1229C4 00 00 0
1229C6 00 00 0
1229C8 00 00 0
1229CA 29 B2 10674
1229CC 00 12 18
1229CE 00 00 0
1229D0 00 00 0
1229D2 00 12 18
1229D4 29 EA 10730
1229D6 00 00 0
1229D8 00 00 0
1229DA 00 00 0
1229DC 00 00 0
1229DE 00 00 0
1229E0 00 00 0
1229E2 00 00 0
1229E4 00 00 0
1229E6 00 00 0
1229E8 00 00 0
1229EA 00 12 18
1229EC 2A 02 10754
1229EE 00 00 0
1229F0 00 00 0
1229F2 00 00 0
1229F4 00 00 0
1229F6 00 00 0
1229F8 00 00 0
1229FA 00 00 0
1229FC 00 00 0
1229FE 00 00 0
122A00 00 00 0
122A02 00 12 18
122A04 2A 1A 10778
122A06 00 00 0
122A08 00 00 0
122A0A 00 00 0
122A0C 00 00 0
122A0E 00 00 0
122A10 00 00 0
122A12 00 00 0
122A14 00 00 0
122A16 00 00 0
122A18 00 00 0
122A1A 00 12 18
122A1C 2A 32 10802
122A1E 00 00 0
122A20 00 00 0
122A22 00 00 0
122A24 00 00 0
122A26 00 00 0
122A28 00 00 0
122A2A 00 00 0
122A2C 00 00 0
122A2E 00 00 0
122A30 00 00 0
122A32 00 12 18
122A34 2A 4A 10826
122A36 00 00 0
122A38 00 00 0
122A3A 00 00 0
122A3C 00 00 0
122A3E 00 00 0
122A40 00 00 0
122A42 00 00 0
122A44 00 00 0
122A46 00 00 0
122A48 00 00 0
122A4A 00 12 18
122A4C 2A 62 10850
122A4E 00 00 0
122A50 00 00 0
122A52 00 00 0
122A54 00 00 0
122A56 00 00 0
122A58 00 00 0
122A5A 00 00 0
122A5C 00 00 0
122A5E 00 00 0
122A60 00 00 0
122A62 00 12 18
122A64 2A 7A 10874
122A66 00 00 0
122A68 00 00 0
122A6A 00 00 0
122A6C 00 00 0
122A6E 00 00 0
122A70 00 00 0
122A72 00 00 0
122A74 00 00 0
122A76 00 00 0
122A78 00 00 0
122A7A 00 12 18
122A7C 2A 92 10898
122A7E 00 00 0
122A80 00 00 0
122A82 00 00 0
122A84 00 00 0
122A86 00 00 0
122A88 00 00 0
122A8A 00 00 0
122A8C 00 00 0
122A8E 00 00 0
122A90 00 00 0
122A92 00 12 18
122A94 2A AA 10922
122A96 00 00 0
122A98 00 00 0
122A9A 00 00 0
122A9C 00 00 0
122A9E 00 00 0
122AA0 00 00 0
122AA2 00 00 0
122AA4 00 00 0
122AA6 00 00 0
122AA8 00 00 0
122AAA 00 12 18
122AAC 2A C2 10946
122AAE 00 00 0
122AB0 00 00 0
122AB2 00 00 0
122AB4 00 00 0
122AB6 00 00 0
122AB8 00 00 0
122ABA 00 00 0
122ABC 00 00 0
122ABE 00 00 0
122AC0 00 00 0
122AC2 00 12 18
122AC4 2A DA 10970
122AC6 00 00 0
122AC8 00 00 0
122ACA 00 00 0
122ACC 00 00 0
122ACE 00 00 0
122AD0 00 00 0
122AD2 00 00 0
122AD4 00 00 0
122AD6 00 00 0
122AD8 00 00 0
122ADA 00 12 18
122ADC 2A F2 10994
122ADE 00 00 0
122AE0 00 00 0
122AE2 00 00 0
122AE4 00 00 0
122AE6 00 00 0
122AE8 00 00 0
122AEA 00 00 0
122AEC 00 00 0
122AEE 00 00 0
122AF0 00 00 0
122AF2 00 12 18
122AF4 2B 0A 11018
122AF6 00 00 0
122AF8 00 00 0
122AFA 00 00 0
122AFC 00 00 0
122AFE 00 00 0
122B00 00 00 0
122B02 00 00 0
122B04 00 00 0
122B06 00 00 0
122B08 00 00 0
122B0A 00 00 0
122B0C 00 00 0
122B0E 00 00 0
122B10 00 00 0
122B12 00 00 0
122B14 00 00 0
122B16 00 00 0
122B18 00 00 0
122B1A 00 00 0
122B1C 00 00 0
122B1E 00 00 0
122B20 00 00 0
122B22 00 12 18
122B24 2C 22 11298
122B26 00 12 18
122B28 1E 84 7812
122B2A 00 00 0
122B2C 00 00 0
122B2E 00 00 0
122B30 00 00 0
122B32 FF D8 -40
122B34 00 10 16
122B36 87 FF -30721
122B38 20 00 8192
122B3A 00 00 0
122B3C 00 00 0
122B3E 00 12 18
122B40 71 0A 28938
122B42 00 00 0
122B44 00 00 0
122B46 00 00 0
122B48 00 12 18
122B4A D4 DD -11043
122B4C 52 4F 21071
122B4E 4F 54 20308
122B50 00 12 18
122B52 1E FA 7930
122B54 00 00 0
122B56 00 00 0
122B58 00 12 18
122B5A 34 72 13426
122B5C 00 01 1
122B5E 95 40 -27328
122B60 00 00 0
122B62 00 12 18
122B64 34 AE 13486
122B66 00 12 18
122B68 00 00 0
122B6A 00 00 0
122B6C 00 00 0
122B6E 00 00 0
122B70 87 FF -30721
122B72 00 00 0
122B74 60 01 24577
122B76 00 00 0
122B78 00 20 32
122B7A 00 00 0
122B7C 00 0F 15
122B7E 00 00 0
122B80 00 10 16
122B82 00 00 0
122B84 00 02 2
122B86 00 00 0
122B88 00 00 0
122B8A 00 12 18
122B8C 34 86 13446
122B8E 00 12 18
122B90 02 34 564
122B92 00 12 18
122B94 0E AA 3754
122B96 00 12 18
122B98 0B AE 2990
122B9A 00 12 18
122B9C 34 60 13408
122B9E 00 12 18
122BA0 01 38 312
122BA2 00 00 0
122BA4 00 00 0
122BA6 04 12 1042
122BA8 2E A2 11938
122BAA 00 00 0
122BAC 00 00 0
122BAE 00 00 0
122BB0 00 00 0
122BB2 00 FF 255
122BB4 00 00 0
122BB6 00 00 0
122BB8 00 00 0
122BBA 00 00 0
122BBC 00 00 0
122BBE 00 12 18
122BC0 34 B2 13490
122BC2 00 00 0
122BC4 00 12 18
122BC6 2B 22 11042
122BC8 00 12 18
122BCA D4 5D -11171
122BCC 49 44 18756
122BCE 4C 45 19525
122BD0 00 12 18
122BD2 1E FA 7930
122BD4 00 00 0
122BD6 00 00 0
122BD8 00 12 18
122BDA 34 D6 13526
122BDC 00 01 1
122BDE 92 D6 -27946
122BE0 00 00 0
122BE2 00 00 0
122BE4 00 00 0
122BE6 00 12 18
122BE8 00 00 0
122BEA 00 00 0
122BEC 00 00 0
122BEE 00 00 0
122BF0 00 00 0
122BF2 00 00 0
122BF4 00 00 0
122BF6 00 00 0
122BF8 00 00 0
122BFA 00 00 0
122BFC 00 00 0
122BFE 00 00 0
122C00 00 00 0
122C02 00 00 0
122C04 00 00 0
122C06 00 00 0
122C08 00 00 0
122C0A 00 00 0
122C0C 00 00 0
122C0E 00 00 0
122C10 00 00 0
122C12 00 00 0
122C14 00 00 0
122C16 00 00 0
122C18 00 00 0
122C1A 00 00 0
122C1C 00 00 0
122C1E 00 00 0
122C20 00 00 0
122C22 04 12 1042
122C24 2D 22 11554
122C26 00 12 18
122C28 1E 84 7812
122C2A 00 00 0
122C2C 00 00 0
122C2E 00 12 18
122C30 1E 80 7808
122C32 C8 C7 -14137
122C34 00 18 24
122C36 80 03 -32765
122C38 00 00 0
122C3A 00 00 0
122C3C 00 00 0
122C3E 00 12 18
122C40 34 D6 13526
122C42 01 00 256
122C44 00 12 18
122C46 2B A2 11170
122C48 00 12 18
122C4A D3 DD -11299
122C4C 44 49 17481
122C4E 53 50 21328
122C50 00 12 18
122C52 2B 22 11042
122C54 00 00 0
122C56 00 00 0
122C58 00 12 18
122C5A 37 C4 14276
122C5C 00 01 1
122C5E 95 40 -27328
122C60 00 00 0
122C62 00 12 18
122C64 37 E2 14306
122C66 00 12 18
122C68 00 00 0
122C6A 00 00 0
122C6C 00 14 20
122C6E 00 00 0
122C70 80 03 -32765
122C72 00 00 0
122C74 00 01 1
122C76 00 00 0
122C78 00 80 128
122C7A 00 00 0
122C7C 00 00 0
122C7E 00 00 0
122C80 00 01 1
122C82 00 00 0
122C84 00 00 0
122C86 00 00 0
122C88 00 00 0
122C8A 00 12 18
122C8C 37 D8 14296
122C8E 00 12 18
122C90 0B 4C 2892
122C92 00 12 18
122C94 0D A5 3493
122C96 00 12 18
122C98 0D A2 3490
122C9A 00 12 18
122C9C 37 D8 14296
122C9E 00 12 18
122CA0 01 62 354
122CA2 00 12 18
122CA4 29 12 10514
122CA6 00 12 18
122CA8 29 12 10514
122CAA 00 00 0
122CAC 00 00 0
122CAE 00 00 0
122CB0 00 00 0
122CB2 BE FF -16641
122CB4 00 20 32
122CB6 00 00 0
122CB8 00 00 0
122CBA 00 00 0
122CBC 00 00 0
122CBE 00 12 18
122CC0 37 E6 14310
122CC2 00 00 0
122CC4 00 12 18
122CC6 2C 22 11298
122CC8 00 12 18
122CCA D3 5D -11427
122CCC 49 53 18771
122CCE 52 54 21076
122CD0 00 12 18
122CD2 2B 22 11042
122CD4 00 00 0
122CD6 00 00 0
122CD8 00 12 18
122CDA 39 BA 14778
122CDC 00 01 1
122CDE 95 20 -27360
122CE0 00 00 0
122CE2 00 12 18
122CE4 39 F2 14834
122CE6 00 12 18
122CE8 00 00 0
122CEA 00 00 0
122CEC 00 00 0
122CEE 00 00 0
122CF0 00 00 0
122CF2 00 00 0
122CF4 00 00 0
122CF6 00 00 0
122CF8 00 00 0
122CFA 00 00 0
122CFC 00 00 0
122CFE 00 00 0
122D00 00 00 0
122D02 00 00 0
122D04 00 00 0
122D06 00 00 0
122D08 00 00 0
122D0A 00 12 18
122D0C 29 12 10514
122D0E 00 12 18
122D10 39 D8 14808
122D12 00 12 18
122D14 02 6A 618
122D16 00 00 0
122D18 18 EE 6382
122D1A 00 12 18
122D1C 39 D4 14804
122D1E 00 12 18
122D20 01 E0 480
122D22 04 12 1042
122D24 2E A2 11938
122D26 00 12 18
122D28 1E 84 7812
122D2A 00 00 0
122D2C 00 00 0
122D2E 00 00 0
122D30 00 00 0
122D32 96 8F -26993
122D34 00 00 0
122D36 00 00 0
122D38 00 02 2
122D3A 00 00 0
122D3C 00 00 0
122D3E 00 00 0
122D40 00 00 0
122D42 00 00 0
122D44 00 12 18
122D46 2C A2 11426
122D48 04 12 1042
122D4A D2 DD -11555
122D4C 48 50 18512
122D4E 49 42 18754
122D50 00 12 18
122D52 2B 22 11042
122D54 00 00 0
122D56 00 00 0
122D58 00 12 18
122D5A 40 BA 16570
122D5C 00 05 5
122D5E 00 46 70
122D60 00 10 16
122D62 00 12 18
122D64 47 1E 18206
122D66 00 12 18
122D68 00 00 0
122D6A 00 12 18
122D6C 12 50 4688
122D6E 00 12 18
122D70 13 50 4944
122D72 00 00 0
122D74 00 02 2
122D76 99 99 -26215
122D78 99 9A -26214
122D7A 00 00 0
122D7C 00 08 8
122D7E 00 01 1
122D80 15 72 5490
122D82 00 12 18
122D84 40 F4 16628
122D86 00 00 0
122D88 00 00 0
122D8A 00 12 18
122D8C 13 50 4944
122D8E 00 12 18
122D90 01 8C 396
122D92 00 12 18
122D94 49 36 18742
122D96 00 12 18
122D98 49 84 18820
122D9A 00 04 4
122D9C FF EA -22
122D9E 00 12 18
122DA0 01 8C 396
122DA2 04 12 1042
122DA4 2D 22 11554
122DA6 00 12 18
122DA8 1E 84 7812
122DAA 00 00 0
122DAC 00 00 0
122DAE 00 00 0
122DB0 00 00 0
122DB2 A0 FE -24322
122DB4 00 10 16
122DB6 00 04 4
122DB8 00 02 2
122DBA 00 00 0
122DBC 00 00 0
122DBE 00 00 0
122DC0 00 00 0
122DC2 00 00 0
122DC4 04 12 1042
122DC6 2D 22 11554
122DC8 04 12 1042
122DCA D2 5D -11683
122DCC 4B 45 19269
122DCE 59 42 22850
122DD0 00 12 18
122DD2 2B 22 11042
122DD4 00 00 0
122DD6 00 00 0
122DD8 00 12 18
122DDA 52 7C 21116
122DDC 00 01 1
122DDE 95 40 -27328
122DE0 00 10 16
122DE2 00 12 18
122DE4 52 92 21138
122DE6 00 12 18
122DE8 00 00 0
122DEA 00 00 0
122DEC 00 00 0
122DEE FF FF -1
122DF0 00 04 4
122DF2 00 00 0
122DF4 00 00 0
122DF6 00 00 0
122DF8 00 02 2
122DFA FF FF -1
122DFC 01 6E 366
122DFE 00 01 1
122E00 15 72 5490
122E02 00 12 18
122E04 53 04 21252
122E06 00 00 0
122E08 00 00 0
122E0A 00 12 18
122E0C 52 90 21136
122E0E 00 12 18
122E10 01 B6 438
122E12 00 12 18
122E14 5B 46 23366
122E16 00 12 18
122E18 5B 92 23442
122E1A 00 00 0
122E1C 67 A2 26530
122E1E 00 12 18
122E20 01 B6 438
122E22 04 12 1042
122E24 2D A2 11682
122E26 00 12 18
122E28 1E 84 7812
122E2A 00 00 0
122E2C 00 00 0
122E2E 00 00 0
122E30 00 00 0
122E32 AA FF -21761
122E34 00 10 16
122E36 00 01 1
122E38 00 00 0
122E3A 00 00 0
122E3C 00 00 0
122E3E 00 00 0
122E40 00 00 0
122E42 00 00 0
122E44 04 12 1042
122E46 2D A2 11682
122E48 04 12 1042
122E4A D1 DD -11811
122E4C 46 50 18000
122E4E 4E 4C 20044
122E50 00 12 18
122E52 2B 22 11042
122E54 00 00 0
122E56 00 00 0
122E58 00 12 18
122E5A 61 0C 24844
122E5C 00 01 1
122E5E 95 40 -27328
122E60 00 00 0
122E62 00 12 18
122E64 61 22 24866
122E66 00 12 18
122E68 00 00 0
122E6A 00 00 0
122E6C 00 00 0
122E6E 00 00 0
122E70 00 01 1
122E72 00 00 0
122E74 00 00 0
122E76 00 00 0
122E78 00 0F 15
122E7A 00 00 0
122E7C 00 0F 15
122E7E 00 12 18
122E80 00 10 16
122E82 00 00 0
122E84 00 0F 15
122E86 00 00 0
122E88 00 00 0
122E8A 00 12 18
122E8C 61 20 24864
122E8E 00 00 0
122E90 67 32 26418
122E92 00 12 18
122E94 0D A5 3493
122E96 00 12 18
122E98 0D A2 3490
122E9A 00 12 18
122E9C 61 20 24864
122E9E 00 12 18
122EA0 02 34 564
122EA2 00 12 18
122EA4 2B A2 11170
122EA6 04 12 1042
122EA8 2D 22 11554
122EAA 00 00 0
122EAC 00 00 0
122EAE 00 00 0
122EB0 00 00 0
122EB2 91 FF -28161
122EB4 00 00 0
122EB6 00 00 0
122EB8 00 00 0
122EBA 00 00 0
122EBC 00 00 0
122EBE 00 00 0
122EC0 00 00 0
122EC2 00 00 0
122EC4 04 12 1042
122EC6 2E 22 11810
122EC8 04 12 1042
122ECA D1 5D -11939
122ECC 4D 45 19781
122ECE 41 53 16723
122ED0 00 12 18
122ED2 2B 22 11042
122ED4 00 00 0
122ED6 00 00 0
122ED8 00 12 18
122EDA 65 36 25910
122EDC 00 02 2
122EDE 79 5A 31066
122EE0 00 00 0
122EE2 00 00 0
122EE4 00 00 0
122EE6 00 12 18
122EE8 00 00 0
122EEA 00 00 0
122EEC 00 00 0
122EEE 00 00 0
122EF0 00 00 0
122EF2 00 00 0
122EF4 00 00 0
122EF6 00 00 0
122EF8 00 00 0
122EFA 00 00 0
122EFC 00 00 0
122EFE 00 00 0
122F00 00 00 0
122F02 00 00 0
122F04 00 00 0
122F06 00 00 0
122F08 00 00 0
122F0A 00 00 0
122F0C 00 00 0
122F0E 00 00 0
122F10 00 00 0
122F12 00 00 0
122F14 00 00 0
122F16 00 00 0
122F18 00 00 0
122F1A 00 00 0
122F1C 00 00 0
122F1E 00 12 18
122F20 02 0A 522
122F22 00 00 0
122F24 00 00 0
122F26 00 00 0
122F28 00 00 0
122F2A 00 00 0
122F2C 00 00 0
122F2E 00 00 0
122F30 00 00 0
122F32 00 00 0
122F34 00 FF 255
122F36 00 00 0
122F38 00 00 0
122F3A 00 00 0
122F3C 00 00 0
122F3E 00 00 0
122F40 00 00 0
122F42 00 00 0
122F44 00 12 18
122F46 2F A2 12194
122F48 00 12 18
122F4A D0 DD -12067
122F4C 00 00 0
122F4E 00 00 0
122F50 00 00 0
122F52 00 00 0
122F54 00 00 0
122F56 00 00 0
122F58 00 00 0
122F5A 00 00 0
122F5C 00 00 0
122F5E 00 00 0
122F60 00 00 0
122F62 00 00 0
122F64 00 00 0
122F66 00 00 0
122F68 00 00 0
122F6A 00 00 0
122F6C 00 00 0
122F6E 00 00 0
122F70 00 00 0
122F72 00 00 0
122F74 00 00 0
122F76 00 00 0
122F78 00 00 0
122F7A 00 00 0
122F7C 00 00 0
122F7E 00 00 0
122F80 00 00 0
122F82 00 00 0
122F84 00 00 0
122F86 00 00 0
122F88 00 00 0
122F8A 00 00 0
122F8C 00 00 0
122F8E 00 00 0
122F90 00 00 0
122F92 00 00 0
122F94 00 00 0
122F96 00 00 0
122F98 00 00 0
122F9A 00 00 0
122F9C 00 00 0
122F9E 00 00 0
122FA0 00 00 0
122FA2 00 00 0
122FA4 00 00 0
122FA6 00 00 0
122FA8 00 00 0
122FAA 00 00 0
122FAC 00 00 0
122FAE 00 00 0
122FB0 00 00 0
122FB2 00 00 0
122FB4 00 FF 255
122FB6 00 00 0
122FB8 00 00 0
122FBA 00 00 0
122FBC 00 00 0
122FBE 00 00 0
122FC0 00 00 0
122FC2 00 00 0
122FC4 00 12 18
122FC6 30 22 12322
122FC8 00 12 18
122FCA D0 5D -12195
122FCC 00 00 0
122FCE 00 00 0
122FD0 00 00 0
122FD2 00 00 0
122FD4 00 00 0
122FD6 00 00 0
122FD8 00 00 0
122FDA 00 00 0
122FDC 00 00 0
122FDE 00 00 0
122FE0 00 00 0
122FE2 00 00 0
122FE4 00 00 0
122FE6 00 00 0
122FE8 00 00 0
122FEA 00 00 0
122FEC 00 00 0
122FEE 00 00 0
122FF0 00 00 0
122FF2 00 00 0
122FF4 00 00 0
122FF6 00 00 0
122FF8 00 00 0
122FFA 00 00 0
122FFC 00 00 0
122FFE 00 00 0
123000 00 00 0
123002 00 00 0
123004 00 00 0
123006 00 00 0
123008 00 00 0
12300A 00 00 0
12300C 00 00 0
12300E 00 00 0
123010 00 00 0
123012 00 00 0
123014 00 00 0
123016 00 00 0
123018 00 00 0
12301A 00 00 0
12301C 00 00 0
12301E 00 00 0
123020 00 00 0
123022 00 00 0
123024 00 00 0
123026 00 00 0
123028 00 00 0
12302A 00 00 0
12302C 00 00 0
12302E 00 00 0
123030 00 00 0
123032 00 00 0
123034 00 FF 255
123036 00 00 0
123038 00 00 0
12303A 00 00 0
12303C 00 00 0
12303E 00 00 0
123040 00 00 0
123042 00 00 0
123044 00 00 0
123046 00 00 0
123048 00 12 18
12304A CF DD -12323
12304C 00 00 0
12304E 00 00 0
123050 00 00 0
123052 00 00 0
123054 00 00 0
123056 00 00 0
123058 00 00 0
12305A 00 00 0
12305C 00 00 0
12305E 00 00 0
123060 00 00 0
123062 00 00 0
123064 00 00 0
123066 00 00 0
123068 00 00 0
12306A 00 00 0
12306C 00 00 0
12306E 00 00 0
123070 00 00 0
123072 00 00 0
123074 00 00 0
123076 00 00 0
123078 00 00 0
12307A 00 00 0
12307C 00 00 0
12307E 00 00 0
123080 00 00 0
123082 00 00 0
123084 00 00 0
123086 00 00 0
123088 00 00 0
12308A 00 00 0
12308C 00 00 0
12308E 00 00 0
123090 00 00 0
123092 00 00 0
123094 00 00 0
123096 00 00 0
123098 00 00 0
12309A 00 00 0
12309C 00 00 0
12309E 00 00 0
1230A0 00 00 0
1230A2 00 00 0
1230A4 00 00 0
1230A6 00 12 18
1230A8 1E C4 7876
1230AA 00 00 0
1230AC 00 00 0
1230AE 01 00 256
1230B0 04 10 1040
1230B2 00 00 0
1230B4 00 00 0
1230B6 00 00 0
1230B8 00 00 0
1230BA 00 00 0
1230BC 00 00 0
1230BE 00 00 0
1230C0 00 00 0
1230C2 00 00 0
1230C4 00 00 0
1230C6 00 00 0
1230C8 00 00 0
1230CA 00 00 0
1230CC 00 00 0
1230CE 00 00 0
1230D0 00 00 0
1230D2 00 00 0
1230D4 00 00 0
1230D6 00 00 0
1230D8 00 00 0
1230DA 00 00 0
1230DC 00 00 0
1230DE 00 00 0
1230E0 00 00 0
1230E2 00 00 0
1230E4 00 00 0
1230E6 00 00 0
1230E8 00 00 0
1230EA 00 00 0
1230EC 00 00 0
1230EE 00 00 0
1230F0 00 00 0
1230F2 00 00 0
1230F4 00 00 0
1230F6 00 00 0
1230F8 00 00 0
1230FA 00 00 0
1230FC 00 00 0
1230FE 00 00 0
123100 00 00 0
123102 00 00 0
123104 00 00 0
123106 00 00 0
123108 00 00 0
12310A 00 00 0
12310C 00 00 0
12310E 00 00 0
123110 00 00 0
123112 00 00 0
123114 00 00 0
123116 00 00 0
123118 00 00 0
12311A 00 00 0
12311C 00 00 0
12311E 00 00 0
123120 00 00 0
123122 00 00 0
123124 00 00 0
123126 00 00 0
123128 00 00 0
12312A 00 00 0
12312C 00 00 0
12312E 00 00 0
123130 00 00 0
123132 00 00 0
123134 00 00 0
123136 00 00 0
123138 00 00 0
12313A 00 00 0
12313C 00 00 0
12313E 00 00 0
123140 00 00 0
123142 00 00 0
123144 00 00 0
123146 00 00 0
123148 00 00 0
12314A 00 00 0
12314C 00 00 0
12314E 00 00 0
123150 00 00 0
123152 00 00 0
123154 00 00 0
123156 00 00 0
123158 00 00 0
12315A 00 00 0
12315C 00 00 0
12315E 00 00 0
123160 00 00 0
123162 00 00 0
123164 00 00 0
123166 00 00 0
123168 00 00 0
12316A 00 00 0
12316C 00 00 0
12316E 00 00 0
123170 00 00 0
123172 00 00 0
123174 00 00 0
123176 00 00 0
123178 00 00 0
12317A 00 00 0
12317C 00 00 0
12317E 00 00 0
123180 00 00 0
123182 00 00 0
123184 00 00 0
123186 00 00 0
123188 00 00 0
12318A 00 00 0
12318C 00 00 0
12318E 00 00 0
123190 00 00 0
123192 00 00 0
123194 00 00 0
123196 00 00 0
123198 00 00 0
12319A 00 00 0
12319C 00 00 0
12319E 00 00 0
1231A0 00 00 0
1231A2 00 00 0
1231A4 00 00 0
1231A6 00 00 0
1231A8 00 00 0
1231AA 00 00 0
1231AC 00 00 0
1231AE 00 00 0
1231B0 00 00 0
1231B2 00 00 0
1231B4 00 00 0
1231B6 00 00 0
1231B8 00 00 0
1231BA 00 00 0
1231BC 00 00 0
1231BE 00 00 0
1231C0 00 00 0
1231C2 00 00 0
1231C4 00 00 0
1231C6 00 00 0
1231C8 00 00 0
1231CA 00 00 0
1231CC 00 00 0
1231CE 00 00 0
1231D0 00 00 0
1231D2 00 00 0
1231D4 00 00 0
1231D6 00 00 0
1231D8 00 00 0
1231DA 00 00 0
1231DC 00 00 0
1231DE 00 00 0
1231E0 00 00 0
1231E2 00 00 0
1231E4 00 00 0
1231E6 00 00 0
1231E8 00 00 0
1231EA 00 00 0
1231EC 00 00 0
1231EE 00 00 0
1231F0 00 00 0
1231F2 00 00 0
1231F4 00 00 0
1231F6 00 00 0
1231F8 00 00 0
1231FA 00 00 0
1231FC 00 00 0
1231FE 00 00 0
123200 00 00 0
123202 00 00 0
123204 00 00 0
123206 00 00 0
123208 00 00 0
12320A 00 00 0
12320C 00 00 0
12320E 00 00 0
123210 00 00 0
123212 00 00 0
123214 00 00 0
123216 00 00 0
123218 00 00 0
12321A 00 00 0
12321C 00 00 0
12321E 00 00 0
123220 00 00 0
123222 00 00 0
123224 00 00 0
123226 00 00 0
123228 00 00 0
12322A 00 00 0
12322C 00 00 0
12322E 00 00 0
123230 00 00 0
123232 00 00 0
123234 00 00 0
123236 00 00 0
123238 00 00 0
12323A 00 00 0
12323C 00 00 0
12323E 00 00 0
123240 00 00 0
123242 00 00 0
123244 00 00 0
123246 00 00 0
123248 00 00 0
12324A 00 00 0
12324C 00 00 0
12324E 00 00 0
123250 00 00 0
123252 00 00 0
123254 00 00 0
123256 00 00 0
123258 00 00 0
12325A 00 00 0
12325C 00 00 0
12325E 00 00 0
123260 00 00 0
123262 00 00 0
123264 00 00 0
123266 00 00 0
123268 00 00 0
12326A 00 00 0
12326C 00 00 0
12326E 00 00 0
123270 00 00 0
123272 00 00 0
123274 00 00 0
123276 00 00 0
123278 00 00 0
12327A 00 00 0
12327C 00 00 0
12327E 00 00 0
123280 00 00 0
123282 00 00 0
123284 00 00 0
123286 00 00 0
123288 00 00 0
12328A 00 00 0
12328C 00 00 0
12328E 00 00 0
123290 00 00 0
123292 00 00 0
123294 00 00 0
123296 00 00 0
123298 00 00 0
12329A 00 00 0
12329C 00 00 0
12329E 00 00 0
1232A0 00 00 0
1232A2 00 00 0
1232A4 00 00 0
1232A6 00 00 0
1232A8 00 00 0
1232AA 00 00 0
1232AC 00 00 0
1232AE 00 00 0
1232B0 00 00 0
1232B2 00 00 0
1232B4 00 00 0
1232B6 00 00 0
1232B8 00 00 0
1232BA 00 00 0
1232BC 00 00 0
1232BE 00 00 0
1232C0 00 00 0
1232C2 00 00 0
1232C4 00 00 0
1232C6 00 00 0
1232C8 00 00 0
1232CA 00 00 0
1232CC 00 00 0
1232CE 00 00 0
1232D0 00 00 0
1232D2 00 00 0
1232D4 00 00 0
1232D6 00 00 0
1232D8 00 00 0
1232DA 00 00 0
1232DC 00 00 0
1232DE 00 00 0
1232E0 00 00 0
1232E2 00 00 0
1232E4 00 00 0
1232E6 00 00 0
1232E8 00 00 0
1232EA 00 00 0
1232EC 00 00 0
1232EE 00 00 0
1232F0 00 00 0
1232F2 00 00 0
1232F4 00 00 0
1232F6 00 00 0
1232F8 00 00 0
1232FA 00 00 0
1232FC 00 00 0
1232FE 00 00 0
123300 00 00 0
123302 00 00 0
123304 00 00 0
123306 00 00 0
123308 00 00 0
12330A 00 00 0
12330C 00 00 0
12330E 00 00 0
123310 00 00 0
123312 00 00 0
123314 00 00 0
123316 00 00 0
123318 00 00 0
12331A 00 00 0
12331C 00 00 0
12331E 00 00 0
123320 00 00 0
123322 00 00 0
123324 00 00 0
123326 00 00 0
123328 00 00 0
12332A 00 00 0
12332C 00 00 0
12332E 00 00 0
123330 00 00 0
123332 00 00 0
123334 00 00 0
123336 00 00 0
123338 00 00 0
12333A 00 00 0
12333C 00 00 0
12333E 00 00 0
123340 00 00 0
123342 00 00 0
123344 00 00 0
123346 00 00 0
123348 00 00 0
12334A 00 00 0
12334C 00 00 0
12334E 00 00 0
123350 00 00 0
123352 00 00 0
123354 00 00 0
123356 00 00 0
123358 00 00 0
12335A 00 00 0
12335C 00 00 0
12335E 00 00 0
123360 00 00 0
123362 00 00 0
123364 00 00 0
123366 00 00 0
123368 00 00 0
12336A 00 00 0
12336C 00 00 0
12336E 00 00 0
123370 00 00 0
123372 00 00 0
123374 00 00 0
123376 00 00 0
123378 00 00 0
12337A 00 00 0
12337C 00 00 0
12337E 00 00 0
123380 00 00 0
123382 00 00 0
123384 00 00 0
123386 00 00 0
123388 00 00 0
12338A 00 00 0
12338C 00 00 0
12338E 00 00 0
123390 00 00 0
123392 00 00 0
123394 00 00 0
123396 00 00 0
123398 00 00 0
12339A 00 00 0
12339C 00 00 0
12339E 00 00 0
1233A0 00 00 0
1233A2 00 00 0
1233A4 00 00 0
1233A6 00 00 0
1233A8 00 00 0
1233AA 00 00 0
1233AC 00 00 0
1233AE 00 00 0
1233B0 00 00 0
1233B2 00 00 0
1233B4 00 00 0
1233B6 00 00 0
1233B8 00 00 0
1233BA 00 00 0
1233BC 00 00 0
1233BE 00 00 0
1233C0 00 00 0
1233C2 00 00 0
1233C4 00 00 0
1233C6 00 00 0
1233C8 00 00 0
1233CA 00 00 0
1233CC 00 00 0
1233CE 00 00 0
1233D0 00 00 0
1233D2 00 00 0
1233D4 00 00 0
1233D6 00 00 0
1233D8 00 00 0
1233DA 00 00 0
1233DC 00 00 0
1233DE 00 00 0
1233E0 00 00 0
1233E2 00 00 0
1233E4 00 00 0
1233E6 00 00 0
1233E8 00 00 0
1233EA 00 00 0
1233EC 00 05 5
1233EE 71 FE 29182
1233F0 3F F0 16368
1233F2 00 05 5
1233F4 71 FE 29182
1233F6 3F F0 16368
1233F8 3E 53 15955
1233FA 00 02 2
1233FC B2 F4 -19724
1233FE 00 02 2
123400 B3 28 -19672
123402 00 09 9
123404 02 DC 732
123406 00 12 18
123408 34 16 13334
12340A 00 02 2
12340C 99 A2 -26206
12340E 00 22 34
123410 00 12 18
123412 16 B0 5808
123414 00 03 3
123416 00 12 18
123418 34 22 13346
12341A 00 02 2
12341C A4 CC -23348
12341E 00 00 0
123420 00 4B 75
123422 00 12 18
123424 34 46 13382
123426 00 02 2
123428 EA 1C -5604
12342A 00 00 0
12342C 70 CA 28874
12342E 00 12 18
123430 2C 22 11298
123432 00 01 1
123434 00 12 18
123436 34 40 13376
123438 00 00 0
12343A 75 74 30068
12343C 00 10 16
12343E 00 10 16
123440 00 12 18
123442 00 00 0
123444 09 5A 2394
123446 00 00 0
123448 16 52 5714
12344A 00 00 0
12344C 00 91 145
12344E 00 00 0
123450 0A 62 2658
123452 04 12 1042
123454 2E A2 11938
123456 00 02 2
123458 00 00 0
12345A F7 F0 -2064
12345C 00 12 18
12345E 0B AE 2990
123460 00 04 4
123462 00 12 18
123464 34 6E 13422
123466 00 00 0
123468 FC C6 -826
12346A 00 12 18
12346C 0B AE 2990
12346E 00 12 18
123470 34 7A 13434
123472 00 00 0
123474 0F 92 3986
123476 07 FF 2047
123478 00 01 1
12347A 00 00 0
12347C 00 00 0
12347E 00 12 18
123480 34 86 13446
123482 00 00 0
123484 00 00 0
123486 00 01 1
123488 00 00 0
12348A 00 12 18
12348C 3A 06 14854
12348E 00 12 18
123490 4C 16 19478
123492 00 12 18
123494 5E 26 24102
123496 00 12 18
123498 61 36 24886
12349A 52 4F 21071
12349C 4F 54 20308
12349E 04 00 1024
1234A0 00 00 0
1234A2 00 00 0
1234A4 00 00 0
1234A6 00 00 0
1234A8 B4 00 -19456
1234AA 00 00 0
1234AC 00 00 0
1234AE 00 00 0
1234B0 00 00 0
1234B2 00 00 0
1234B4 00 00 0
1234B6 00 12 18
1234B8 1E C4 7876
1234BA 00 12 18
1234BC 30 A2 12450
1234BE 01 00 256
1234C0 00 24 36
1234C2 00 00 0
1234C4 00 00 0
1234C6 00 00 0
1234C8 00 00 0
1234CA 00 00 0
1234CC 00 00 0
1234CE 00 00 0
1234D0 00 00 0
1234D2 00 00 0
1234D4 00 00 0
1234D6 00 00 0
1234D8 00 00 0
1234DA 00 12 18
1234DC 1E C4 7876
1234DE 00 12 18
1234E0 34 B2 13490
1234E2 01 00 256
1234E4 03 10 784
1234E6 00 00 0
1234E8 00 00 0
1234EA 00 00 0
1234EC 00 00 0
1234EE 00 00 0
1234F0 00 00 0
1234F2 00 00 0
1234F4 00 00 0
1234F6 00 00 0
1234F8 00 00 0
1234FA 00 00 0
1234FC 00 00 0
1234FE 00 00 0
123500 00 00 0
123502 00 00 0
123504 00 00 0
123506 00 00 0
123508 00 00 0
12350A 00 00 0
12350C 00 00 0
12350E 00 00 0
123510 00 00 0
123512 00 00 0
123514 00 00 0
123516 00 00 0
123518 00 00 0
12351A 00 00 0
12351C 00 00 0
12351E 00 00 0
123520 00 00 0
123522 00 00 0
123524 00 00 0
123526 00 00 0
123528 00 00 0
12352A 00 00 0
12352C 00 00 0
12352E 00 00 0
123530 00 00 0
123532 00 00 0
123534 00 00 0
123536 00 00 0
123538 00 00 0
12353A 00 00 0
12353C 00 00 0
12353E 00 00 0
123540 00 00 0
123542 00 00 0
123544 00 00 0
123546 00 00 0
123548 00 00 0
12354A 00 00 0
12354C 00 00 0
12354E 00 00 0
123550 00 00 0
123552 00 00 0
123554 00 00 0
123556 00 00 0
123558 00 00 0
12355A 00 00 0
12355C 00 00 0
12355E 00 00 0
123560 00 00 0
123562 00 00 0
123564 00 00 0
123566 00 00 0
123568 00 00 0
12356A 00 00 0
12356C 00 00 0
12356E 00 00 0
123570 00 00 0
123572 00 00 0
123574 00 00 0
123576 00 00 0
123578 00 00 0
12357A 00 00 0
12357C 00 00 0
12357E 00 00 0
123580 00 00 0
123582 00 00 0
123584 00 00 0
123586 00 00 0
123588 00 00 0
12358A 00 00 0
12358C 00 00 0
12358E 00 00 0
123590 00 00 0
123592 00 00 0
123594 00 00 0
123596 00 00 0
123598 00 00 0
12359A 00 00 0
12359C 00 00 0
12359E 00 00 0
1235A0 00 00 0
1235A2 00 00 0
1235A4 00 00 0
1235A6 00 00 0
1235A8 00 00 0
1235AA 00 00 0
1235AC 00 00 0
1235AE 00 00 0
1235B0 00 00 0
1235B2 00 00 0
1235B4 00 00 0
1235B6 00 00 0
1235B8 00 00 0
1235BA 00 00 0
1235BC 00 00 0
1235BE 00 00 0
1235C0 00 00 0
1235C2 00 00 0
1235C4 00 00 0
1235C6 00 00 0
1235C8 00 00 0
1235CA 00 00 0
1235CC 00 00 0
1235CE 00 00 0
1235D0 00 00 0
1235D2 00 00 0
1235D4 00 00 0
1235D6 00 00 0
1235D8 00 00 0
1235DA 00 00 0
1235DC 00 00 0
1235DE 00 00 0
1235E0 00 00 0
1235E2 00 00 0
1235E4 00 00 0
1235E6 00 00 0
1235E8 00 00 0
1235EA 00 00 0
1235EC 00 00 0
1235EE 00 00 0
1235F0 00 00 0
1235F2 00 00 0
1235F4 00 00 0
1235F6 00 00 0
1235F8 00 00 0
1235FA 00 00 0
1235FC 00 00 0
1235FE 00 00 0
123600 00 00 0
123602 00 00 0
123604 00 00 0
123606 00 00 0
123608 00 00 0
12360A 00 00 0
12360C 00 00 0
12360E 00 00 0
123610 00 00 0
123612 00 00 0
123614 00 00 0
123616 00 00 0
123618 00 00 0
12361A 00 00 0
12361C 00 00 0
12361E 00 00 0
123620 00 00 0
123622 00 00 0
123624 00 00 0
123626 00 00 0
123628 00 00 0
12362A 00 00 0
12362C 00 00 0
12362E 00 00 0
123630 00 00 0
123632 00 00 0
123634 00 00 0
123636 00 00 0
123638 00 00 0
12363A 00 00 0
12363C 00 00 0
12363E 00 00 0
123640 00 00 0
123642 00 00 0
123644 00 00 0
123646 00 00 0
123648 00 00 0
12364A 00 00 0
12364C 00 00 0
12364E 00 00 0
123650 00 00 0
123652 00 00 0
123654 00 00 0
123656 00 00 0
123658 00 00 0
12365A 00 00 0
12365C 00 00 0
12365E 00 00 0
123660 00 00 0
123662 00 00 0
123664 00 00 0
123666 00 00 0
123668 00 00 0
12366A 00 00 0
12366C 00 00 0
12366E 00 00 0
123670 00 00 0
123672 00 00 0
123674 00 00 0
123676 00 00 0
123678 00 00 0
12367A 00 00 0
12367C 00 00 0
12367E 00 00 0
123680 00 00 0
123682 00 00 0
123684 00 00 0
123686 00 00 0
123688 00 00 0
12368A 00 00 0
12368C 00 00 0
12368E 00 00 0
123690 00 00 0
123692 00 00 0
123694 00 00 0
123696 00 00 0
123698 00 00 0
12369A 00 00 0
12369C 00 00 0
12369E 00 00 0
1236A0 00 00 0
1236A2 00 00 0
1236A4 00 00 0
1236A6 00 00 0
1236A8 00 00 0
1236AA 00 00 0
1236AC 00 00 0
1236AE 00 00 0
1236B0 00 00 0
1236B2 00 00 0
1236B4 00 00 0
1236B6 00 00 0
1236B8 00 00 0
1236BA 00 00 0
1236BC 00 00 0
1236BE 00 00 0
1236C0 00 00 0
1236C2 00 00 0
1236C4 00 00 0
1236C6 00 00 0
1236C8 00 00 0
1236CA 00 00 0
1236CC 00 00 0
1236CE 00 00 0
1236D0 00 00 0
1236D2 00 00 0
1236D4 00 00 0
1236D6 00 00 0
1236D8 00 00 0
1236DA 00 00 0
1236DC 00 00 0
1236DE 00 00 0
1236E0 00 00 0
1236E2 00 00 0
1236E4 00 00 0
1236E6 00 00 0
1236E8 00 00 0
1236EA 00 00 0
1236EC 00 00 0
1236EE 00 00 0
1236F0 00 00 0
1236F2 00 00 0
1236F4 00 00 0
1236F6 00 00 0
1236F8 00 00 0
1236FA 00 00 0
1236FC 00 00 0
1236FE 00 00 0
123700 00 00 0
123702 00 00 0
123704 00 00 0
123706 00 00 0
123708 00 00 0
12370A 00 00 0
12370C 00 00 0
12370E 00 00 0
123710 00 00 0
123712 00 00 0
123714 00 00 0
123716 00 00 0
123718 00 00 0
12371A 00 00 0
12371C 00 00 0
12371E 00 00 0
123720 00 00 0
123722 00 00 0
123724 00 00 0
123726 00 00 0
123728 00 00 0
12372A 00 00 0
12372C 00 00 0
12372E 00 00 0
123730 00 00 0
123732 00 00 0
123734 00 00 0
123736 00 00 0
123738 00 00 0
12373A 00 00 0
12373C 00 00 0
12373E 00 00 0
123740 00 00 0
123742 00 00 0
123744 00 00 0
123746 00 00 0
123748 00 00 0
12374A 00 00 0
12374C 00 00 0
12374E 00 00 0
123750 00 00 0
123752 00 00 0
123754 00 00 0
123756 00 00 0
123758 00 00 0
12375A 00 00 0
12375C 00 00 0
12375E 00 00 0
123760 00 00 0
123762 00 00 0
123764 00 00 0
123766 00 00 0
123768 00 00 0
12376A 00 00 0
12376C 00 00 0
12376E 00 00 0
123770 00 00 0
123772 00 00 0
123774 00 00 0
123776 00 00 0
123778 00 00 0
12377A 00 00 0
12377C 00 00 0
12377E 00 00 0
123780 00 00 0
123782 00 00 0
123784 00 00 0
123786 70 CA 28874
123788 00 12 18
12378A 2C 22 11298
12378C 00 01 1
12378E 00 12 18
123790 37 9A 14234
123792 00 00 0
123794 75 74 30068
123796 00 10 16
123798 00 10 16
12379A 00 12 18
12379C 37 AC 14252
12379E 00 00 0
1237A0 75 8E 30094
1237A2 00 04 4
1237A4 00 12 18
1237A6 0D A6 3494
1237A8 00 00 0
1237AA 00 00 0
1237AC 00 12 18
1237AE 37 C4 14276
1237B0 00 05 5
1237B2 21 1C 8476
1237B4 00 04 4
1237B6 00 12 18
1237B8 37 C6 14278
1237BA 00 00 0
1237BC 00 12 18
1237BE 37 C8 14280
1237C0 00 00 0
1237C2 6D 5A 27994
1237C4 00 00 0
1237C6 7B 12 31506
1237C8 00 03 3
1237CA 00 01 1
1237CC 00 00 0
1237CE 00 14 20
1237D0 00 12 18
1237D2 37 D8 14296
1237D4 44 49 17481
1237D6 53 50 21328
1237D8 80 03 -32765
1237DA 81 00 -32512
1237DC 00 00 0
1237DE 00 14 20
1237E0 FF 00 -256
1237E2 00 00 0
1237E4 00 00 0
1237E6 00 00 0
1237E8 00 00 0
1237EA 00 12 18
1237EC 1E C4 7876
1237EE 00 12 18
1237F0 34 D6 13526
1237F2 01 00 256
1237F4 02 10 528
1237F6 00 00 0
1237F8 00 00 0
1237FA 00 00 0
1237FC 00 00 0
1237FE 00 00 0
123800 00 00 0
123802 00 00 0
123804 00 00 0
123806 00 00 0
123808 00 00 0
12380A 00 00 0
12380C 00 00 0
12380E 00 00 0
123810 00 00 0
123812 00 00 0
123814 00 00 0
123816 00 00 0
123818 00 00 0
12381A 00 00 0
12381C 00 00 0
12381E 00 00 0
123820 00 00 0
123822 00 00 0
123824 00 00 0
123826 00 00 0
123828 00 00 0
12382A 00 00 0
12382C 00 00 0
12382E 00 00 0
123830 00 00 0
123832 00 00 0
123834 00 00 0
123836 00 00 0
123838 00 00 0
12383A 00 00 0
12383C 00 00 0
12383E 00 00 0
123840 00 00 0
123842 00 00 0
123844 00 00 0
123846 00 00 0
123848 00 00 0
12384A 00 00 0
12384C 00 00 0
12384E 00 00 0
123850 00 00 0
123852 00 00 0
123854 00 00 0
123856 00 00 0
123858 00 00 0
12385A 00 00 0
12385C 00 00 0
12385E 00 00 0
123860 00 00 0
123862 00 00 0
123864 00 00 0
123866 00 00 0
123868 00 00 0
12386A 00 00 0
12386C 00 00 0
12386E 00 00 0
123870 00 00 0
123872 00 00 0
123874 00 00 0
123876 00 00 0
123878 00 00 0
12387A 00 00 0
12387C 00 00 0
12387E 00 00 0
123880 00 00 0
123882 00 00 0
123884 00 00 0
123886 00 00 0
123888 00 00 0
12388A 00 00 0
12388C 00 00 0
12388E 00 00 0
123890 00 00 0
123892 00 00 0
123894 00 00 0
123896 00 00 0
123898 00 00 0
12389A 00 00 0
12389C 00 00 0
12389E 00 00 0
1238A0 00 00 0
1238A2 00 00 0
1238A4 00 00 0
1238A6 00 00 0
1238A8 00 00 0
1238AA 00 00 0
1238AC 00 00 0
1238AE 00 00 0
1238B0 00 00 0
1238B2 00 00 0
1238B4 00 00 0
1238B6 00 00 0
1238B8 00 00 0
1238BA 00 00 0
1238BC 00 00 0
1238BE 00 00 0
1238C0 00 00 0
1238C2 00 00 0
1238C4 00 00 0
1238C6 00 00 0
1238C8 00 00 0
1238CA 00 00 0
1238CC 00 00 0
1238CE 00 00 0
1238D0 00 00 0
1238D2 00 00 0
1238D4 00 00 0
1238D6 00 00 0
1238D8 00 00 0
1238DA 00 00 0
1238DC 00 00 0
1238DE 00 00 0
1238E0 00 00 0
1238E2 00 00 0
1238E4 00 00 0
1238E6 00 00 0
1238E8 00 00 0
1238EA 00 00 0
1238EC 00 00 0
1238EE 00 00 0
1238F0 00 00 0
1238F2 00 00 0
1238F4 00 00 0
1238F6 00 00 0
1238F8 00 00 0
1238FA 00 00 0
1238FC 00 00 0
1238FE 00 00 0
123900 00 00 0
123902 00 00 0
123904 00 00 0
123906 00 00 0
123908 00 00 0
12390A 00 00 0
12390C 00 00 0
12390E 00 00 0
123910 00 00 0
123912 00 00 0
123914 00 00 0
123916 00 00 0
123918 00 00 0
12391A 00 00 0
12391C 00 00 0
12391E 00 00 0
123920 00 00 0
123922 00 00 0
123924 00 00 0
123926 00 00 0
123928 00 00 0
12392A 00 00 0
12392C 00 00 0
12392E 00 00 0
123930 00 00 0
123932 00 00 0
123934 00 00 0
123936 00 00 0
123938 00 00 0
12393A 00 00 0
12393C 00 00 0
12393E 00 00 0
123940 00 00 0
123942 00 00 0
123944 00 00 0
123946 00 00 0
123948 00 00 0
12394A 00 00 0
12394C 00 00 0
12394E 00 00 0
123950 00 00 0
123952 00 00 0
123954 00 00 0
123956 00 00 0
123958 00 00 0
12395A 00 00 0
12395C 00 00 0
12395E 00 00 0
123960 00 00 0
123962 00 00 0
123964 00 00 0
123966 00 00 0
123968 00 00 0
12396A 00 00 0
12396C 00 00 0
12396E 00 00 0
123970 00 00 0
123972 00 00 0
123974 00 00 0
123976 00 00 0
123978 00 00 0
12397A 00 00 0
12397C 00 00 0
12397E 00 00 0
123980 00 00 0
123982 00 00 0
123984 00 00 0
123986 00 00 0
123988 00 00 0
12398A 00 00 0
12398C 00 00 0
12398E 00 00 0
123990 00 00 0
123992 00 00 0
123994 00 00 0
123996 00 00 0
123998 00 00 0
12399A 00 00 0
12399C 00 00 0
12399E 00 00 0
1239A0 00 00 0
1239A2 00 00 0
1239A4 00 00 0
1239A6 00 00 0
1239A8 00 00 0
1239AA 00 00 0
1239AC 00 00 0
1239AE 00 00 0
1239B0 00 00 0
1239B2 00 00 0
1239B4 00 00 0
1239B6 00 00 0
1239B8 00 00 0
1239BA 00 00 0
1239BC 16 EA 5866
1239BE 00 12 18
1239C0 29 12 10514
1239C2 00 12 18
1239C4 39 D8 14808
1239C6 00 00 0
1239C8 00 00 0
1239CA 00 00 0
1239CC 49 53 18771
1239CE 52 54 21076
1239D0 00 00 0
1239D2 00 00 0
1239D4 00 00 0
1239D6 00 00 0
1239D8 00 00 0
1239DA 00 00 0
1239DC 00 00 0
1239DE 00 00 0
1239E0 00 00 0
1239E2 00 00 0
1239E4 00 00 0
1239E6 00 00 0
1239E8 00 00 0
1239EA 00 00 0
1239EC 00 00 0
1239EE 00 00 0
1239F0 00 00 0
1239F2 00 00 0
1239F4 00 00 0
1239F6 00 12 18
1239F8 30 A2 12450
1239FA 00 12 18
1239FC 1E C4 7876
1239FE 00 12 18
123A00 37 E6 14310
123A02 01 00 256
123A04 12 10 4624
123A06 00 00 0
123A08 00 00 0
123A0A 00 00 0
123A0C 00 00 0
123A0E 00 00 0
123A10 00 00 0
123A12 00 00 0
123A14 00 00 0
123A16 00 00 0
123A18 00 00 0
123A1A 00 00 0
123A1C 00 00 0
123A1E 00 00 0
123A20 00 00 0
123A22 00 00 0
123A24 00 00 0
123A26 00 00 0
123A28 00 00 0
123A2A 00 00 0
123A2C 00 00 0
123A2E 00 00 0
123A30 00 00 0
123A32 00 00 0
123A34 00 00 0
123A36 00 00 0
123A38 00 00 0
123A3A 00 00 0
123A3C 00 00 0
123A3E 00 00 0
123A40 00 00 0
123A42 00 00 0
123A44 00 00 0
123A46 00 00 0
123A48 00 00 0
123A4A 00 00 0
123A4C 00 00 0
123A4E 00 00 0
123A50 00 00 0
123A52 00 00 0
123A54 00 00 0
123A56 00 00 0
123A58 00 00 0
123A5A 00 00 0
123A5C 00 00 0
123A5E 00 00 0
123A60 00 00 0
123A62 00 00 0
123A64 00 00 0
123A66 00 00 0
123A68 00 00 0
123A6A 00 00 0
123A6C 00 00 0
123A6E 00 00 0
123A70 00 00 0
123A72 00 00 0
123A74 00 00 0
123A76 00 00 0
123A78 00 00 0
123A7A 00 00 0
123A7C 00 00 0
123A7E 00 00 0
123A80 00 00 0
123A82 00 00 0
123A84 00 00 0
123A86 00 00 0
123A88 00 00 0
123A8A 00 00 0
123A8C 00 00 0
123A8E 00 00 0
123A90 00 00 0
123A92 00 00 0
123A94 00 00 0
123A96 00 00 0
123A98 00 00 0
123A9A 00 00 0
123A9C 00 00 0
123A9E 00 00 0
123AA0 00 00 0
123AA2 00 00 0
123AA4 00 00 0
123AA6 00 00 0
123AA8 00 00 0
123AAA 00 00 0
123AAC 00 00 0
123AAE 00 00 0
123AB0 00 00 0
123AB2 00 00 0
123AB4 00 00 0
123AB6 00 00 0
123AB8 00 00 0
123ABA 00 00 0
123ABC 00 00 0
123ABE 00 00 0
123AC0 00 00 0
123AC2 00 00 0
123AC4 00 00 0
123AC6 00 00 0
123AC8 00 00 0
123ACA 00 00 0
123ACC 00 00 0
123ACE 00 00 0
123AD0 00 00 0
123AD2 00 00 0
123AD4 00 00 0
123AD6 00 00 0
123AD8 00 00 0
123ADA 00 00 0
123ADC 00 00 0
123ADE 00 00 0
123AE0 00 00 0
123AE2 00 00 0
123AE4 00 00 0
123AE6 00 00 0
123AE8 00 00 0
123AEA 00 00 0
123AEC 00 00 0
123AEE 00 00 0
123AF0 00 00 0
123AF2 00 00 0
123AF4 00 00 0
123AF6 00 00 0
123AF8 00 00 0
123AFA 00 00 0
123AFC 00 00 0
123AFE 00 00 0
123B00 00 00 0
123B02 00 00 0
123B04 00 00 0
123B06 00 00 0
123B08 00 00 0
123B0A 00 00 0
123B0C 00 00 0
123B0E 00 00 0
123B10 00 00 0
123B12 00 00 0
123B14 00 00 0
123B16 00 00 0
123B18 00 00 0
123B1A 00 00 0
123B1C 00 00 0
123B1E 00 00 0
123B20 00 00 0
123B22 00 00 0
123B24 00 00 0
123B26 00 00 0
123B28 00 00 0
123B2A 00 00 0
123B2C 00 00 0
123B2E 00 00 0
123B30 00 00 0
123B32 00 00 0
123B34 00 00 0
123B36 00 00 0
123B38 00 00 0
123B3A 00 00 0
123B3C 00 00 0
123B3E 00 00 0
123B40 00 00 0
123B42 00 00 0
123B44 00 00 0
123B46 00 00 0
123B48 00 00 0
123B4A 00 00 0
123B4C 00 00 0
123B4E 00 00 0
123B50 00 00 0
123B52 00 00 0
123B54 00 00 0
123B56 00 00 0
123B58 00 00 0
123B5A 00 00 0
123B5C 00 00 0
123B5E 00 00 0
123B60 00 00 0
123B62 00 00 0
123B64 00 00 0
123B66 00 00 0
123B68 00 00 0
123B6A 00 00 0
123B6C 00 00 0
123B6E 00 00 0
123B70 00 00 0
123B72 00 00 0
123B74 00 00 0
123B76 00 00 0
123B78 00 00 0
123B7A 00 00 0
123B7C 00 00 0
123B7E 00 00 0
123B80 00 00 0
123B82 00 00 0
123B84 00 00 0
123B86 00 00 0
123B88 00 00 0
123B8A 00 00 0
123B8C 00 00 0
123B8E 00 00 0
123B90 00 00 0
123B92 00 00 0
123B94 00 00 0
123B96 00 00 0
123B98 00 00 0
123B9A 00 00 0
123B9C 00 00 0
123B9E 00 00 0
123BA0 00 00 0
123BA2 00 00 0
123BA4 00 00 0
123BA6 00 00 0
123BA8 00 00 0
123BAA 00 00 0
123BAC 00 00 0
123BAE 00 00 0
123BB0 00 00 0
123BB2 00 00 0
123BB4 00 00 0
123BB6 00 00 0
123BB8 00 00 0
123BBA 00 00 0
123BBC 00 00 0
123BBE 00 00 0
123BC0 00 00 0
123BC2 00 00 0
123BC4 00 00 0
123BC6 00 00 0
123BC8 00 00 0
123BCA 00 00 0
123BCC 00 00 0
123BCE 00 00 0
123BD0 00 00 0
123BD2 00 00 0
123BD4 00 00 0
123BD6 00 00 0
123BD8 00 00 0
123BDA 00 00 0
123BDC 00 00 0
123BDE 00 00 0
123BE0 00 00 0
123BE2 00 00 0
123BE4 00 00 0
123BE6 00 00 0
123BE8 00 00 0
123BEA 00 00 0
123BEC 00 00 0
123BEE 00 00 0
123BF0 00 00 0
123BF2 00 00 0
123BF4 00 00 0
123BF6 00 00 0
123BF8 00 00 0
123BFA 00 00 0
123BFC 00 00 0
123BFE 00 00 0
123C00 00 00 0
123C02 00 00 0
123C04 00 00 0
123C06 00 00 0
123C08 00 00 0
123C0A 00 00 0
123C0C 00 00 0
123C0E 00 00 0
123C10 00 00 0
123C12 00 00 0
123C14 00 00 0
123C16 00 00 0
123C18 00 00 0
123C1A 00 00 0
123C1C 00 00 0
123C1E 00 00 0
123C20 00 00 0
123C22 00 00 0
123C24 00 00 0
123C26 00 00 0
123C28 00 00 0
123C2A 00 00 0
123C2C 00 00 0
123C2E 00 00 0
123C30 00 00 0
123C32 00 00 0
123C34 00 00 0
123C36 00 00 0
123C38 00 00 0
123C3A 00 00 0
123C3C 00 00 0
123C3E 00 00 0
123C40 00 00 0
123C42 00 00 0
123C44 00 00 0
123C46 00 00 0
123C48 00 00 0
123C4A 00 00 0
123C4C 00 00 0
123C4E 00 00 0
123C50 00 00 0
123C52 00 00 0
123C54 00 00 0
123C56 00 00 0
123C58 00 00 0
123C5A 00 00 0
123C5C 00 00 0
123C5E 00 00 0
123C60 00 00 0
123C62 00 00 0
123C64 00 00 0
123C66 00 00 0
123C68 00 00 0
123C6A 00 00 0
123C6C 00 00 0
123C6E 00 00 0
123C70 00 00 0
123C72 00 00 0
123C74 00 00 0
123C76 00 00 0
123C78 00 00 0
123C7A 00 00 0
123C7C 00 00 0
123C7E 00 00 0
123C80 00 00 0
123C82 00 00 0
123C84 00 00 0
123C86 00 00 0
123C88 00 00 0
123C8A 00 00 0
123C8C 00 00 0
123C8E 00 00 0
123C90 00 00 0
123C92 00 00 0
123C94 00 00 0
123C96 00 00 0
123C98 00 00 0
123C9A 00 00 0
123C9C 00 00 0
123C9E 00 00 0
123CA0 00 00 0
123CA2 00 00 0
123CA4 00 00 0
123CA6 00 00 0
123CA8 00 00 0
123CAA 00 00 0
123CAC 00 00 0
123CAE 00 00 0
123CB0 00 00 0
123CB2 00 00 0
123CB4 00 00 0
123CB6 00 00 0
123CB8 00 00 0
123CBA 00 00 0
123CBC 00 00 0
123CBE 00 00 0
123CC0 00 00 0
123CC2 00 00 0
123CC4 00 00 0
123CC6 00 00 0
123CC8 00 00 0
123CCA 00 00 0
123CCC 00 00 0
123CCE 00 00 0
123CD0 00 00 0
123CD2 00 00 0
123CD4 00 00 0
123CD6 00 00 0
123CD8 00 00 0
123CDA 00 00 0
123CDC 00 00 0
123CDE 00 00 0
123CE0 00 00 0
123CE2 00 00 0
123CE4 00 00 0
123CE6 00 00 0
123CE8 00 00 0
123CEA 00 00 0
123CEC 00 00 0
123CEE 00 00 0
123CF0 00 00 0
123CF2 00 00 0
123CF4 00 00 0
123CF6 00 00 0
123CF8 00 00 0
123CFA 00 00 0
123CFC 00 00 0
123CFE 00 00 0
123D00 00 00 0
123D02 00 00 0
123D04 00 00 0
123D06 00 00 0
123D08 00 00 0
123D0A 00 00 0
123D0C 00 00 0
123D0E 00 00 0
123D10 00 00 0
123D12 00 00 0
123D14 00 00 0
123D16 00 00 0
123D18 00 00 0
123D1A 00 00 0
123D1C 00 00 0
123D1E 00 00 0
123D20 00 00 0
123D22 00 00 0
123D24 00 00 0
123D26 00 00 0
123D28 00 00 0
123D2A 00 00 0
123D2C 00 00 0
123D2E 00 00 0
123D30 00 00 0
123D32 00 00 0
123D34 00 00 0
123D36 00 00 0
123D38 00 00 0
123D3A 00 00 0
123D3C 00 00 0
123D3E 00 00 0
123D40 00 00 0
123D42 00 00 0
123D44 00 00 0
123D46 00 00 0
123D48 00 00 0
123D4A 00 00 0
123D4C 00 00 0
123D4E 00 00 0
123D50 00 00 0
123D52 00 00 0
123D54 00 00 0
123D56 00 00 0
123D58 00 00 0
123D5A 00 00 0
123D5C 00 00 0
123D5E 00 00 0
123D60 00 00 0
123D62 00 00 0
123D64 00 00 0
123D66 00 00 0
123D68 00 00 0
123D6A 00 00 0
123D6C 00 00 0
123D6E 00 00 0
123D70 00 00 0
123D72 00 00 0
123D74 00 00 0
123D76 00 00 0
123D78 00 00 0
123D7A 00 00 0
123D7C 00 00 0
123D7E 00 00 0
123D80 00 00 0
123D82 00 00 0
123D84 00 00 0
123D86 00 00 0
123D88 00 00 0
123D8A 00 00 0
123D8C 00 00 0
123D8E 00 00 0
123D90 00 00 0
123D92 00 00 0
123D94 00 00 0
123D96 00 00 0
123D98 00 00 0
123D9A 00 00 0
123D9C 00 00 0
123D9E 00 00 0
123DA0 00 00 0
123DA2 00 00 0
123DA4 00 00 0
123DA6 00 00 0
123DA8 00 00 0
123DAA 00 00 0
123DAC 00 00 0
123DAE 00 00 0
123DB0 00 00 0
123DB2 00 00 0
123DB4 00 00 0
123DB6 00 00 0
123DB8 00 00 0
123DBA 00 00 0
123DBC 00 00 0
123DBE 00 00 0
123DC0 00 00 0
123DC2 00 00 0
123DC4 00 00 0
123DC6 00 00 0
123DC8 00 00 0
123DCA 00 00 0
123DCC 00 00 0
123DCE 00 00 0
123DD0 00 00 0
123DD2 00 00 0
123DD4 00 00 0
123DD6 00 00 0
123DD8 00 00 0
123DDA 00 00 0
123DDC 00 00 0
123DDE 00 00 0
123DE0 00 00 0
123DE2 00 00 0
123DE4 00 00 0
123DE6 00 00 0
123DE8 00 00 0
123DEA 00 00 0
123DEC 00 00 0
123DEE 00 00 0
123DF0 00 00 0
123DF2 00 00 0
123DF4 00 00 0
123DF6 00 00 0
123DF8 00 00 0
123DFA 00 00 0
123DFC 00 00 0
123DFE 00 00 0
123E00 00 00 0
123E02 00 00 0
123E04 00 00 0
123E06 00 00 0
123E08 00 00 0
123E0A 00 00 0
123E0C 00 00 0
123E0E 00 00 0
123E10 00 00 0
123E12 00 00 0
123E14 00 00 0
123E16 00 00 0
123E18 00 00 0
123E1A 00 00 0
123E1C 00 00 0
123E1E 00 00 0
123E20 00 00 0
123E22 00 00 0
123E24 00 00 0
123E26 00 00 0
123E28 00 00 0
123E2A 00 00 0
123E2C 00 00 0
123E2E 00 00 0
123E30 00 00 0
123E32 00 00 0
123E34 00 00 0
123E36 00 00 0
123E38 00 00 0
123E3A 00 00 0
123E3C 00 00 0
123E3E 00 00 0
123E40 00 00 0
123E42 00 00 0
123E44 00 00 0
123E46 00 00 0
123E48 00 00 0
123E4A 00 00 0
123E4C 00 00 0
123E4E 00 00 0
123E50 00 00 0
123E52 00 00 0
123E54 00 00 0
123E56 00 00 0
123E58 00 00 0
123E5A 00 00 0
123E5C 00 00 0
123E5E 00 00 0
123E60 00 00 0
123E62 00 00 0
123E64 00 00 0
123E66 00 00 0
123E68 00 00 0
123E6A 00 00 0
123E6C 00 00 0
123E6E 00 00 0
123E70 00 00 0
123E72 00 00 0
123E74 00 00 0
123E76 00 00 0
123E78 00 00 0
123E7A 00 00 0
123E7C 00 00 0
123E7E 00 00 0
123E80 00 00 0
123E82 00 00 0
123E84 00 00 0
123E86 00 00 0
123E88 00 00 0
123E8A 00 00 0
123E8C 00 00 0
123E8E 00 00 0
123E90 00 00 0
123E92 00 00 0
123E94 00 00 0
123E96 00 00 0
123E98 00 00 0
123E9A 00 00 0
123E9C 00 00 0
123E9E 00 00 0
123EA0 00 00 0
123EA2 00 00 0
123EA4 00 00 0
123EA6 00 00 0
123EA8 00 00 0
123EAA 00 00 0
123EAC 00 00 0
123EAE 00 00 0
123EB0 00 00 0
123EB2 00 00 0
123EB4 00 00 0
123EB6 00 00 0
123EB8 00 00 0
123EBA 00 00 0
123EBC 00 00 0
123EBE 00 00 0
123EC0 00 00 0
123EC2 00 00 0
123EC4 00 00 0
123EC6 00 00 0
123EC8 00 00 0
123ECA 00 00 0
123ECC 00 00 0
123ECE 00 00 0
123ED0 00 00 0
123ED2 00 00 0
123ED4 00 00 0
123ED6 00 00 0
123ED8 00 00 0
123EDA 00 00 0
123EDC 00 00 0
123EDE 00 00 0
123EE0 00 00 0
123EE2 00 00 0
123EE4 00 00 0
123EE6 00 00 0
123EE8 00 00 0
123EEA 00 00 0
123EEC 00 00 0
123EEE 00 00 0
123EF0 00 00 0
123EF2 00 00 0
123EF4 00 00 0
123EF6 00 00 0
123EF8 00 00 0
123EFA 00 00 0
123EFC 00 00 0
123EFE 00 00 0
123F00 00 00 0
123F02 00 00 0
123F04 00 00 0
123F06 00 00 0
123F08 00 00 0
123F0A 00 00 0
123F0C 00 00 0
123F0E 00 00 0
123F10 00 00 0
123F12 00 00 0
123F14 00 00 0
123F16 00 00 0
123F18 00 00 0
123F1A 00 00 0
123F1C 00 00 0
123F1E 00 00 0
123F20 00 00 0
123F22 00 00 0
123F24 00 00 0
123F26 00 00 0
123F28 00 00 0
123F2A 00 00 0
123F2C 00 00 0
123F2E 00 00 0
123F30 00 00 0
123F32 00 00 0
123F34 00 00 0
123F36 00 00 0
123F38 00 00 0
123F3A 00 00 0
123F3C 00 00 0
123F3E 00 12 18
123F40 3F 48 16200
123F42 00 00 0
123F44 6E 0E 28174
123F46 00 00 0
123F48 00 03 3
123F4A 00 00 0
123F4C 00 00 0
123F4E 36 FA 14074
123F50 00 00 0
123F52 37 60 14176
123F54 00 06 6
123F56 00 12 18
123F58 00 12 18
123F5A 3F 62 16226
123F5C 00 00 0
123F5E 28 FE 10494
123F60 00 03 3
123F62 00 12 18
123F64 40 B2 16562
123F66 00 01 1
123F68 05 10 1296
123F6A 00 12 18
123F6C 3F 74 16244
123F6E 00 00 0
123F70 19 66 6502
123F72 00 00 0
123F74 56 45 22085
123F76 52 3F 21055
123F78 20 20 8224
123F7A 20 45 8261
123F7C 78 70 30832
123F7E 65 63 25955
123F80 74 65 29797
123F82 64 20 25632
123F84 63 6F 25455
123F86 6D 6D 28013
123F88 61 6E 24942
123F8A 64 20 25632
123F8C 68 65 26725
123F8E 61 64 24932
123F90 65 72 25970
123F92 2E 00 11776
123F94 00 00 0
123F96 00 00 0
123F98 00 00 0
123F9A 00 00 0
123F9C 00 00 0
123F9E 00 00 0
123FA0 00 00 0
123FA2 00 00 0
123FA4 00 00 0
123FA6 00 00 0
123FA8 00 00 0
123FAA 00 00 0
123FAC 00 00 0
123FAE 00 00 0
123FB0 00 00 0
123FB2 00 00 0
123FB4 00 00 0
123FB6 00 00 0
123FB8 00 00 0
123FBA 00 00 0
123FBC 00 00 0
123FBE 00 00 0
123FC0 00 00 0
123FC2 00 00 0
123FC4 00 00 0
123FC6 00 00 0
123FC8 00 00 0
123FCA 00 00 0
123FCC 00 00 0
123FCE 00 00 0
123FD0 00 00 0
123FD2 00 00 0
123FD4 00 00 0
123FD6 00 00 0
123FD8 00 00 0
123FDA 00 00 0
123FDC 00 00 0
123FDE 00 00 0
123FE0 00 00 0
123FE2 00 00 0
123FE4 00 00 0
123FE6 00 00 0
123FE8 00 00 0
123FEA 00 00 0
123FEC 00 00 0
123FEE 00 00 0
123FF0 00 00 0
123FF2 00 00 0
123FF4 00 00 0
123FF6 00 00 0
123FF8 00 00 0
123FFA 00 00 0
123FFC 00 00 0
123FFE 00 00 0
124000 00 00 0
124002 00 00 0
124004 00 00 0
124006 00 00 0
124008 00 00 0
12400A 00 00 0
12400C 00 00 0
12400E 00 00 0
124010 00 00 0
124012 00 00 0
124014 00 00 0
124016 00 00 0
124018 00 00 0
12401A 00 12 18
12401C 49 36 18742
12401E 00 12 18
124020 40 4C 16460
124022 00 05 5
124024 80 5C -32676
124026 00 05 5
124028 80 90 -32624
12402A 00 12 18
12402C 41 14 16660
12402E 00 05 5
124030 80 5C -32676
124032 00 05 5
124034 06 B6 1718
124036 00 05 5
124038 06 68 1640
12403A 00 12 18
12403C 41 14 16660
12403E 00 05 5
124040 06 B6 1718
124042 00 00 0
124044 11 96 4502
124046 10 20 4128
124048 00 00 0
12404A 00 00 0
12404C 00 07 7
12404E 30 30 12336
124050 30 30 12336
124052 30 30 12336
124054 00 07 7
124056 00 12 18
124058 40 72 16498
12405A 00 01 1
12405C 2F 5A 12122
12405E 00 12 18
124060 47 FA 18426
124062 00 12 18
124064 40 6A 16490
124066 00 0E 14
124068 00 00 0
12406A 41 32 16690
12406C 40 6C 16492
12406E 00 00 0
124070 00 00 0
124072 00 12 18
124074 40 8A 16522
124076 00 01 1
124078 2F 7E 12158
12407A 00 12 18
12407C 00 01 1
12407E 20 C6 8390
124080 00 12 18
124082 48 08 18440
124084 00 01 1
124086 73 7E 29566
124088 00 08 8
12408A 00 12 18
12408C 47 1E 18206
12408E 00 01 1
124090 0A 6E 2670
124092 00 12 18
124094 41 14 16660
124096 00 12 18
124098 48 08 18440
12409A 00 12 18
12409C 49 36 18742
12409E 00 12 18
1240A0 48 08 18440
1240A2 00 12 18
1240A4 00 02 2
1240A6 00 00 0
1240A8 A7 58 -22696
1240AA 00 12 18
1240AC 49 36 18742
1240AE 00 12 18
1240B0 41 14 16660
1240B2 00 01 1
1240B4 06 E8 1768
1240B6 00 12 18
1240B8 40 D0 16592
1240BA 00 12 18
1240BC 47 26 18214
1240BE 00 12 18
1240C0 49 36 18742
1240C2 00 12 18
1240C4 45 E2 17890
1240C6 00 12 18
1240C8 45 74 17780
1240CA 00 1C 28
1240CC 00 12 18
1240CE 47 F6 18422
1240D0 00 12 18
1240D2 40 D4 16596
1240D4 00 00 0
1240D6 00 00 0
1240D8 86 BE -31042
1240DA 00 00 0
1240DC 00 00 0
1240DE 00 03 3
1240E0 00 12 18
1240E2 49 82 18818
1240E4 00 00 0
1240E6 00 00 0
1240E8 00 00 0
1240EA 00 00 0
1240EC 00 00 0
1240EE 00 00 0
1240F0 00 00 0
1240F2 00 00 0
1240F4 00 44 68
1240F6 00 00 0
1240F8 9C 06 -25594
1240FA 00 00 0
1240FC 00 00 0
1240FE 00 05 5
124100 00 12 18
124102 49 82 18818
124104 03 0A 778
124106 00 00 0
124108 00 00 0
12410A 00 00 0
12410C 00 00 0
12410E 00 00 0
124110 00 00 0
124112 00 00 0
124114 00 61 97
124116 00 00 0
124118 94 0E -27634
12411A 00 00 0
12411C 00 00 0
12411E 00 04 4
124120 00 12 18
124122 49 88 18824
124124 00 03 3
124126 00 01 1
124128 00 00 0
12412A 00 00 0
12412C 00 00 0
12412E 00 00 0
124130 00 00 0
124132 00 00 0
124134 00 00 0
124136 00 00 0
124138 00 00 0
12413A 00 00 0
12413C 00 00 0
12413E 00 00 0
124140 00 12 18
124142 49 90 18832
124144 00 00 0
124146 00 00 0
124148 00 00 0
12414A 00 00 0
12414C 00 00 0
12414E 00 00 0
124150 00 00 0
124152 00 00 0
124154 00 00 0
124156 00 00 0
124158 00 00 0
12415A 00 00 0
12415C 00 00 0
12415E 00 00 0
124160 00 00 0
124162 00 00 0
124164 00 00 0
124166 00 00 0
124168 00 00 0
12416A 00 00 0
12416C 00 00 0
12416E 00 00 0
124170 00 00 0
124172 00 00 0
124174 00 00 0
124176 00 00 0
124178 00 00 0
12417A 00 00 0
12417C 00 00 0
12417E 00 00 0
124180 00 00 0
124182 00 00 0
124184 00 00 0
124186 00 00 0
124188 00 00 0
12418A 00 00 0
12418C 00 00 0
12418E 00 00 0
124190 00 00 0
124192 00 00 0
124194 00 00 0
124196 00 00 0
124198 00 00 0
12419A 00 00 0
12419C 00 00 0
12419E 00 00 0
1241A0 00 00 0
1241A2 00 00 0
1241A4 00 00 0
1241A6 00 00 0
1241A8 00 00 0
1241AA 00 00 0
1241AC 00 00 0
1241AE 00 00 0
1241B0 00 00 0
1241B2 00 00 0
1241B4 00 00 0
1241B6 00 00 0
1241B8 00 00 0
1241BA 00 00 0
1241BC 00 00 0
1241BE 00 00 0
1241C0 00 00 0
1241C2 00 00 0
1241C4 00 00 0
1241C6 00 00 0
1241C8 00 00 0
1241CA 00 00 0
1241CC 00 00 0
1241CE 00 00 0
1241D0 00 00 0
1241D2 00 00 0
1241D4 00 00 0
1241D6 00 00 0
1241D8 00 00 0
1241DA 00 00 0
1241DC 00 00 0
1241DE 00 00 0
1241E0 00 00 0
1241E2 00 00 0
1241E4 00 00 0
1241E6 00 00 0
1241E8 00 00 0
1241EA 00 00 0
1241EC 00 00 0
1241EE 00 00 0
1241F0 00 00 0
1241F2 00 00 0
1241F4 00 00 0
1241F6 00 00 0
1241F8 00 00 0
1241FA 00 00 0
1241FC 00 00 0
1241FE 00 00 0
124200 00 00 0
124202 00 00 0
124204 00 00 0
124206 00 00 0
124208 00 00 0
12420A 00 00 0
12420C 00 00 0
12420E 00 00 0
124210 00 00 0
124212 00 00 0
124214 00 00 0
124216 00 00 0
124218 00 00 0
12421A 00 00 0
12421C 00 00 0
12421E 00 00 0
124220 00 00 0
124222 00 00 0
124224 00 00 0
124226 00 00 0
124228 00 00 0
12422A 00 00 0
12422C 00 00 0
12422E 00 00 0
124230 00 00 0
124232 00 00 0
124234 00 00 0
124236 00 00 0
124238 00 00 0
12423A 00 00 0
12423C 00 00 0
12423E 00 00 0
124240 00 00 0
124242 00 00 0
124244 00 00 0
124246 00 00 0
124248 00 00 0
12424A 00 00 0
12424C 00 00 0
12424E 00 00 0
124250 00 00 0
124252 00 00 0
124254 00 00 0
124256 00 00 0
124258 00 00 0
12425A 00 00 0
12425C 00 00 0
12425E 00 00 0
124260 00 00 0
124262 00 00 0
124264 00 00 0
124266 00 00 0
124268 00 00 0
12426A 00 00 0
12426C 00 00 0
12426E 00 00 0
124270 00 00 0
124272 00 00 0
124274 00 00 0
124276 00 00 0
124278 00 00 0
12427A 00 00 0
12427C 00 00 0
12427E 00 00 0
124280 00 00 0
124282 00 00 0
124284 00 00 0
124286 00 00 0
124288 00 00 0
12428A 00 00 0
12428C 00 00 0
12428E 00 00 0
124290 00 00 0
124292 00 00 0
124294 00 00 0
124296 00 00 0
124298 00 00 0
12429A 00 00 0
12429C 00 00 0
12429E 00 00 0
1242A0 00 00 0
1242A2 00 00 0
1242A4 00 00 0
1242A6 00 00 0
1242A8 00 00 0
1242AA 00 00 0
1242AC 00 00 0
1242AE 00 00 0
1242B0 00 00 0
1242B2 00 00 0
1242B4 00 00 0
1242B6 00 00 0
1242B8 00 00 0
1242BA 00 00 0
1242BC 00 00 0
1242BE 00 00 0
1242C0 00 00 0
1242C2 00 00 0
1242C4 00 00 0
1242C6 00 00 0
1242C8 00 00 0
1242CA 00 00 0
1242CC 00 00 0
1242CE 00 00 0
1242D0 00 00 0
1242D2 00 00 0
1242D4 00 00 0
1242D6 00 00 0
1242D8 00 00 0
1242DA 00 00 0
1242DC 00 00 0
1242DE 00 00 0
1242E0 00 00 0
1242E2 00 00 0
1242E4 00 00 0
1242E6 00 00 0
1242E8 00 00 0
1242EA 00 00 0
1242EC 00 00 0
1242EE 00 00 0
1242F0 00 00 0
1242F2 00 00 0
1242F4 00 00 0
1242F6 00 00 0
1242F8 00 00 0
1242FA 00 00 0
1242FC 00 00 0
1242FE 00 00 0
124300 00 00 0
124302 00 00 0
124304 00 00 0
124306 00 00 0
124308 00 00 0
12430A 00 00 0
12430C 00 00 0
12430E 00 00 0
124310 00 00 0
124312 00 00 0
124314 00 00 0
124316 00 00 0
124318 00 00 0
12431A 00 00 0
12431C 00 00 0
12431E 00 00 0
124320 00 00 0
124322 00 00 0
124324 00 00 0
124326 00 00 0
124328 00 00 0
12432A 00 00 0
12432C 00 00 0
12432E 00 00 0
124330 00 00 0
124332 00 00 0
124334 00 00 0
124336 00 00 0
124338 00 00 0
12433A 00 00 0
12433C 00 00 0
12433E 00 00 0
124340 00 00 0
124342 00 00 0
124344 00 00 0
124346 00 00 0
124348 00 00 0
12434A 00 00 0
12434C 00 00 0
12434E 00 00 0
124350 00 00 0
124352 00 00 0
124354 00 00 0
124356 00 00 0
124358 00 00 0
12435A 00 00 0
12435C 00 00 0
12435E 00 00 0
124360 00 00 0
124362 00 00 0
124364 00 00 0
124366 00 00 0
124368 00 00 0
12436A 00 00 0
12436C 00 00 0
12436E 00 00 0
124370 00 00 0
124372 00 00 0
124374 00 00 0
124376 00 00 0
124378 00 00 0
12437A 00 00 0
12437C 00 00 0
12437E 00 00 0
124380 00 00 0
124382 00 00 0
124384 00 00 0
124386 00 00 0
124388 00 00 0
12438A 00 00 0
12438C 00 00 0
12438E 00 00 0
124390 00 00 0
124392 00 00 0
124394 00 00 0
124396 00 00 0
124398 00 00 0
12439A 00 00 0
12439C 00 00 0
12439E 00 00 0
1243A0 00 00 0
1243A2 00 00 0
1243A4 00 00 0
1243A6 00 00 0
1243A8 00 00 0
1243AA 00 00 0
1243AC 00 00 0
1243AE 00 00 0
1243B0 00 00 0
1243B2 00 00 0
1243B4 00 00 0
1243B6 00 00 0
1243B8 00 00 0
1243BA 00 00 0
1243BC 00 00 0
1243BE 00 00 0
1243C0 00 00 0
1243C2 00 00 0
1243C4 00 00 0
1243C6 00 00 0
1243C8 00 00 0
1243CA 00 00 0
1243CC 00 00 0
1243CE 00 00 0
1243D0 00 00 0
1243D2 00 00 0
1243D4 00 00 0
1243D6 00 00 0
1243D8 00 00 0
1243DA 00 00 0
1243DC 00 00 0
1243DE 00 00 0
1243E0 00 00 0
1243E2 00 00 0
1243E4 00 00 0
1243E6 00 00 0
1243E8 00 00 0
1243EA 00 00 0
1243EC 00 00 0
1243EE 00 00 0
1243F0 00 00 0
1243F2 00 00 0
1243F4 00 00 0
1243F6 00 00 0
1243F8 00 00 0
1243FA 00 00 0
1243FC 00 00 0
1243FE 00 00 0
124400 00 00 0
124402 00 00 0
124404 00 00 0
124406 00 00 0
124408 00 00 0
12440A 00 00 0
12440C 00 00 0
12440E 00 00 0
124410 00 00 0
124412 00 00 0
124414 00 00 0
124416 00 00 0
124418 00 00 0
12441A 00 00 0
12441C 00 00 0
12441E 00 00 0
124420 00 00 0
124422 00 00 0
124424 00 00 0
124426 00 00 0
124428 00 00 0
12442A 00 00 0
12442C 00 00 0
12442E 00 00 0
124430 00 00 0
124432 00 00 0
124434 00 00 0
124436 00 00 0
124438 00 00 0
12443A 00 00 0
12443C 00 00 0
12443E 00 00 0
124440 00 00 0
124442 00 00 0
124444 00 00 0
124446 00 00 0
124448 00 00 0
12444A 00 00 0
12444C 00 00 0
12444E 00 00 0
124450 00 00 0
124452 00 00 0
124454 00 00 0
124456 00 00 0
124458 00 00 0
12445A 00 00 0
12445C 00 00 0
12445E 00 00 0
124460 00 00 0
124462 00 00 0
124464 00 00 0
124466 00 00 0
124468 00 00 0
12446A 00 00 0
12446C 00 00 0
12446E 00 00 0
124470 00 00 0
124472 00 00 0
124474 00 00 0
124476 00 00 0
124478 00 00 0
12447A 00 00 0
12447C 00 00 0
12447E 00 00 0
124480 00 00 0
124482 00 00 0
124484 00 00 0
124486 00 00 0
124488 00 00 0
12448A 00 00 0
12448C 00 00 0
12448E 00 00 0
124490 00 00 0
124492 00 00 0
124494 00 00 0
124496 00 00 0
124498 00 00 0
12449A 00 00 0
12449C 00 00 0
12449E 00 00 0
1244A0 00 00 0
1244A2 00 00 0
1244A4 00 00 0
1244A6 00 00 0
1244A8 00 00 0
1244AA 00 00 0
1244AC 00 00 0
1244AE 00 00 0
1244B0 00 00 0
1244B2 00 00 0
1244B4 00 00 0
1244B6 00 00 0
1244B8 00 00 0
1244BA 00 00 0
1244BC 00 00 0
1244BE 00 00 0
1244C0 00 00 0
1244C2 00 00 0
1244C4 00 00 0
1244C6 00 00 0
1244C8 00 00 0
1244CA 00 00 0
1244CC 00 00 0
1244CE 00 00 0
1244D0 00 00 0
1244D2 00 00 0
1244D4 00 00 0
1244D6 00 00 0
1244D8 00 00 0
1244DA 00 00 0
1244DC 00 00 0
1244DE 00 00 0
1244E0 00 00 0
1244E2 00 00 0
1244E4 00 00 0
1244E6 00 00 0
1244E8 00 00 0
1244EA 00 00 0
1244EC 00 00 0
1244EE 00 00 0
1244F0 00 00 0
1244F2 00 00 0
1244F4 00 00 0
1244F6 00 00 0
1244F8 00 00 0
1244FA 00 00 0
1244FC 00 00 0
1244FE 00 00 0
124500 00 00 0
124502 00 00 0
124504 00 00 0
124506 00 00 0
124508 00 00 0
12450A 00 00 0
12450C 00 00 0
12450E 00 00 0
124510 00 00 0
124512 00 00 0
124514 00 00 0
124516 00 00 0
124518 00 00 0
12451A 00 00 0
12451C 00 00 0
12451E 00 00 0
124520 00 00 0
124522 00 00 0
124524 00 00 0
124526 00 00 0
124528 00 00 0
12452A 00 00 0
12452C 00 00 0
12452E 00 00 0
124530 00 00 0
124532 00 00 0
124534 00 00 0
124536 00 00 0
124538 00 00 0
12453A 00 00 0
12453C 00 00 0
12453E 00 00 0
124540 00 00 0
124542 00 00 0
124544 00 00 0
124546 00 00 0
124548 00 00 0
12454A 00 00 0
12454C 00 00 0
12454E 00 00 0
124550 00 00 0
124552 00 00 0
124554 00 00 0
124556 00 00 0
124558 00 00 0
12455A 00 00 0
12455C 00 00 0
12455E 00 00 0
124560 00 00 0
124562 00 00 0
124564 00 00 0
124566 00 00 0
124568 00 00 0
12456A 00 00 0
12456C 00 00 0
12456E 00 00 0
124570 00 00 0
124572 00 00 0
124574 00 00 0
124576 00 00 0
124578 00 00 0
12457A 00 00 0
12457C 00 00 0
12457E 00 00 0
124580 00 00 0
124582 00 00 0
124584 00 00 0
124586 00 00 0
124588 00 00 0
12458A 00 00 0
12458C 00 00 0
12458E 00 00 0
124590 00 00 0
124592 00 00 0
124594 00 00 0
124596 00 00 0
124598 00 00 0
12459A 00 00 0
12459C 00 00 0
12459E 00 00 0
1245A0 00 00 0
1245A2 00 00 0
1245A4 00 00 0
1245A6 00 00 0
1245A8 00 00 0
1245AA 00 00 0
1245AC 00 00 0
1245AE 00 00 0
1245B0 00 00 0
1245B2 00 00 0
1245B4 00 05 5
1245B6 2F 92 12178
1245B8 00 12 18
1245BA 45 C0 17856
1245BC 00 00 0
1245BE 00 0C 12
1245C0 00 00 0
1245C2 00 00 0
1245C4 00 30 48
1245C6 00 00 0
1245C8 00 00 0
1245CA 00 00 0
1245CC 00 00 0
1245CE 00 00 0
1245D0 00 00 0
1245D2 00 00 0
1245D4 00 12 18
1245D6 45 74 17780
1245D8 00 00 0
1245DA 00 12 18
1245DC 46 1A 17946
1245DE 00 12 18
1245E0 46 0E 17934
1245E2 01 85 389
1245E4 01 85 389
1245E6 00 05 5
1245E8 30 4A 12362
1245EA 00 12 18
1245EC 02 0E 526
1245EE 00 12 18
1245F0 45 FC 17916
1245F2 00 02 2
1245F4 6C 66 27750
1245F6 00 0E 14
1245F8 00 12 18
1245FA 0E D2 3794
1245FC 00 12 18
1245FE 46 04 17924
124600 00 01 1
124602 ED 20 -4832
124604 00 12 18
124606 47 12 18194
124608 00 00 0
12460A 2F A4 12196
12460C 00 00 0
12460E 30 2C 12332
124610 22 4E 8782
124612 4F 20 20256
124614 45 52 17746
124616 52 4F 21071
124618 52 22 21026
12461A 00 00 0
12461C 00 00 0
12461E 00 00 0
124620 00 00 0
124622 00 00 0
124624 00 00 0
124626 00 00 0
124628 00 00 0
12462A 00 00 0
12462C 00 00 0
12462E 00 00 0
124630 00 00 0
124632 00 00 0
124634 00 00 0
124636 00 00 0
124638 00 00 0
12463A 00 00 0
12463C 00 00 0
12463E 00 00 0
124640 00 00 0
124642 00 00 0
124644 00 00 0
124646 00 00 0
124648 00 00 0
12464A 00 00 0
12464C 00 00 0
12464E 00 00 0
124650 00 00 0
124652 00 00 0
124654 00 00 0
124656 00 00 0
124658 00 00 0
12465A 00 00 0
12465C 00 00 0
12465E 00 00 0
124660 00 00 0
124662 00 00 0
124664 00 00 0
124666 00 00 0
124668 00 00 0
12466A 00 00 0
12466C 00 00 0
12466E 00 00 0
124670 00 00 0
124672 00 00 0
124674 00 00 0
124676 00 00 0
124678 00 00 0
12467A 00 00 0
12467C 00 00 0
12467E 00 00 0
124680 00 00 0
124682 00 00 0
124684 00 00 0
124686 00 00 0
124688 00 00 0
12468A 00 00 0
12468C 00 00 0
12468E 00 00 0
124690 00 00 0
124692 00 00 0
124694 00 00 0
124696 00 00 0
124698 00 00 0
12469A 00 00 0
12469C 00 00 0
12469E 00 00 0
1246A0 00 00 0
1246A2 00 00 0
1246A4 00 00 0
1246A6 00 00 0
1246A8 00 00 0
1246AA 00 00 0
1246AC 00 00 0
1246AE 00 00 0
1246B0 00 00 0
1246B2 00 00 0
1246B4 00 00 0
1246B6 00 00 0
1246B8 00 05 5
1246BA 2F 92 12178
1246BC 00 12 18
1246BE 46 C4 18116
1246C0 00 02 2
1246C2 00 03 3
1246C4 32 00 12800
1246C6 34 35 13365
1246C8 00 32 50
1246CA 00 38 56
1246CC 02 00 512
1246CE 00 12 18
1246D0 46 DC 18140
1246D2 00 02 2
1246D4 6C 66 27750
1246D6 00 07 7
1246D8 00 12 18
1246DA 0E D2 3794
1246DC 00 12 18
1246DE 46 E4 18148
1246E0 00 01 1
1246E2 ED 20 -4832
1246E4 00 12 18
1246E6 46 EE 18158
1246E8 00 01 1
1246EA D0 BE -12098
1246EC 00 00 0
1246EE 00 05 5
1246F0 83 06 -31994
1246F2 00 01 1
1246F4 73 98 29592
1246F6 00 12 18
1246F8 00 06 6
1246FA 00 12 18
1246FC 46 FC 18172
1246FE 41 32 16690
124700 47 00 18176
124702 00 00 0
124704 00 00 0
124706 00 12 18
124708 47 1A 18202
12470A 00 12 18
12470C 48 0E 18446
12470E 00 12 18
124710 47 12 18194
124712 41 32 16690
124714 47 14 18196
124716 00 00 0
124718 00 00 0
12471A 00 12 18
12471C 4B EC 19436
12471E 00 00 0
124720 F0 0C -4084
124722 00 00 0
124724 F0 66 -3994
124726 00 12 18
124728 4B EC 19436
12472A 00 12 18
12472C 47 2E 18222
12472E 00 00 0
124730 F6 1C -2532
124732 00 12 18
124734 4B EC 19436
124736 00 00 0
124738 00 00 0
12473A 00 12 18
12473C 47 F6 18422
12473E 00 00 0
124740 00 00 0
124742 00 03 3
124744 00 00 0
124746 00 00 0
124748 00 00 0
12474A 00 00 0
12474C 00 00 0
12474E 00 00 0
124750 00 00 0
124752 00 00 0
124754 00 00 0
124756 00 00 0
124758 00 00 0
12475A 00 00 0
12475C 00 00 0
12475E 00 00 0
124760 00 00 0
124762 00 00 0
124764 00 00 0
124766 00 00 0
124768 00 00 0
12476A 00 00 0
12476C 00 00 0
12476E 00 00 0
124770 00 00 0
124772 00 00 0
124774 00 00 0
124776 00 00 0
124778 00 00 0
12477A 00 00 0
12477C 00 00 0
12477E 00 00 0
124780 00 00 0
124782 00 00 0
124784 00 00 0
124786 00 00 0
124788 00 00 0
12478A 00 00 0
12478C 00 00 0
12478E 00 00 0
124790 00 00 0
124792 00 00 0
124794 00 00 0
124796 00 00 0
124798 00 00 0
12479A 00 00 0
12479C 00 00 0
12479E 00 00 0
1247A0 00 00 0
1247A2 00 00 0
1247A4 00 00 0
1247A6 00 00 0
1247A8 00 00 0
1247AA 00 00 0
1247AC 00 00 0
1247AE 00 00 0
1247B0 00 00 0
1247B2 00 00 0
1247B4 00 00 0
1247B6 00 00 0
1247B8 00 00 0
1247BA 00 00 0
1247BC 00 00 0
1247BE 00 00 0
1247C0 00 00 0
1247C2 00 00 0
1247C4 00 00 0
1247C6 00 00 0
1247C8 00 00 0
1247CA 00 00 0
1247CC 00 00 0
1247CE 00 00 0
1247D0 00 00 0
1247D2 00 00 0
1247D4 00 00 0
1247D6 00 00 0
1247D8 00 00 0
1247DA 00 00 0
1247DC 00 00 0
1247DE 00 00 0
1247E0 00 00 0
1247E2 00 00 0
1247E4 00 00 0
1247E6 00 00 0
1247E8 00 00 0
1247EA 00 00 0
1247EC 00 00 0
1247EE 00 00 0
1247F0 00 00 0
1247F2 00 00 0
1247F4 00 00 0
1247F6 4E 56 20054
1247F8 00 00 0
1247FA 2F 3C 12092
1247FC 00 00 0
1247FE 00 00 0
124800 2F 3C 12092
124802 41 32 16690
124804 48 04 18436
124806 48 57 18519
124808 4E B9 20153
12480A 00 01 1
12480C 73 7E 29566
12480E 4E 5E 20062
124810 4E 75 20085
124812 00 00 0
124814 00 00 0
124816 00 00 0
124818 00 00 0
12481A 00 00 0
12481C 00 00 0
12481E 00 00 0
124820 00 00 0
124822 00 00 0
124824 00 00 0
124826 00 00 0
124828 00 00 0
12482A 00 00 0
12482C 00 00 0
12482E 00 00 0
124830 00 00 0
124832 00 00 0
124834 00 00 0
124836 00 00 0
124838 00 00 0
12483A 00 00 0
12483C 00 00 0
12483E 00 00 0
124840 00 00 0
124842 00 00 0
124844 00 00 0
124846 00 00 0
124848 00 00 0
12484A 00 00 0
12484C 00 00 0
12484E 00 00 0
124850 00 00 0
124852 00 00 0
124854 00 00 0
124856 00 00 0
124858 00 00 0
12485A 00 00 0
12485C 00 00 0
12485E 00 00 0
124860 00 00 0
124862 00 00 0
124864 00 00 0
124866 00 00 0
124868 00 00 0
12486A 00 00 0
12486C 00 00 0
12486E 00 00 0
124870 00 00 0
124872 00 00 0
124874 00 00 0
124876 00 00 0
124878 00 00 0
12487A 00 00 0
12487C 00 00 0
12487E 00 00 0
124880 00 00 0
124882 00 00 0
124884 00 00 0
124886 00 00 0
124888 00 00 0
12488A 00 00 0
12488C 00 00 0
12488E 00 00 0
124890 00 00 0
124892 00 00 0
124894 00 00 0
124896 00 00 0
124898 00 00 0
12489A 00 00 0
12489C 00 00 0
12489E 00 00 0
1248A0 00 00 0
1248A2 00 00 0
1248A4 00 00 0
1248A6 00 00 0
1248A8 00 00 0
1248AA 00 00 0
1248AC 00 00 0
1248AE 00 00 0
1248B0 00 00 0
1248B2 00 00 0
1248B4 00 00 0
1248B6 00 00 0
1248B8 00 00 0
1248BA 00 00 0
1248BC 00 00 0
1248BE 00 00 0
1248C0 00 00 0
1248C2 00 00 0
1248C4 00 00 0
1248C6 00 00 0
1248C8 00 00 0
1248CA 00 00 0
1248CC 00 00 0
1248CE 00 00 0
1248D0 00 00 0
1248D2 00 00 0
1248D4 00 00 0
1248D6 00 00 0
1248D8 00 00 0
1248DA 00 00 0
1248DC 00 00 0
1248DE 00 00 0
1248E0 00 00 0
1248E2 00 00 0
1248E4 00 00 0
1248E6 00 00 0
1248E8 00 00 0
1248EA 00 00 0
1248EC 00 00 0
1248EE 00 00 0
1248F0 00 00 0
1248F2 00 00 0
1248F4 00 00 0
1248F6 00 00 0
1248F8 00 00 0
1248FA 00 00 0
1248FC 00 00 0
1248FE 00 00 0
124900 00 00 0
124902 00 00 0
124904 00 00 0
124906 00 00 0
124908 00 00 0
12490A 00 00 0
12490C 00 00 0
12490E 00 00 0
124910 00 00 0
124912 00 00 0
124914 00 00 0
124916 00 00 0
124918 00 00 0
12491A 00 00 0
12491C 00 00 0
12491E 00 00 0
124920 00 00 0
124922 00 1C 28
124924 00 00 0
124926 00 00 0
124928 00 00 0
12492A 00 00 0
12492C 00 00 0
12492E 00 00 0
124930 00 00 0
124932 00 00 0
124934 00 00 0
124936 01 85 389
124938 00 00 0
12493A 00 05 5
12493C 00 92 146
12493E 00 04 4
124940 FF EA -22
124942 00 12 18
124944 49 92 18834
124946 00 00 0
124948 00 00 0
12494A 00 12 18
12494C 49 82 18818
12494E 00 03 3
124950 00 00 0
124952 00 00 0
124954 00 00 0
124956 9C 06 -25594
124958 00 12 18
12495A 47 F6 18422
12495C 00 12 18
12495E 4A 9A 19098
124960 00 12 18
124962 4A 8B 19083
124964 00 12 18
124966 4A 54 19028
124968 00 00 0
12496A E2 C4 -7484
12496C 00 00 0
12496E B7 20 -18656
124970 00 00 0
124972 DE 62 -8606
124974 00 00 0
124976 A7 48 -22712
124978 00 00 0
12497A 00 00 0
12497C 00 00 0
12497E 00 00 0
124980 00 00 0
124982 4D 52 19794
124984 45 41 17729
124986 44 00 17408
124988 31 31 12593
12498A 39 38 14648
12498C 34 37 13367
12498E 38 00 14336
124990 3B 00 15104
124992 00 00 0
124994 00 00 0
124996 00 00 0
124998 00 00 0
12499A 00 00 0
12499C 00 00 0
12499E 00 00 0
1249A0 00 00 0
1249A2 00 00 0
1249A4 00 00 0
1249A6 00 00 0
1249A8 00 00 0
1249AA 00 00 0
1249AC 00 00 0
1249AE 00 00 0
1249B0 00 00 0
1249B2 00 00 0
1249B4 00 00 0
1249B6 00 00 0
1249B8 00 00 0
1249BA 00 00 0
1249BC 00 00 0
1249BE 00 00 0
1249C0 00 00 0
1249C2 00 00 0
1249C4 00 00 0
1249C6 00 00 0
1249C8 00 00 0
1249CA 00 00 0
1249CC 00 00 0
1249CE 00 00 0
1249D0 00 00 0
1249D2 00 00 0
1249D4 00 00 0
1249D6 00 00 0
1249D8 00 00 0
1249DA 00 00 0
1249DC 00 00 0
1249DE 00 00 0
1249E0 00 00 0
1249E2 00 00 0
1249E4 00 00 0
1249E6 00 00 0
1249E8 00 00 0
1249EA 00 00 0
1249EC 00 00 0
1249EE 00 00 0
1249F0 00 00 0
1249F2 00 00 0
1249F4 00 00 0
1249F6 00 00 0
1249F8 00 00 0
1249FA 00 00 0
1249FC 00 00 0
1249FE 00 00 0
124A00 00 00 0
124A02 00 00 0
124A04 00 00 0
124A06 00 00 0
124A08 00 00 0
124A0A 00 00 0
124A0C 00 00 0
124A0E 00 00 0
124A10 00 00 0
124A12 00 00 0
124A14 00 00 0
124A16 00 00 0
124A18 00 00 0
124A1A 00 00 0
124A1C 00 00 0
124A1E 00 00 0
124A20 00 00 0
124A22 00 00 0
124A24 00 00 0
124A26 00 00 0
124A28 00 00 0
124A2A 00 00 0
124A2C 00 00 0
124A2E 00 00 0
124A30 00 00 0
124A32 00 00 0
124A34 00 00 0
124A36 00 00 0
124A38 00 00 0
124A3A 00 00 0
124A3C 00 00 0
124A3E 00 00 0
124A40 00 00 0
124A42 00 00 0
124A44 00 00 0
124A46 00 00 0
124A48 00 00 0
124A4A 00 00 0
124A4C 00 00 0
124A4E 00 00 0
124A50 00 00 0
124A52 00 00 0
124A54 00 00 0
124A56 00 00 0
124A58 00 00 0
124A5A 00 00 0
124A5C 00 00 0
124A5E 00 00 0
124A60 00 00 0
124A62 00 00 0
124A64 00 00 0
124A66 00 00 0
124A68 00 00 0
124A6A 00 00 0
124A6C 00 00 0
124A6E 00 00 0
124A70 00 00 0
124A72 00 00 0
124A74 00 00 0
124A76 00 00 0
124A78 00 00 0
124A7A 00 00 0
124A7C 00 00 0
124A7E 00 00 0
124A80 00 00 0
124A82 00 00 0
124A84 00 00 0
124A86 00 00 0
124A88 00 00 0
124A8A 00 00 0
124A8C 00 00 0
124A8E 00 00 0
124A90 00 00 0
124A92 00 00 0
124A94 00 00 0
124A96 00 00 0
124A98 00 00 0
124A9A 00 00 0
124A9C 00 00 0
124A9E 00 00 0
124AA0 00 00 0
124AA2 00 00 0
124AA4 00 00 0
124AA6 00 00 0
124AA8 00 00 0
124AAA 00 00 0
124AAC 00 00 0
124AAE 00 00 0
124AB0 00 00 0
124AB2 00 00 0
124AB4 00 00 0
124AB6 00 00 0
124AB8 00 00 0
124ABA 00 00 0
124ABC 00 00 0
124ABE 00 00 0
124AC0 00 00 0
124AC2 00 00 0
124AC4 00 00 0
124AC6 00 00 0
124AC8 00 00 0
124ACA 00 00 0
124ACC 00 00 0
124ACE 00 00 0
124AD0 00 00 0
124AD2 00 00 0
124AD4 00 00 0
124AD6 00 00 0
124AD8 00 00 0
124ADA 00 00 0
124ADC 00 00 0
124ADE 00 00 0
124AE0 00 00 0
124AE2 00 00 0
124AE4 00 00 0
124AE6 00 00 0
124AE8 00 00 0
124AEA 00 00 0
124AEC 00 00 0
124AEE 00 00 0
124AF0 00 00 0
124AF2 00 00 0
124AF4 00 00 0
124AF6 00 00 0
124AF8 00 00 0
124AFA 00 00 0
124AFC 00 00 0
124AFE 00 00 0
124B00 00 00 0
124B02 00 00 0
124B04 00 00 0
124B06 00 00 0
124B08 00 00 0
124B0A 00 00 0
124B0C 00 00 0
124B0E 00 00 0
124B10 00 00 0
124B12 00 00 0
124B14 00 00 0
124B16 00 00 0
124B18 00 00 0
124B1A 00 00 0
124B1C 00 00 0
124B1E 00 00 0
124B20 00 00 0
124B22 00 00 0
124B24 00 00 0
124B26 00 00 0
124B28 00 00 0
124B2A 00 00 0
124B2C 00 00 0
124B2E 00 00 0
124B30 00 00 0
124B32 00 00 0
124B34 00 00 0
124B36 00 00 0
124B38 00 00 0
124B3A 00 00 0
124B3C 00 00 0
124B3E 00 00 0
124B40 00 00 0
124B42 00 00 0
124B44 00 00 0
124B46 00 00 0
124B48 00 00 0
124B4A 00 00 0
124B4C 00 00 0
124B4E 00 00 0
124B50 00 00 0
124B52 00 00 0
124B54 00 00 0
124B56 00 00 0
124B58 00 00 0
124B5A 00 00 0
124B5C 00 00 0
124B5E 00 00 0
124B60 00 00 0
124B62 00 00 0
124B64 00 00 0
124B66 00 00 0
124B68 00 00 0
124B6A 00 00 0
124B6C 00 00 0
124B6E 00 00 0
124B70 00 00 0
124B72 00 00 0
124B74 00 00 0
124B76 00 00 0
124B78 00 00 0
124B7A 00 00 0
124B7C 00 00 0
124B7E 00 00 0
124B80 00 00 0
124B82 00 00 0
124B84 00 00 0
124B86 00 00 0
124B88 00 00 0
124B8A 00 00 0
124B8C 00 00 0
124B8E 00 00 0
124B90 00 00 0
124B92 00 00 0
124B94 00 00 0
124B96 00 00 0
124B98 00 00 0
124B9A 00 00 0
124B9C 00 00 0
124B9E 00 00 0
124BA0 00 00 0
124BA2 00 00 0
124BA4 00 00 0
124BA6 00 00 0
124BA8 00 00 0
124BAA 00 00 0
124BAC 00 00 0
124BAE 00 00 0
124BB0 00 00 0
124BB2 00 00 0
124BB4 00 00 0
124BB6 00 00 0
124BB8 00 00 0
124BBA 00 00 0
124BBC 00 00 0
124BBE 00 00 0
124BC0 00 00 0
124BC2 00 00 0
124BC4 00 00 0
124BC6 00 00 0
124BC8 00 00 0
124BCA 00 00 0
124BCC 00 00 0
124BCE 00 00 0
124BD0 00 00 0
124BD2 00 00 0
124BD4 00 00 0
124BD6 00 00 0
124BD8 00 00 0
124BDA 00 00 0
124BDC 00 00 0
124BDE 00 00 0
124BE0 00 00 0
124BE2 00 00 0
124BE4 00 00 0
124BE6 00 00 0
124BE8 00 00 0
124BEA 00 00 0
124BEC 00 12 18
124BEE 4C 02 19458
124BF0 00 00 0
124BF2 F6 8E -2418
124BF4 00 04 4
124BF6 FF EA -22
124BF8 00 05 5
124BFA 00 92 146
124BFC 00 00 0
124BFE 48 50 18512
124C00 49 42 18754
124C02 00 12 18
124C04 40 70 16496
124C06 00 12 18
124C08 39 F6 14838
124C0A 00 12 18
124C0C 1E C4 7876
124C0E 00 12 18
124C10 39 F6 14838
124C12 01 00 256
124C14 12 10 4624
124C16 00 00 0
124C18 00 00 0
124C1A 00 00 0
124C1C 00 00 0
124C1E 00 00 0
124C20 00 00 0
124C22 00 00 0
124C24 00 00 0
124C26 00 00 0
124C28 00 00 0
124C2A 00 00 0
124C2C 00 00 0
124C2E 00 00 0
124C30 00 00 0
124C32 00 00 0
124C34 00 00 0
124C36 00 00 0
124C38 00 00 0
124C3A 00 00 0
124C3C 00 00 0
124C3E 00 00 0
124C40 00 00 0
124C42 00 00 0
124C44 00 00 0
124C46 00 00 0
124C48 00 00 0
124C4A 00 00 0
124C4C 00 00 0
124C4E 00 00 0
124C50 00 00 0
124C52 00 00 0
124C54 00 00 0
124C56 00 00 0
124C58 00 00 0
124C5A 00 00 0
124C5C 00 00 0
124C5E 00 00 0
124C60 00 00 0
124C62 00 00 0
124C64 00 00 0
124C66 00 00 0
124C68 00 00 0
124C6A 00 00 0
124C6C 00 00 0
124C6E 00 00 0
124C70 00 00 0
124C72 00 00 0
124C74 00 00 0
124C76 00 00 0
124C78 00 00 0
124C7A 00 00 0
124C7C 00 00 0
124C7E 00 00 0
124C80 00 00 0
124C82 00 00 0
124C84 00 00 0
124C86 00 00 0
124C88 00 00 0
124C8A 00 00 0
124C8C 00 00 0
124C8E 00 00 0
124C90 00 00 0
124C92 00 00 0
124C94 00 00 0
124C96 00 00 0
124C98 00 00 0
124C9A 00 00 0
124C9C 00 00 0
124C9E 00 00 0
124CA0 00 00 0
124CA2 00 00 0
124CA4 00 00 0
124CA6 00 00 0
124CA8 00 00 0
124CAA 00 00 0
124CAC 00 00 0
124CAE 00 00 0
124CB0 00 00 0
124CB2 00 00 0
124CB4 00 00 0
124CB6 00 00 0
124CB8 00 00 0
124CBA 00 00 0
124CBC 00 00 0
124CBE 00 00 0
124CC0 00 00 0
124CC2 00 00 0
124CC4 00 00 0
124CC6 00 00 0
124CC8 00 00 0
124CCA 00 00 0
124CCC 00 00 0
124CCE 00 00 0
124CD0 00 00 0
124CD2 00 00 0
124CD4 00 00 0
124CD6 00 00 0
124CD8 00 00 0
124CDA 00 00 0
124CDC 00 00 0
124CDE 00 00 0
124CE0 00 00 0
124CE2 00 00 0
124CE4 00 00 0
124CE6 00 00 0
124CE8 00 00 0
124CEA 00 00 0
124CEC 00 00 0
124CEE 00 00 0
124CF0 00 00 0
124CF2 00 00 0
124CF4 00 00 0
124CF6 00 00 0
124CF8 00 00 0
124CFA 00 00 0
124CFC 00 00 0
124CFE 00 00 0
124D00 00 00 0
124D02 00 00 0
124D04 00 00 0
124D06 00 00 0
124D08 00 00 0
124D0A 00 00 0
124D0C 00 00 0
124D0E 00 00 0
124D10 00 00 0
124D12 00 00 0
124D14 00 00 0
124D16 00 00 0
124D18 00 00 0
124D1A 00 00 0
124D1C 00 00 0
124D1E 00 00 0
124D20 00 00 0
124D22 00 00 0
124D24 00 00 0
124D26 00 00 0
124D28 00 00 0
124D2A 00 00 0
124D2C 00 00 0
124D2E 00 00 0
124D30 00 00 0
124D32 00 00 0
124D34 00 00 0
124D36 00 00 0
124D38 00 00 0
124D3A 00 00 0
124D3C 00 00 0
124D3E 00 00 0
124D40 00 00 0
124D42 00 00 0
124D44 00 00 0
124D46 00 00 0
124D48 00 00 0
124D4A 00 00 0
124D4C 00 00 0
124D4E 00 00 0
124D50 00 00 0
124D52 00 00 0
124D54 00 00 0
124D56 00 00 0
124D58 00 00 0
124D5A 00 00 0
124D5C 00 00 0
124D5E 00 00 0
124D60 00 00 0
124D62 00 00 0
124D64 00 00 0
124D66 00 00 0
124D68 00 00 0
124D6A 00 00 0
124D6C 00 00 0
124D6E 00 00 0
124D70 00 00 0
124D72 00 00 0
124D74 00 00 0
124D76 00 00 0
124D78 00 00 0
124D7A 00 00 0
124D7C 00 00 0
124D7E 00 00 0
124D80 00 00 0
124D82 00 00 0
124D84 00 00 0
124D86 00 00 0
124D88 00 00 0
124D8A 00 00 0
124D8C 00 00 0
124D8E 00 00 0
124D90 00 00 0
124D92 00 00 0
124D94 00 00 0
124D96 00 00 0
124D98 00 00 0
124D9A 00 00 0
124D9C 00 00 0
124D9E 00 00 0
124DA0 00 00 0
124DA2 00 00 0
124DA4 00 00 0
124DA6 00 00 0
124DA8 00 00 0
124DAA 00 00 0
124DAC 00 00 0
124DAE 00 00 0
124DB0 00 00 0
124DB2 00 00 0
124DB4 00 00 0
124DB6 00 00 0
124DB8 00 00 0
124DBA 00 00 0
124DBC 00 00 0
124DBE 00 00 0
124DC0 00 00 0
124DC2 00 00 0
124DC4 00 00 0
124DC6 00 00 0
124DC8 00 00 0
124DCA 00 00 0
124DCC 00 00 0
124DCE 00 00 0
124DD0 00 00 0
124DD2 00 00 0
124DD4 00 00 0
124DD6 00 00 0
124DD8 00 00 0
124DDA 00 00 0
124DDC 00 00 0
124DDE 00 00 0
124DE0 00 00 0
124DE2 00 00 0
124DE4 00 00 0
124DE6 00 00 0
124DE8 00 00 0
124DEA 00 00 0
124DEC 00 00 0
124DEE 00 00 0
124DF0 00 00 0
124DF2 00 00 0
124DF4 00 00 0
124DF6 00 00 0
124DF8 00 00 0
124DFA 00 00 0
124DFC 00 00 0
124DFE 00 00 0
124E00 00 00 0
124E02 00 00 0
124E04 00 00 0
124E06 00 00 0
124E08 00 00 0
124E0A 00 00 0
124E0C 00 00 0
124E0E 00 00 0
124E10 00 00 0
124E12 00 00 0
124E14 00 00 0
124E16 00 00 0
124E18 00 00 0
124E1A 00 00 0
124E1C 00 00 0
124E1E 00 00 0
124E20 00 00 0
124E22 00 00 0
124E24 00 00 0
124E26 00 00 0
124E28 00 00 0
124E2A 00 00 0
124E2C 00 00 0
124E2E 00 00 0
124E30 00 00 0
124E32 00 00 0
124E34 00 00 0
124E36 00 00 0
124E38 00 00 0
124E3A 00 00 0
124E3C 00 00 0
124E3E 00 00 0
124E40 00 00 0
124E42 00 00 0
124E44 00 00 0
124E46 00 00 0
124E48 00 00 0
124E4A 00 00 0
124E4C 00 00 0
124E4E 00 00 0
124E50 00 00 0
124E52 00 00 0
124E54 00 00 0
124E56 00 00 0
124E58 00 00 0
124E5A 00 00 0
124E5C 00 00 0
124E5E 00 00 0
124E60 00 00 0
124E62 00 00 0
124E64 00 00 0
124E66 00 00 0
124E68 00 00 0
124E6A 00 00 0
124E6C 00 00 0
124E6E 00 00 0
124E70 00 00 0
124E72 00 00 0
124E74 00 00 0
124E76 00 00 0
124E78 00 00 0
124E7A 00 00 0
124E7C 00 00 0
124E7E 00 00 0
124E80 00 00 0
124E82 00 00 0
124E84 00 00 0
124E86 00 00 0
124E88 00 00 0
124E8A 00 00 0
124E8C 00 00 0
124E8E 00 00 0
124E90 00 00 0
124E92 00 00 0
124E94 00 00 0
124E96 00 00 0
124E98 00 00 0
124E9A 00 00 0
124E9C 00 00 0
124E9E 00 00 0
124EA0 00 00 0
124EA2 00 00 0
124EA4 00 00 0
124EA6 00 00 0
124EA8 00 00 0
124EAA 00 00 0
124EAC 00 00 0
124EAE 00 00 0
124EB0 00 00 0
124EB2 00 00 0
124EB4 00 00 0
124EB6 00 00 0
124EB8 00 00 0
124EBA 00 00 0
124EBC 00 00 0
124EBE 00 00 0
124EC0 00 00 0
124EC2 00 00 0
124EC4 00 00 0
124EC6 00 00 0
124EC8 00 00 0
124ECA 00 00 0
124ECC 00 00 0
124ECE 00 00 0
124ED0 00 00 0
124ED2 00 00 0
124ED4 00 00 0
124ED6 00 00 0
124ED8 00 00 0
124EDA 00 00 0
124EDC 00 00 0
124EDE 00 00 0
124EE0 00 00 0
124EE2 00 00 0
124EE4 00 00 0
124EE6 00 00 0
124EE8 00 00 0
124EEA 00 00 0
124EEC 00 00 0
124EEE 00 00 0
124EF0 00 00 0
124EF2 00 00 0
124EF4 00 00 0
124EF6 00 00 0
124EF8 00 00 0
124EFA 00 00 0
124EFC 00 00 0
124EFE 00 00 0
124F00 00 00 0
124F02 00 00 0
124F04 00 00 0
124F06 00 00 0
124F08 00 00 0
124F0A 00 00 0
124F0C 00 00 0
124F0E 00 00 0
124F10 00 00 0
124F12 00 00 0
124F14 00 00 0
124F16 00 00 0
124F18 00 00 0
124F1A 00 00 0
124F1C 00 00 0
124F1E 00 00 0
124F20 00 00 0
124F22 00 00 0
124F24 00 00 0
124F26 00 00 0
124F28 00 00 0
124F2A 00 00 0
124F2C 00 00 0
124F2E 00 00 0
124F30 00 00 0
124F32 00 00 0
124F34 00 00 0
124F36 00 00 0
124F38 00 00 0
124F3A 00 00 0
124F3C 00 00 0
124F3E 00 00 0
124F40 00 00 0
124F42 00 00 0
124F44 00 00 0
124F46 00 00 0
124F48 00 00 0
124F4A 00 00 0
124F4C 00 00 0
124F4E 00 00 0
124F50 00 00 0
124F52 00 00 0
124F54 00 00 0
124F56 00 00 0
124F58 00 00 0
124F5A 00 00 0
124F5C 00 00 0
124F5E 00 00 0
124F60 00 00 0
124F62 00 00 0
124F64 00 00 0
124F66 00 00 0
124F68 00 00 0
124F6A 00 00 0
124F6C 00 00 0
124F6E 00 00 0
124F70 00 00 0
124F72 00 00 0
124F74 00 00 0
124F76 00 00 0
124F78 00 00 0
124F7A 00 00 0
124F7C 00 00 0
124F7E 00 00 0
124F80 00 00 0
124F82 00 00 0
124F84 00 00 0
124F86 00 00 0
124F88 00 00 0
124F8A 00 00 0
124F8C 00 00 0
124F8E 00 00 0
124F90 00 00 0
124F92 00 00 0
124F94 00 00 0
124F96 00 00 0
124F98 00 00 0
124F9A 00 00 0
124F9C 00 00 0
124F9E 00 00 0
124FA0 00 00 0
124FA2 00 00 0
124FA4 00 00 0
124FA6 00 00 0
124FA8 00 00 0
124FAA 00 00 0
124FAC 00 00 0
124FAE 00 00 0
124FB0 00 00 0
124FB2 00 00 0
124FB4 00 00 0
124FB6 00 00 0
124FB8 00 00 0
124FBA 00 00 0
124FBC 00 00 0
124FBE 00 00 0
124FC0 00 00 0
124FC2 00 00 0
124FC4 00 00 0
124FC6 00 00 0
124FC8 00 00 0
124FCA 00 00 0
124FCC 00 00 0
124FCE 00 00 0
124FD0 00 00 0
124FD2 00 00 0
124FD4 00 00 0
124FD6 00 00 0
124FD8 00 00 0
124FDA 00 00 0
124FDC 00 00 0
124FDE 00 00 0
124FE0 00 00 0
124FE2 00 00 0
124FE4 00 00 0
124FE6 00 00 0
124FE8 00 00 0
124FEA 00 00 0
124FEC 00 00 0
124FEE 00 00 0
124FF0 00 00 0
124FF2 00 00 0
124FF4 00 00 0
124FF6 00 00 0
124FF8 00 00 0
124FFA 00 00 0
124FFC 00 00 0
124FFE 00 00 0
125000 00 00 0
125002 00 00 0
125004 00 00 0
125006 00 00 0
125008 00 00 0
12500A 00 00 0
12500C 00 00 0
12500E 00 00 0
125010 00 00 0
125012 00 00 0
125014 00 00 0
125016 00 00 0
125018 00 00 0
12501A 00 00 0
12501C 00 00 0
12501E 00 00 0
125020 00 00 0
125022 00 00 0
125024 00 00 0
125026 00 00 0
125028 00 00 0
12502A 00 00 0
12502C 00 00 0
12502E 00 00 0
125030 00 00 0
125032 00 00 0
125034 00 00 0
125036 00 00 0
125038 00 00 0
12503A 00 00 0
12503C 00 00 0
12503E 00 00 0
125040 00 00 0
125042 00 00 0
125044 00 00 0
125046 00 00 0
125048 00 00 0
12504A 00 00 0
12504C 00 00 0
12504E 00 00 0
125050 00 00 0
125052 00 00 0
125054 00 00 0
125056 00 00 0
125058 00 00 0
12505A 00 00 0
12505C 00 00 0
12505E 00 00 0
125060 00 00 0
125062 00 00 0
125064 00 00 0
125066 00 00 0
125068 00 00 0
12506A 00 00 0
12506C 00 00 0
12506E 00 00 0
125070 00 00 0
125072 00 00 0
125074 00 00 0
125076 00 00 0
125078 00 00 0
12507A 00 00 0
12507C 00 00 0
12507E 00 00 0
125080 00 00 0
125082 00 00 0
125084 00 00 0
125086 00 00 0
125088 00 00 0
12508A 00 00 0
12508C 00 00 0
12508E 00 00 0
125090 00 00 0
125092 00 00 0
125094 00 00 0
125096 00 00 0
125098 00 00 0
12509A 00 00 0
12509C 00 00 0
12509E 00 00 0
1250A0 00 00 0
1250A2 00 00 0
1250A4 00 00 0
1250A6 00 00 0
1250A8 00 00 0
1250AA 00 00 0
1250AC 00 00 0
1250AE 00 00 0
1250B0 00 00 0
1250B2 00 00 0
1250B4 00 00 0
1250B6 00 00 0
1250B8 00 00 0
1250BA 00 00 0
1250BC 00 00 0
1250BE 00 00 0
1250C0 00 00 0
1250C2 00 00 0
1250C4 00 00 0
1250C6 00 00 0
1250C8 00 00 0
1250CA 00 00 0
1250CC 00 00 0
1250CE 00 00 0
1250D0 00 00 0
1250D2 00 00 0
1250D4 00 00 0
1250D6 00 00 0
1250D8 00 00 0
1250DA 00 00 0
1250DC 00 00 0
1250DE 00 00 0
1250E0 00 00 0
1250E2 00 00 0
1250E4 00 00 0
1250E6 00 00 0
1250E8 00 00 0
1250EA 00 00 0
1250EC 00 00 0
1250EE 00 00 0
1250F0 00 00 0
1250F2 00 00 0
1250F4 00 00 0
1250F6 00 00 0
1250F8 00 00 0
1250FA 00 00 0
1250FC 00 00 0
1250FE 00 00 0
125100 00 00 0
125102 00 00 0
125104 00 00 0
125106 00 00 0
125108 00 00 0
12510A 00 00 0
12510C 00 00 0
12510E 00 00 0
125110 00 00 0
125112 00 00 0
125114 00 00 0
125116 00 00 0
125118 00 01 1
12511A 0B 64 2916
12511C 00 01 1
12511E 00 E2 226
125120 00 01 1
125122 00 02 2
125124 00 12 18
125126 5B 46 23366
125128 00 00 0
12512A 00 00 0
12512C 00 00 0
12512E 00 00 0
125130 00 00 0
125132 00 00 0
125134 00 12 18
125136 51 52 20818
125138 00 01 1
12513A 01 76 374
12513C 00 12 18
12513E 53 04 21252
125140 00 02 2
125142 00 12 18
125144 5B 46 23366
125146 00 00 0
125148 00 01 1
12514A 00 00 0
12514C A7 58 -22696
12514E 00 00 0
125150 00 20 32
125152 00 12 18
125154 00 01 1
125156 0B 64 2916
125158 00 00 0
12515A 00 00 0
12515C 00 00 0
12515E A7 46 -22714
125160 00 12 18
125162 51 72 20850
125164 00 00 0
125166 00 00 0
125168 62 18 25112
12516A 00 12 18
12516C 00 00 0
12516E 62 46 25158
125170 00 12 18
125172 07 80 1920
125174 00 12 18
125176 52 C2 21186
125178 00 01 1
12517A 04 CE 1230
12517C 00 12 18
12517E 51 84 20868
125180 00 83 131
125182 00 20 32
125184 53 48 21320
125186 4F 52 20306
125188 54 2C 21548
12518A 46 55 18005
12518C 4C 4C 19532
12518E 2C 00 11264
125190 41 4C 16716
125192 4C 2C 19500
125194 00 00 0
125196 00 00 0
125198 00 00 0
12519A 00 00 0
12519C 00 00 0
12519E 00 00 0
1251A0 00 00 0
1251A2 00 00 0
1251A4 00 00 0
1251A6 00 00 0
1251A8 00 00 0
1251AA 00 00 0
1251AC 00 00 0
1251AE 00 00 0
1251B0 00 00 0
1251B2 00 00 0
1251B4 00 00 0
1251B6 00 00 0
1251B8 00 00 0
1251BA 00 00 0
1251BC 00 00 0
1251BE 00 00 0
1251C0 00 00 0
1251C2 00 00 0
1251C4 00 00 0
1251C6 00 00 0
1251C8 00 00 0
1251CA 00 00 0
1251CC 00 00 0
1251CE 00 00 0
1251D0 00 00 0
1251D2 00 00 0
1251D4 00 00 0
1251D6 00 00 0
1251D8 00 00 0
1251DA 00 00 0
1251DC 00 00 0
1251DE 00 00 0
1251E0 00 00 0
1251E2 00 00 0
1251E4 00 00 0
1251E6 00 00 0
1251E8 00 00 0
1251EA 00 00 0
1251EC 00 00 0
1251EE 00 00 0
1251F0 00 00 0
1251F2 00 00 0
1251F4 00 00 0
1251F6 00 00 0
1251F8 00 00 0
1251FA 00 00 0
1251FC 00 00 0
1251FE 00 00 0
125200 00 00 0
125202 00 00 0
125204 00 00 0
125206 00 00 0
125208 00 00 0
12520A 00 00 0
12520C 00 00 0
12520E 00 00 0
125210 00 00 0
125212 00 00 0
125214 00 00 0
125216 00 00 0
125218 00 00 0
12521A 00 00 0
12521C 00 00 0
12521E 00 00 0
125220 00 00 0
125222 00 00 0
125224 00 00 0
125226 00 00 0
125228 00 00 0
12522A 00 00 0
12522C 00 00 0
12522E 00 00 0
125230 00 00 0
125232 00 00 0
125234 00 00 0
125236 00 00 0
125238 00 00 0
12523A 00 00 0
12523C 00 00 0
12523E 00 00 0
125240 00 00 0
125242 0A 00 2560
125244 00 12 18
125246 52 98 21144
125248 00 00 0
12524A 67 C0 26560
12524C 00 0A 10
12524E 00 12 18
125250 5B 9C 23452
125252 00 12 18
125254 00 22 34
125256 00 00 0
125258 00 0A 10
12525A 00 00 0
12525C 00 0A 10
12525E 00 00 0
125260 00 02 2
125262 00 01 1
125264 15 72 5490
125266 00 12 18
125268 21 44 8516
12526A 21 12 8466
12526C 59 2E 22830
12526E 00 12 18
125270 59 2E 22830
125272 00 00 0
125274 67 AC 26540
125276 00 12 18
125278 00 00 0
12527A 36 FA 14074
12527C 00 00 0
12527E 63 4A 25418
125280 00 04 4
125282 00 00 0
125284 00 00 0
125286 00 00 0
125288 00 12 18
12528A 52 90 21136
12528C 0A 72 2674
12528E 0A 12 2578
125290 53 24 21284
125292 00 12 18
125294 59 2E 22830
125296 00 00 0
125298 67 AC 26540
12529A 04 12 1042
12529C 2D A2 11682
12529E FF FF -1
1252A0 00 02 2
1252A2 00 00 0
1252A4 00 00 0
1252A6 00 00 0
1252A8 00 02 2
1252AA FF FF -1
1252AC 01 6E 366
1252AE 00 01 1
1252B0 15 72 5490
1252B2 00 12 18
1252B4 53 04 21252
1252B6 00 01 1
1252B8 15 72 5490
1252BA 00 12 18
1252BC 01 B6 438
1252BE 00 12 18
1252C0 5B 46 23366
1252C2 00 12 18
1252C4 5B 92 23442
1252C6 00 00 0
1252C8 67 A2 26530
1252CA 00 01 1
1252CC 10 14 4116
1252CE 00 01 1
1252D0 05 62 1378
1252D2 00 12 18
1252D4 53 04 21252
1252D6 00 12 18
1252D8 5B 46 23366
1252DA FF FF -1
1252DC 00 12 18
1252DE 5A 06 23046
1252E0 00 12 18
1252E2 53 04 21252
1252E4 00 00 0
1252E6 00 00 0
1252E8 00 00 0
1252EA 00 00 0
1252EC 00 00 0
1252EE 00 00 0
1252F0 00 00 0
1252F2 00 00 0
1252F4 00 00 0
1252F6 00 00 0
1252F8 00 00 0
1252FA 00 00 0
1252FC 00 00 0
1252FE 00 00 0
125300 00 00 0
125302 00 00 0
125304 00 20 32
125306 00 00 0
125308 87 C6 -30778
12530A 00 00 0
12530C 00 00 0
12530E 00 04 4
125310 00 12 18
125312 5B 92 23442
125314 00 B8 184
125316 00 00 0
125318 00 00 0
12531A 00 00 0
12531C 00 00 0
12531E 00 00 0
125320 00 00 0
125322 00 00 0
125324 00 61 97
125326 00 00 0
125328 99 7E -26242
12532A 00 00 0
12532C 00 00 0
12532E 00 04 4
125330 00 12 18
125332 5B 97 23447
125334 01 58 344
125336 00 00 0
125338 00 00 0
12533A 00 00 0
12533C 00 00 0
12533E 00 00 0
125340 00 00 0
125342 00 00 0
125344 01 AB 427
125346 00 00 0
125348 91 E6 -28186
12534A 00 00 0
12534C 00 00 0
12534E 00 02 2
125350 00 12 18
125352 5B 9C 23452
125354 00 09 9
125356 00 00 0
125358 00 00 0
12535A 00 00 0
12535C 00 00 0
12535E 00 00 0
125360 00 00 0
125362 00 00 0
125364 00 00 0
125366 00 00 0
125368 00 00 0
12536A 00 00 0
12536C 00 00 0
12536E 00 00 0
125370 00 12 18
125372 5B 9F 23455
125374 00 00 0
125376 00 00 0
125378 00 00 0
12537A 00 00 0
12537C 00 00 0
12537E 00 00 0
125380 00 00 0
125382 00 00 0
125384 00 00 0
125386 00 00 0
125388 00 00 0
12538A 00 00 0
12538C 00 00 0
12538E 00 00 0
125390 00 00 0
125392 00 00 0
125394 00 00 0
125396 00 00 0
125398 00 00 0
12539A 00 00 0
12539C 00 00 0
12539E 00 00 0
1253A0 00 00 0
1253A2 00 00 0
1253A4 00 00 0
1253A6 00 00 0
1253A8 00 00 0
1253AA 00 00 0
1253AC 00 00 0
1253AE 00 00 0
1253B0 00 00 0
1253B2 00 00 0
1253B4 00 00 0
1253B6 00 00 0
1253B8 00 00 0
1253BA 00 00 0
1253BC 00 00 0
1253BE 00 00 0
1253C0 00 00 0
1253C2 00 00 0
1253C4 00 00 0
1253C6 00 00 0
1253C8 00 00 0
1253CA 00 00 0
1253CC 00 00 0
1253CE 00 00 0
1253D0 00 00 0
1253D2 00 00 0
1253D4 00 00 0
1253D6 00 00 0
1253D8 00 00 0
1253DA 00 00 0
1253DC 00 00 0
1253DE 00 00 0
1253E0 00 00 0
1253E2 00 00 0
1253E4 00 00 0
1253E6 00 00 0
1253E8 00 00 0
1253EA 00 00 0
1253EC 00 00 0
1253EE 00 00 0
1253F0 00 00 0
1253F2 00 00 0
1253F4 00 00 0
1253F6 00 00 0
1253F8 00 00 0
1253FA 00 00 0
1253FC 00 00 0
1253FE 00 00 0
125400 00 00 0
125402 00 00 0
125404 00 00 0
125406 00 00 0
125408 00 00 0
12540A 00 00 0
12540C 00 00 0
12540E 00 00 0
125410 00 00 0
125412 00 00 0
125414 00 00 0
125416 00 00 0
125418 00 00 0
12541A 00 00 0
12541C 00 00 0
12541E 00 00 0
125420 00 00 0
125422 00 00 0
125424 00 00 0
125426 00 00 0
125428 00 00 0
12542A 00 00 0
12542C 00 00 0
12542E 00 00 0
125430 00 00 0
125432 00 00 0
125434 00 00 0
125436 00 00 0
125438 00 00 0
12543A 00 00 0
12543C 00 00 0
12543E 00 00 0
125440 00 00 0
125442 00 00 0
125444 00 00 0
125446 00 00 0
125448 00 00 0
12544A 00 00 0
12544C 00 00 0
12544E 00 00 0
125450 00 00 0
125452 00 00 0
125454 00 00 0
125456 00 00 0
125458 00 00 0
12545A 00 00 0
12545C 00 00 0
12545E 00 00 0
125460 00 00 0
125462 00 00 0
125464 00 00 0
125466 00 00 0
125468 00 00 0
12546A 00 00 0
12546C 00 00 0
12546E 00 00 0
125470 00 00 0
125472 00 00 0
125474 00 00 0
125476 00 00 0
125478 00 00 0
12547A 00 00 0
12547C 00 00 0
12547E 00 00 0
125480 00 00 0
125482 00 00 0
125484 00 00 0
125486 00 00 0
125488 00 00 0
12548A 00 00 0
12548C 00 00 0
12548E 00 00 0
125490 00 00 0
125492 00 00 0
125494 00 00 0
125496 00 00 0
125498 00 00 0
12549A 00 00 0
12549C 00 00 0
12549E 00 00 0
1254A0 00 00 0
1254A2 00 00 0
1254A4 00 00 0
1254A6 00 00 0
1254A8 00 00 0
1254AA 00 00 0
1254AC 00 00 0
1254AE 00 00 0
1254B0 00 00 0
1254B2 00 00 0
1254B4 00 00 0
1254B6 00 00 0
1254B8 00 00 0
1254BA 00 00 0
1254BC 00 00 0
1254BE 00 00 0
1254C0 00 00 0
1254C2 00 00 0
1254C4 00 00 0
1254C6 00 00 0
1254C8 00 00 0
1254CA 00 00 0
1254CC 00 00 0
1254CE 00 00 0
1254D0 00 00 0
1254D2 00 00 0
1254D4 00 00 0
1254D6 00 00 0
1254D8 00 00 0
1254DA 00 00 0
1254DC 00 00 0
1254DE 00 00 0
1254E0 00 00 0
1254E2 00 00 0
1254E4 00 00 0
1254E6 00 00 0
1254E8 00 00 0
1254EA 00 00 0
1254EC 00 00 0
1254EE 00 00 0
1254F0 00 00 0
1254F2 00 00 0
1254F4 00 00 0
1254F6 00 00 0
1254F8 00 00 0
1254FA 00 00 0
1254FC 00 00 0
1254FE 00 00 0
125500 00 00 0
125502 00 00 0
125504 00 00 0
125506 00 00 0
125508 00 00 0
12550A 00 00 0
12550C 00 00 0
12550E 00 00 0
125510 00 00 0
125512 00 00 0
125514 00 00 0
125516 00 00 0
125518 00 00 0
12551A 00 00 0
12551C 00 00 0
12551E 00 00 0
125520 00 00 0
125522 00 00 0
125524 00 00 0
125526 00 00 0
125528 00 00 0
12552A 00 00 0
12552C 00 00 0
12552E 00 00 0
125530 00 00 0
125532 00 00 0
125534 00 00 0
125536 00 00 0
125538 00 00 0
12553A 00 00 0
12553C 00 00 0
12553E 00 00 0
125540 00 00 0
125542 00 00 0
125544 00 00 0
125546 00 00 0
125548 00 00 0
12554A 00 00 0
12554C 00 00 0
12554E 00 00 0
125550 00 00 0
125552 00 00 0
125554 00 00 0
125556 00 00 0
125558 00 00 0
12555A 00 00 0
12555C 00 00 0
12555E 00 00 0
125560 00 00 0
125562 00 00 0
125564 00 00 0
125566 00 00 0
125568 00 00 0
12556A 00 00 0
12556C 00 00 0
12556E 00 00 0
125570 00 00 0
125572 00 00 0
125574 00 00 0
125576 00 00 0
125578 00 00 0
12557A 00 00 0
12557C 00 00 0
12557E 00 00 0
125580 00 00 0
125582 00 00 0
125584 00 00 0
125586 00 00 0
125588 00 00 0
12558A 00 00 0
12558C 00 00 0
12558E 00 00 0
125590 00 00 0
125592 00 00 0
125594 00 00 0
125596 00 00 0
125598 00 00 0
12559A 00 00 0
12559C 00 00 0
12559E 00 00 0
1255A0 00 00 0
1255A2 00 00 0
1255A4 00 00 0
1255A6 00 00 0
1255A8 00 00 0
1255AA 00 00 0
1255AC 00 00 0
1255AE 00 00 0
1255B0 00 00 0
1255B2 00 00 0
1255B4 00 00 0
1255B6 00 00 0
1255B8 00 00 0
1255BA 00 00 0
1255BC 00 00 0
1255BE 00 00 0
1255C0 00 00 0
1255C2 00 00 0
1255C4 00 00 0
1255C6 00 00 0
1255C8 00 00 0
1255CA 00 00 0
1255CC 00 00 0
1255CE 00 00 0
1255D0 00 00 0
1255D2 00 00 0
1255D4 00 00 0
1255D6 00 00 0
1255D8 00 00 0
1255DA 00 00 0
1255DC 00 00 0
1255DE 00 00 0
1255E0 00 00 0
1255E2 00 00 0
1255E4 00 00 0
1255E6 00 00 0
1255E8 00 00 0
1255EA 00 00 0
1255EC 00 00 0
1255EE 00 00 0
1255F0 00 00 0
1255F2 00 00 0
1255F4 00 00 0
1255F6 00 00 0
1255F8 00 00 0
1255FA 00 00 0
1255FC 00 00 0
1255FE 00 00 0
125600 00 00 0
125602 00 00 0
125604 00 00 0
125606 00 00 0
125608 00 00 0
12560A 00 00 0
12560C 00 00 0
12560E 00 00 0
125610 00 00 0
125612 00 00 0
125614 00 00 0
125616 00 00 0
125618 00 00 0
12561A 00 00 0
12561C 00 00 0
12561E 00 00 0
125620 00 00 0
125622 00 00 0
125624 00 00 0
125626 00 00 0
125628 00 00 0
12562A 00 00 0
12562C 00 00 0
12562E 00 00 0
125630 00 00 0
125632 00 00 0
125634 00 00 0
125636 00 00 0
125638 00 00 0
12563A 00 00 0
12563C 00 00 0
12563E 00 00 0
125640 00 00 0
125642 00 00 0
125644 00 00 0
125646 00 00 0
125648 00 00 0
12564A 00 00 0
12564C 00 00 0
12564E 00 00 0
125650 00 00 0
125652 00 00 0
125654 00 00 0
125656 00 00 0
125658 00 00 0
12565A 00 00 0
12565C 00 00 0
12565E 00 00 0
125660 00 00 0
125662 00 00 0
125664 00 00 0
125666 00 00 0
125668 00 00 0
12566A 00 00 0
12566C 00 00 0
12566E 00 00 0
125670 00 00 0
125672 00 00 0
125674 00 00 0
125676 00 00 0
125678 00 00 0
12567A 00 00 0
12567C 00 00 0
12567E 00 00 0
125680 00 00 0
125682 00 00 0
125684 00 00 0
125686 00 00 0
125688 00 00 0
12568A 00 00 0
12568C 00 00 0
12568E 00 00 0
125690 00 00 0
125692 00 00 0
125694 00 00 0
125696 00 00 0
125698 00 00 0
12569A 00 00 0
12569C 00 00 0
12569E 00 00 0
1256A0 00 00 0
1256A2 00 00 0
1256A4 00 00 0
1256A6 00 00 0
1256A8 00 00 0
1256AA 00 00 0
1256AC 00 00 0
1256AE 00 00 0
1256B0 00 00 0
1256B2 00 00 0
1256B4 00 00 0
1256B6 00 00 0
1256B8 00 00 0
1256BA 00 00 0
1256BC 00 00 0
1256BE 00 00 0
1256C0 00 00 0
1256C2 00 00 0
1256C4 00 00 0
1256C6 00 00 0
1256C8 00 00 0
1256CA 00 00 0
1256CC 00 00 0
1256CE 00 00 0
1256D0 00 00 0
1256D2 00 00 0
1256D4 00 00 0
1256D6 00 00 0
1256D8 00 00 0
1256DA 00 00 0
1256DC 00 00 0
1256DE 00 00 0
1256E0 00 00 0
1256E2 00 00 0
1256E4 00 00 0
1256E6 00 00 0
1256E8 00 00 0
1256EA 00 00 0
1256EC 00 00 0
1256EE 00 00 0
1256F0 00 00 0
1256F2 00 00 0
1256F4 00 00 0
1256F6 00 00 0
1256F8 00 00 0
1256FA 00 00 0
1256FC 00 00 0
1256FE 00 00 0
125700 00 00 0
125702 00 00 0
125704 00 00 0
125706 00 00 0
125708 00 00 0
12570A 00 00 0
12570C 00 00 0
12570E 00 00 0
125710 00 00 0
125712 00 00 0
125714 00 00 0
125716 00 00 0
125718 00 00 0
12571A 00 00 0
12571C 00 00 0
12571E 00 00 0
125720 00 00 0
125722 00 00 0
125724 00 00 0
125726 00 00 0
125728 00 00 0
12572A 00 00 0
12572C 00 00 0
12572E 00 00 0
125730 00 00 0
125732 00 00 0
125734 00 00 0
125736 00 00 0
125738 00 00 0
12573A 00 00 0
12573C 00 00 0
12573E 00 00 0
125740 00 00 0
125742 00 00 0
125744 00 00 0
125746 00 00 0
125748 00 00 0
12574A 00 00 0
12574C 00 00 0
12574E 00 00 0
125750 00 00 0
125752 00 00 0
125754 00 00 0
125756 00 00 0
125758 00 00 0
12575A 00 00 0
12575C 00 00 0
12575E 00 00 0
125760 00 00 0
125762 00 00 0
125764 00 00 0
125766 00 00 0
125768 00 00 0
12576A 00 00 0
12576C 00 00 0
12576E 00 00 0
125770 00 00 0
125772 00 00 0
125774 00 00 0
125776 00 00 0
125778 00 00 0
12577A 00 00 0
12577C 00 00 0
12577E 00 00 0
125780 00 00 0
125782 00 00 0
125784 00 00 0
125786 00 00 0
125788 00 00 0
12578A 00 00 0
12578C 00 00 0
12578E 00 00 0
125790 00 00 0
125792 00 00 0
125794 00 00 0
125796 00 00 0
125798 00 00 0
12579A 00 00 0
12579C 00 00 0
12579E 00 00 0
1257A0 00 00 0
1257A2 00 00 0
1257A4 00 00 0
1257A6 00 00 0
1257A8 00 00 0
1257AA 00 00 0
1257AC 00 00 0
1257AE 00 00 0
1257B0 00 00 0
1257B2 00 00 0
1257B4 00 00 0
1257B6 00 00 0
1257B8 00 00 0
1257BA 00 00 0
1257BC 00 00 0
1257BE 00 00 0
1257C0 00 05 5
1257C2 2F 92 12178
1257C4 00 12 18
1257C6 57 CC 22476
1257C8 00 6E 110
1257CA 00 22 34
1257CC 00 31 49
1257CE 30 00 12288
1257D0 00 29 41
1257D2 00 00 0
1257D4 30 32 12338
1257D6 00 00 0
1257D8 00 00 0
1257DA 00 00 0
1257DC 00 00 0
1257DE 00 00 0
1257E0 00 12 18
1257E2 05 10 1296
1257E4 00 12 18
1257E6 57 84 22404
1257E8 58 40 22592
1257EA 00 00 0
1257EC 00 12 18
1257EE 00 00 0
1257F0 70 CA 28874
1257F2 00 02 2
1257F4 01 74 372
1257F6 00 01 1
1257F8 00 12 18
1257FA 4D 45 19781
1257FC 4E 55 20053
1257FE 20 21 8225
125800 00 29 41
125802 00 29 41
125804 00 12 18
125806 58 14 22548
125808 00 01 1
12580A ED 52 -4782
12580C 00 01 1
12580E 00 12 18
125810 0E FB 3835
125812 00 06 6
125814 00 12 18
125816 59 22 22818
125818 00 00 0
12581A 2F 82 12162
12581C 00 06 6
12581E 31 31 12593
125820 30 2C 12332
125822 22 43 8771
125824 41 4C 16716
125826 49 42 18754
125828 52 41 21057
12582A 54 49 21577
12582C 4F 4E 20302
12582E 20 52 8274
125830 45 51 17745
125832 55 49 21833
125834 52 45 21061
125836 44 20 17440
125838 2D 2D 11565
12583A 20 41 8257
12583C 43 41 17217
12583E 4C 22 19490
125840 00 3A 58
125842 20 43 8259
125844 4F 4E 20302
125846 56 45 22085
125848 52 47 21063
12584A 45 4E 17742
12584C 43 45 17221
12584E 22 00 8704
125850 00 00 0
125852 00 00 0
125854 00 00 0
125856 00 00 0
125858 00 00 0
12585A 00 00 0
12585C 00 00 0
12585E 00 00 0
125860 00 00 0
125862 00 00 0
125864 00 00 0
125866 00 00 0
125868 00 00 0
12586A 00 00 0
12586C 00 00 0
12586E 00 00 0
125870 00 00 0
125872 00 00 0
125874 00 00 0
125876 00 00 0
125878 00 00 0
12587A 00 00 0
12587C 00 00 0
12587E 00 00 0
125880 00 00 0
125882 00 00 0
125884 00 00 0
125886 00 00 0
125888 00 00 0
12588A 00 00 0
12588C 00 00 0
12588E 00 00 0
125890 00 00 0
125892 00 00 0
125894 00 00 0
125896 00 00 0
125898 00 00 0
12589A 00 01 1
12589C 00 05 5
12589E CC 16 -13290
1258A0 00 12 18
1258A2 1B 0C 6924
1258A4 00 12 18
1258A6 1D BC 7612
1258A8 79 B7 31159
1258AA 00 12 18
1258AC 58 B2 22706
1258AE 00 05 5
1258B0 CC 2C -13268
1258B2 00 12 18
1258B4 00 00 0
1258B6 65 B4 26036
1258B8 00 05 5
1258BA 00 00 0
1258BC 00 00 0
1258BE 00 12 18
1258C0 59 1C 22812
1258C2 00 00 0
1258C4 65 F4 26100
1258C6 00 12 18
1258C8 58 CD 22733
1258CA 00 01 1
1258CC 00 05 5
1258CE 2F 92 12178
1258D0 00 12 18
1258D2 58 D8 22744
1258D4 00 16 22
1258D6 00 0A 10
1258D8 32 32 12850
1258DA 00 00 0
1258DC 32 32 12850
1258DE 00 12 18
1258E0 58 F4 22772
1258E2 00 01 1
1258E4 5C E4 23780
1258E6 00 12 18
1258E8 71 1A 28954
1258EA 00 12 18
1258EC 00 12 18
1258EE 58 DA 22746
1258F0 00 00 0
1258F2 00 00 0
1258F4 70 CA 28874
1258F6 00 12 18
1258F8 2C 22 11298
1258FA 00 01 1
1258FC 00 12 18
1258FE 59 08 22792
125900 00 00 0
125902 00 05 5
125904 CC 16 -13290
125906 00 12 18
125908 1B 0C 6924
12590A 00 12 18
12590C 1D BC 7612
12590E 79 DD 31197
125910 00 12 18
125912 59 18 22808
125914 00 05 5
125916 CC 2C -13268
125918 00 12 18
12591A 00 00 0
12591C 4C 08 19464
12591E 00 05 5
125920 00 12 18
125922 59 2A 22826
125924 00 12 18
125926 01 14 276
125928 00 00 0
12592A 81 C8 -32312
12592C 00 01 1
12592E 00 12 18
125930 5D FC 24060
125932 00 00 0
125934 EE 3C -4548
125936 00 12 18
125938 5A 06 23046
12593A 00 12 18
12593C 5B 46 23366
12593E 00 00 0
125940 F6 1C -2532
125942 00 12 18
125944 5D FC 24060
125946 00 00 0
125948 00 00 0
12594A 00 12 18
12594C 5A 06 23046
12594E 00 00 0
125950 00 00 0
125952 00 03 3
125954 00 00 0
125956 00 00 0
125958 00 00 0
12595A 00 00 0
12595C 00 00 0
12595E 00 00 0
125960 00 00 0
125962 00 00 0
125964 00 00 0
125966 00 00 0
125968 00 00 0
12596A 00 00 0
12596C 00 00 0
12596E 00 00 0
125970 00 00 0
125972 00 00 0
125974 00 00 0
125976 00 00 0
125978 00 00 0
12597A 00 00 0
12597C 00 00 0
12597E 00 00 0
125980 00 00 0
125982 00 00 0
125984 00 00 0
125986 00 00 0
125988 00 00 0
12598A 00 00 0
12598C 00 00 0
12598E 00 00 0
125990 00 00 0
125992 00 00 0
125994 00 00 0
125996 00 00 0
125998 00 00 0
12599A 00 00 0
12599C 00 00 0
12599E 00 00 0
1259A0 00 00 0
1259A2 00 00 0
1259A4 00 00 0
1259A6 00 00 0
1259A8 00 00 0
1259AA 00 00 0
1259AC 00 00 0
1259AE 00 00 0
1259B0 00 00 0
1259B2 00 00 0
1259B4 00 00 0
1259B6 00 00 0
1259B8 00 00 0
1259BA 00 00 0
1259BC 00 00 0
1259BE 00 00 0
1259C0 00 00 0
1259C2 00 00 0
1259C4 00 00 0
1259C6 00 00 0
1259C8 00 00 0
1259CA 00 00 0
1259CC 00 00 0
1259CE 00 00 0
1259D0 00 00 0
1259D2 00 00 0
1259D4 00 00 0
1259D6 00 00 0
1259D8 00 00 0
1259DA 00 00 0
1259DC 00 00 0
1259DE 00 00 0
1259E0 00 00 0
1259E2 00 00 0
1259E4 00 00 0
1259E6 00 00 0
1259E8 00 00 0
1259EA 00 00 0
1259EC 00 00 0
1259EE 00 00 0
1259F0 00 00 0
1259F2 00 00 0
1259F4 00 00 0
1259F6 00 00 0
1259F8 00 00 0
1259FA 00 00 0
1259FC 00 00 0
1259FE 00 00 0
125A00 00 00 0
125A02 00 00 0
125A04 00 00 0
125A06 4E 56 20054
125A08 00 00 0
125A0A 3F 3C 16188
125A0C 00 01 1
125A0E 4E B9 20153
125A10 00 00 0
125A12 4B B0 19376
125A14 4E 5E 20062
125A16 4E 75 20085
125A18 00 00 0
125A1A 4E B9 20153
125A1C 00 00 0
125A1E 65 BA 26042
125A20 4E 5E 20062
125A22 4E 75 20085
125A24 00 00 0
125A26 00 00 0
125A28 00 00 0
125A2A 00 00 0
125A2C 00 00 0
125A2E 00 00 0
125A30 00 00 0
125A32 00 00 0
125A34 00 00 0
125A36 00 00 0
125A38 00 00 0
125A3A 00 00 0
125A3C 00 00 0
125A3E 00 00 0
125A40 00 00 0
125A42 00 00 0
125A44 00 00 0
125A46 00 00 0
125A48 00 00 0
125A4A 00 00 0
125A4C 00 00 0
125A4E 00 00 0
125A50 00 00 0
125A52 00 00 0
125A54 00 00 0
125A56 00 00 0
125A58 00 00 0
125A5A 00 00 0
125A5C 00 00 0
125A5E 00 00 0
125A60 00 00 0
125A62 00 00 0
125A64 00 00 0
125A66 00 00 0
125A68 00 00 0
125A6A 00 00 0
125A6C 00 00 0
125A6E 00 00 0
125A70 00 00 0
125A72 00 00 0
125A74 00 00 0
125A76 00 00 0
125A78 00 00 0
125A7A 00 00 0
125A7C 00 00 0
125A7E 00 00 0
125A80 00 00 0
125A82 00 00 0
125A84 00 00 0
125A86 00 00 0
125A88 00 00 0
125A8A 00 00 0
125A8C 00 00 0
125A8E 00 00 0
125A90 00 00 0
125A92 00 00 0
125A94 00 00 0
125A96 00 00 0
125A98 00 00 0
125A9A 00 00 0
125A9C 00 00 0
125A9E 00 00 0
125AA0 00 00 0
125AA2 00 00 0
125AA4 00 00 0
125AA6 00 00 0
125AA8 00 00 0
125AAA 00 00 0
125AAC 00 00 0
125AAE 00 00 0
125AB0 00 00 0
125AB2 00 00 0
125AB4 00 00 0
125AB6 00 00 0
125AB8 00 00 0
125ABA 00 00 0
125ABC 00 00 0
125ABE 00 00 0
125AC0 00 00 0
125AC2 00 00 0
125AC4 00 00 0
125AC6 00 00 0
125AC8 00 00 0
125ACA 00 00 0
125ACC 00 00 0
125ACE 00 00 0
125AD0 00 00 0
125AD2 00 00 0
125AD4 00 00 0
125AD6 00 00 0
125AD8 00 00 0
125ADA 00 00 0
125ADC 00 00 0
125ADE 00 00 0
125AE0 00 00 0
125AE2 00 00 0
125AE4 00 00 0
125AE6 00 00 0
125AE8 00 00 0
125AEA 00 00 0
125AEC 00 00 0
125AEE 00 00 0
125AF0 00 00 0
125AF2 00 00 0
125AF4 00 00 0
125AF6 00 00 0
125AF8 00 00 0
125AFA 00 00 0
125AFC 00 00 0
125AFE 00 00 0
125B00 00 00 0
125B02 00 00 0
125B04 00 00 0
125B06 00 00 0
125B08 00 00 0
125B0A 00 00 0
125B0C 00 00 0
125B0E 00 00 0
125B10 00 00 0
125B12 00 00 0
125B14 00 00 0
125B16 00 00 0
125B18 00 00 0
125B1A 00 00 0
125B1C 00 00 0
125B1E 00 00 0
125B20 00 00 0
125B22 00 00 0
125B24 00 00 0
125B26 00 00 0
125B28 00 00 0
125B2A 00 00 0
125B2C 00 00 0
125B2E 00 00 0
125B30 00 00 0
125B32 FF FF -1
125B34 00 00 0
125B36 00 00 0
125B38 00 00 0
125B3A 00 00 0
125B3C 00 00 0
125B3E 00 00 0
125B40 00 00 0
125B42 00 00 0
125B44 00 00 0
125B46 00 00 0
125B48 01 00 256
125B4A 00 00 0
125B4C 67 B2 26546
125B4E 00 00 0
125B50 67 A2 26530
125B52 00 12 18
125B54 5B 92 23442
125B56 00 00 0
125B58 00 00 0
125B5A 00 12 18
125B5C 5B 92 23442
125B5E 00 00 0
125B60 00 00 0
125B62 00 00 0
125B64 00 00 0
125B66 87 C6 -30778
125B68 00 12 18
125B6A 5A 06 23046
125B6C 00 12 18
125B6E 5C AA 23722
125B70 00 12 18
125B72 5C 9B 23707
125B74 00 12 18
125B76 5C 64 23652
125B78 00 00 0
125B7A E2 C4 -7484
125B7C 00 00 0
125B7E B7 20 -18656
125B80 00 00 0
125B82 DE 62 -8606
125B84 00 00 0
125B86 A7 48 -22712
125B88 00 00 0
125B8A 00 00 0
125B8C 00 00 0
125B8E 00 00 0
125B90 00 00 0
125B92 3B 00 15104
125B94 4E 55 20053
125B96 00 21 33
125B98 00 00 0
125B9A 4C 00 19456
125B9C 3B 00 15104
125B9E 00 3B 59
125BA0 00 00 0
125BA2 00 00 0
125BA4 00 00 0
125BA6 00 00 0
125BA8 00 00 0
125BAA 00 00 0
125BAC 00 00 0
125BAE 00 00 0
125BB0 00 00 0
125BB2 00 00 0
125BB4 00 00 0
125BB6 00 00 0
125BB8 00 00 0
125BBA 00 00 0
125BBC 00 00 0
125BBE 00 00 0
125BC0 00 00 0
125BC2 00 00 0
125BC4 00 00 0
125BC6 00 00 0
125BC8 00 00 0
125BCA 00 00 0
125BCC 00 00 0
125BCE 00 00 0
125BD0 00 00 0
125BD2 00 00 0
125BD4 00 00 0
125BD6 00 00 0
125BD8 00 00 0
125BDA 00 00 0
125BDC 00 00 0
125BDE 00 00 0
125BE0 00 00 0
125BE2 00 00 0
125BE4 00 00 0
125BE6 00 00 0
125BE8 00 00 0
125BEA 00 00 0
125BEC 00 00 0
125BEE 00 00 0
125BF0 00 00 0
125BF2 00 00 0
125BF4 00 00 0
125BF6 00 00 0
125BF8 00 00 0
125BFA 00 00 0
125BFC 00 00 0
125BFE 00 00 0
125C00 00 00 0
125C02 00 00 0
125C04 00 00 0
125C06 00 00 0
125C08 00 00 0
125C0A 00 00 0
125C0C 00 00 0
125C0E 00 00 0
125C10 00 00 0
125C12 00 00 0
125C14 00 00 0
125C16 00 00 0
125C18 00 00 0
125C1A 00 00 0
125C1C 00 00 0
125C1E 00 00 0
125C20 00 00 0
125C22 00 00 0
125C24 00 00 0
125C26 00 00 0
125C28 00 00 0
125C2A 00 00 0
125C2C 00 00 0
125C2E 00 00 0
125C30 00 00 0
125C32 00 00 0
125C34 00 00 0
125C36 00 00 0
125C38 00 00 0
125C3A 00 00 0
125C3C 00 00 0
125C3E 00 00 0
125C40 00 00 0
125C42 00 00 0
125C44 00 00 0
125C46 00 00 0
125C48 00 00 0
125C4A 00 00 0
125C4C 00 00 0
125C4E 00 00 0
125C50 00 00 0
125C52 00 00 0
125C54 00 00 0
125C56 00 00 0
125C58 00 00 0
125C5A 00 00 0
125C5C 00 00 0
125C5E 00 00 0
125C60 00 00 0
125C62 00 00 0
125C64 00 00 0
125C66 00 00 0
125C68 00 00 0
125C6A 00 00 0
125C6C 00 00 0
125C6E 00 00 0
125C70 00 00 0
125C72 00 00 0
125C74 00 00 0
125C76 00 00 0
125C78 00 00 0
125C7A 00 00 0
125C7C 00 00 0
125C7E 00 00 0
125C80 00 00 0
125C82 00 00 0
125C84 00 00 0
125C86 00 00 0
125C88 00 00 0
125C8A 00 00 0
125C8C 00 00 0
125C8E 00 00 0
125C90 00 00 0
125C92 00 00 0
125C94 00 00 0
125C96 00 00 0
125C98 00 00 0
125C9A 00 00 0
125C9C 00 00 0
125C9E 00 00 0
125CA0 00 00 0
125CA2 00 00 0
125CA4 00 00 0
125CA6 00 00 0
125CA8 00 00 0
125CAA 00 00 0
125CAC 00 00 0
125CAE 00 00 0
125CB0 00 00 0
125CB2 00 00 0
125CB4 00 00 0
125CB6 00 00 0
125CB8 00 00 0
125CBA 00 00 0
125CBC 00 00 0
125CBE 00 00 0
125CC0 00 00 0
125CC2 00 00 0
125CC4 00 00 0
125CC6 00 00 0
125CC8 00 00 0
125CCA 00 00 0
125CCC 00 00 0
125CCE 00 00 0
125CD0 00 00 0
125CD2 00 00 0
125CD4 00 00 0
125CD6 00 00 0
125CD8 00 00 0
125CDA 00 00 0
125CDC 00 00 0
125CDE 00 00 0
125CE0 00 00 0
125CE2 00 00 0
125CE4 00 00 0
125CE6 00 00 0
125CE8 00 00 0
125CEA 00 00 0
125CEC 00 00 0
125CEE 00 00 0
125CF0 00 00 0
125CF2 00 00 0
125CF4 00 00 0
125CF6 00 00 0
125CF8 00 00 0
125CFA 00 00 0
125CFC 00 00 0
125CFE 00 00 0
125D00 00 00 0
125D02 00 00 0
125D04 00 00 0
125D06 00 00 0
125D08 00 00 0
125D0A 00 00 0
125D0C 00 00 0
125D0E 00 00 0
125D10 00 00 0
125D12 00 00 0
125D14 00 00 0
125D16 00 00 0
125D18 00 00 0
125D1A 00 00 0
125D1C 00 00 0
125D1E 00 00 0
125D20 00 00 0
125D22 00 00 0
125D24 00 00 0
125D26 00 00 0
125D28 00 00 0
125D2A 00 00 0
125D2C 00 00 0
125D2E 00 00 0
125D30 00 00 0
125D32 00 00 0
125D34 00 00 0
125D36 00 00 0
125D38 00 00 0
125D3A 00 00 0
125D3C 00 00 0
125D3E 00 00 0
125D40 00 00 0
125D42 00 00 0
125D44 00 00 0
125D46 00 00 0
125D48 00 00 0
125D4A 00 00 0
125D4C 00 00 0
125D4E 00 00 0
125D50 00 00 0
125D52 00 00 0
125D54 00 00 0
125D56 00 00 0
125D58 00 00 0
125D5A 00 00 0
125D5C 00 00 0
125D5E 00 00 0
125D60 00 00 0
125D62 00 00 0
125D64 00 00 0
125D66 00 00 0
125D68 00 00 0
125D6A 00 00 0
125D6C 00 00 0
125D6E 00 00 0
125D70 00 00 0
125D72 00 00 0
125D74 00 00 0
125D76 00 00 0
125D78 00 00 0
125D7A 00 00 0
125D7C 00 00 0
125D7E 00 00 0
125D80 00 00 0
125D82 00 00 0
125D84 00 00 0
125D86 00 00 0
125D88 00 00 0
125D8A 00 00 0
125D8C 00 00 0
125D8E 00 00 0
125D90 00 00 0
125D92 00 00 0
125D94 00 00 0
125D96 00 00 0
125D98 00 00 0
125D9A 00 00 0
125D9C 00 00 0
125D9E 00 00 0
125DA0 00 00 0
125DA2 00 00 0
125DA4 00 00 0
125DA6 00 00 0
125DA8 00 00 0
125DAA 00 00 0
125DAC 00 00 0
125DAE 00 00 0
125DB0 00 00 0
125DB2 00 00 0
125DB4 00 00 0
125DB6 00 00 0
125DB8 00 00 0
125DBA 00 00 0
125DBC 00 00 0
125DBE 00 00 0
125DC0 00 00 0
125DC2 00 00 0
125DC4 00 00 0
125DC6 00 00 0
125DC8 00 00 0
125DCA 00 00 0
125DCC 00 00 0
125DCE 00 00 0
125DD0 00 00 0
125DD2 00 00 0
125DD4 00 00 0
125DD6 00 00 0
125DD8 00 00 0
125DDA 00 00 0
125DDC 00 00 0
125DDE 00 00 0
125DE0 00 00 0
125DE2 00 00 0
125DE4 00 00 0
125DE6 00 00 0
125DE8 00 00 0
125DEA 00 00 0
125DEC 00 00 0
125DEE 00 00 0
125DF0 00 00 0
125DF2 00 00 0
125DF4 00 00 0
125DF6 00 00 0
125DF8 00 00 0
125DFA 00 00 0
125DFC 00 12 18
125DFE 5E 12 24082
125E00 00 00 0
125E02 F6 D4 -2348
125E04 00 00 0
125E06 67 A2 26530
125E08 00 00 0
125E0A 67 B2 26546
125E0C 00 01 1
125E0E 4B 45 19269
125E10 59 42 22850
125E12 00 12 18
125E14 52 92 21138
125E16 00 12 18
125E18 4C 06 19462
125E1A 00 12 18
125E1C 1E C4 7876
125E1E 00 12 18
125E20 4C 06 19462
125E22 01 00 256
125E24 03 10 784
125E26 00 00 0
125E28 00 00 0
125E2A 00 00 0
125E2C 00 00 0
125E2E 00 00 0
125E30 00 00 0
125E32 00 00 0
125E34 00 00 0
125E36 00 00 0
125E38 00 00 0
125E3A 00 00 0
125E3C 00 00 0
125E3E 00 00 0
125E40 00 00 0
125E42 00 00 0
125E44 00 00 0
125E46 00 00 0
125E48 00 00 0
125E4A 00 00 0
125E4C 00 00 0
125E4E 00 00 0
125E50 00 00 0
125E52 00 00 0
125E54 00 00 0
125E56 00 00 0
125E58 00 00 0
125E5A 00 00 0
125E5C 00 00 0
125E5E 00 00 0
125E60 00 00 0
125E62 00 00 0
125E64 00 00 0
125E66 00 00 0
125E68 00 00 0
125E6A 00 00 0
125E6C 00 00 0
125E6E 00 00 0
125E70 00 00 0
125E72 00 00 0
125E74 00 00 0
125E76 00 00 0
125E78 00 00 0
125E7A 00 00 0
125E7C 00 00 0
125E7E 00 00 0
125E80 00 00 0
125E82 00 00 0
125E84 00 00 0
125E86 00 00 0
125E88 00 00 0
125E8A 00 00 0
125E8C 00 00 0
125E8E 00 00 0
125E90 00 00 0
125E92 00 00 0
125E94 00 00 0
125E96 00 00 0
125E98 00 00 0
125E9A 00 00 0
125E9C 00 00 0
125E9E 00 00 0
125EA0 00 00 0
125EA2 00 00 0
125EA4 00 00 0
125EA6 00 00 0
125EA8 00 00 0
125EAA 00 00 0
125EAC 00 00 0
125EAE 00 00 0
125EB0 00 00 0
125EB2 00 00 0
125EB4 00 00 0
125EB6 00 00 0
125EB8 00 00 0
125EBA 00 00 0
125EBC 00 00 0
125EBE 00 00 0
125EC0 00 00 0
125EC2 00 00 0
125EC4 00 00 0
125EC6 00 00 0
125EC8 00 00 0
125ECA 00 00 0
125ECC 00 00 0
125ECE 00 00 0
125ED0 00 00 0
125ED2 00 00 0
125ED4 00 00 0
125ED6 00 00 0
125ED8 00 00 0
125EDA 00 00 0
125EDC 00 00 0
125EDE 00 00 0
125EE0 00 00 0
125EE2 00 00 0
125EE4 00 00 0
125EE6 00 00 0
125EE8 00 00 0
125EEA 00 00 0
125EEC 00 00 0
125EEE 00 00 0
125EF0 00 00 0
125EF2 00 00 0
125EF4 00 00 0
125EF6 00 00 0
125EF8 00 00 0
125EFA 00 00 0
125EFC 00 00 0
125EFE 00 00 0
125F00 00 00 0
125F02 00 00 0
125F04 00 00 0
125F06 00 00 0
125F08 00 00 0
125F0A 00 00 0
125F0C 00 00 0
125F0E 00 00 0
125F10 00 00 0
125F12 00 00 0
125F14 00 00 0
125F16 00 00 0
125F18 00 00 0
125F1A 00 00 0
125F1C 00 00 0
125F1E 00 00 0
125F20 00 00 0
125F22 00 00 0
125F24 00 00 0
125F26 00 00 0
125F28 00 00 0
125F2A 00 00 0
125F2C 00 00 0
125F2E 00 00 0
125F30 00 00 0
125F32 00 00 0
125F34 00 00 0
125F36 00 00 0
125F38 00 00 0
125F3A 00 00 0
125F3C 00 00 0
125F3E 00 00 0
125F40 00 00 0
125F42 00 00 0
125F44 00 00 0
125F46 00 00 0
125F48 00 00 0
125F4A 00 00 0
125F4C 00 00 0
125F4E 00 00 0
125F50 00 00 0
125F52 00 00 0
125F54 00 00 0
125F56 00 00 0
125F58 00 00 0
125F5A 00 00 0
125F5C 00 00 0
125F5E 00 00 0
125F60 00 00 0
125F62 00 00 0
125F64 00 00 0
125F66 00 00 0
125F68 00 00 0
125F6A 00 00 0
125F6C 00 00 0
125F6E 00 00 0
125F70 00 00 0
125F72 00 00 0
125F74 00 00 0
125F76 00 00 0
125F78 00 00 0
125F7A 00 00 0
125F7C 00 00 0
125F7E 00 00 0
125F80 00 00 0
125F82 00 00 0
125F84 00 00 0
125F86 00 00 0
125F88 00 00 0
125F8A 00 00 0
125F8C 00 00 0
125F8E 00 00 0
125F90 00 00 0
125F92 00 00 0
125F94 00 00 0
125F96 00 00 0
125F98 00 00 0
125F9A 00 00 0
125F9C 00 00 0
125F9E 00 00 0
125FA0 00 00 0
125FA2 00 00 0
125FA4 00 00 0
125FA6 00 00 0
125FA8 00 00 0
125FAA 00 00 0
125FAC 00 00 0
125FAE 00 00 0
125FB0 00 00 0
125FB2 00 00 0
125FB4 00 00 0
125FB6 00 00 0
125FB8 00 00 0
125FBA 00 00 0
125FBC 00 00 0
125FBE 00 00 0
125FC0 00 00 0
125FC2 00 00 0
125FC4 00 00 0
125FC6 00 00 0
125FC8 00 00 0
125FCA 00 00 0
125FCC 00 00 0
125FCE 00 00 0
125FD0 00 00 0
125FD2 00 00 0
125FD4 00 00 0
125FD6 00 00 0
125FD8 00 00 0
125FDA 00 00 0
125FDC 00 00 0
125FDE 00 00 0
125FE0 00 00 0
125FE2 00 00 0
125FE4 00 00 0
125FE6 00 00 0
125FE8 00 00 0
125FEA 00 00 0
125FEC 00 00 0
125FEE 00 00 0
125FF0 00 00 0
125FF2 00 00 0
125FF4 00 00 0
125FF6 00 00 0
125FF8 00 00 0
125FFA 00 00 0
125FFC 00 00 0
125FFE 00 00 0
126000 00 00 0
126002 00 00 0
126004 00 00 0
126006 00 00 0
126008 00 00 0
12600A 00 00 0
12600C 00 00 0
12600E 00 00 0
126010 00 00 0
126012 00 00 0
126014 00 00 0
126016 00 00 0
126018 00 00 0
12601A 00 00 0
12601C 00 00 0
12601E 00 00 0
126020 00 00 0
126022 00 00 0
126024 00 00 0
126026 00 00 0
126028 00 00 0
12602A 00 00 0
12602C 00 00 0
12602E 00 00 0
126030 00 00 0
126032 00 00 0
126034 00 00 0
126036 00 00 0
126038 00 00 0
12603A 00 00 0
12603C 00 00 0
12603E 00 00 0
126040 00 00 0
126042 00 00 0
126044 00 00 0
126046 00 00 0
126048 00 00 0
12604A 00 00 0
12604C 00 00 0
12604E 00 00 0
126050 00 00 0
126052 00 00 0
126054 00 00 0
126056 00 00 0
126058 00 00 0
12605A 00 00 0
12605C 00 00 0
12605E 00 00 0
126060 00 00 0
126062 00 00 0
126064 00 00 0
126066 00 00 0
126068 00 00 0
12606A 00 00 0
12606C 00 00 0
12606E 00 00 0
126070 00 00 0
126072 00 00 0
126074 00 00 0
126076 00 00 0
126078 00 00 0
12607A 00 00 0
12607C 00 00 0
12607E 00 00 0
126080 00 00 0
126082 00 00 0
126084 00 00 0
126086 00 00 0
126088 00 00 0
12608A 70 CA 28874
12608C 00 12 18
12608E 2C 22 11298
126090 00 01 1
126092 00 00 0
126094 70 CA 28874
126096 00 12 18
126098 2C 22 11298
12609A 00 00 0
12609C 70 CA 28874
12609E 00 12 18
1260A0 2C 22 11298
1260A2 00 01 1
1260A4 00 12 18
1260A6 60 B0 24752
1260A8 00 00 0
1260AA 75 74 30068
1260AC 00 10 16
1260AE 00 10 16
1260B0 00 12 18
1260B2 60 C2 24770
1260B4 00 00 0
1260B6 75 8E 30094
1260B8 00 04 4
1260BA 00 12 18
1260BC 0D A6 3494
1260BE 00 00 0
1260C0 00 00 0
1260C2 00 12 18
1260C4 60 DA 24794
1260C6 00 05 5
1260C8 21 1C 8476
1260CA 00 04 4
1260CC 00 12 18
1260CE 0D 96 3478
1260D0 00 00 0
1260D2 00 12 18
1260D4 00 00 0
1260D6 70 F0 28912
1260D8 00 00 0
1260DA 00 12 18
1260DC 60 E2 24802
1260DE 00 00 0
1260E0 72 1C 29212
1260E2 00 12 18
1260E4 60 EC 24812
1260E6 00 00 0
1260E8 59 44 22852
1260EA 00 12 18
1260EC 00 12 18
1260EE 60 F8 24824
1260F0 00 00 0
1260F2 5B 08 23304
1260F4 00 00 0
1260F6 6A 28 27176
1260F8 00 12 18
1260FA 61 04 24836
1260FC 00 00 0
1260FE 5C 2C 23596
126100 00 00 0
126102 6A 28 27176
126104 00 12 18
126106 61 10 24848
126108 00 00 0
12610A 5F A0 24480
12610C 00 00 0
12610E 60 94 24724
126110 00 01 1
126112 00 00 0
126114 00 00 0
126116 00 00 0
126118 00 12 18
12611A 61 20 24864
12611C 46 50 18000
12611E 4E 4C 20044
126120 00 01 1
126122 00 12 18
126124 61 22 24866
126126 00 12 18
126128 5E 16 24086
12612A 00 12 18
12612C 1E C4 7876
12612E 00 12 18
126130 5E 16 24086
126132 01 00 256
126134 04 10 1040
126136 00 00 0
126138 00 00 0
12613A 00 00 0
12613C 00 00 0
12613E 00 00 0
126140 00 00 0
126142 00 00 0
126144 00 00 0
126146 00 00 0
126148 00 00 0
12614A 00 00 0
12614C 00 00 0
12614E 00 00 0
126150 00 00 0
126152 00 00 0
126154 00 00 0
126156 00 00 0
126158 00 00 0
12615A 00 00 0
12615C 00 00 0
12615E 00 00 0
126160 00 00 0
126162 00 00 0
126164 00 00 0
126166 00 00 0
126168 00 00 0
12616A 00 00 0
12616C 00 00 0
12616E 00 00 0
126170 00 00 0
126172 00 00 0
126174 00 00 0
126176 00 00 0
126178 00 00 0
12617A 00 00 0
12617C 00 00 0
12617E 00 00 0
126180 00 00 0
126182 00 00 0
126184 00 00 0
126186 00 00 0
126188 00 00 0
12618A 00 00 0
12618C 00 00 0
12618E 00 00 0
126190 00 00 0
126192 00 00 0
126194 00 00 0
126196 00 00 0
126198 00 00 0
12619A 00 00 0
12619C 00 00 0
12619E 00 00 0
1261A0 00 00 0
1261A2 00 00 0
1261A4 00 00 0
1261A6 00 00 0
1261A8 00 00 0
1261AA 00 00 0
1261AC 00 00 0
1261AE 00 00 0
1261B0 00 00 0
1261B2 00 00 0
1261B4 00 00 0
1261B6 00 00 0
1261B8 00 00 0
1261BA 00 00 0
1261BC 00 00 0
1261BE 00 00 0
1261C0 00 00 0
1261C2 00 00 0
1261C4 00 00 0
1261C6 00 00 0
1261C8 00 00 0
1261CA 00 00 0
1261CC 00 00 0
1261CE 00 00 0
1261D0 00 00 0
1261D2 00 00 0
1261D4 00 00 0
1261D6 00 00 0
1261D8 00 00 0
1261DA 00 00 0
1261DC 00 00 0
1261DE 00 00 0
1261E0 00 00 0
1261E2 00 00 0
1261E4 00 00 0
1261E6 00 00 0
1261E8 00 00 0
1261EA 00 00 0
1261EC 00 00 0
1261EE 00 00 0
1261F0 00 00 0
1261F2 00 00 0
1261F4 00 00 0
1261F6 00 00 0
1261F8 00 00 0
1261FA 00 00 0
1261FC 00 00 0
1261FE 00 00 0
126200 00 00 0
126202 00 00 0
126204 00 00 0
126206 00 00 0
126208 00 00 0
12620A 00 00 0
12620C 00 00 0
12620E 00 00 0
126210 00 00 0
126212 00 00 0
126214 00 00 0
126216 00 00 0
126218 00 00 0
12621A 00 00 0
12621C 00 00 0
12621E 00 00 0
126220 00 00 0
126222 00 00 0
126224 00 00 0
126226 00 00 0
126228 00 00 0
12622A 00 00 0
12622C 00 00 0
12622E 00 00 0
126230 00 00 0
126232 00 00 0
126234 00 00 0
126236 00 00 0
126238 00 00 0
12623A 00 00 0
12623C 00 00 0
12623E 00 00 0
126240 00 00 0
126242 00 00 0
126244 00 00 0
126246 00 00 0
126248 00 00 0
12624A 00 00 0
12624C 00 00 0
12624E 00 00 0
126250 00 00 0
126252 00 00 0
126254 00 00 0
126256 00 00 0
126258 00 00 0
12625A 00 00 0
12625C 00 00 0
12625E 00 00 0
126260 00 00 0
126262 00 00 0
126264 00 00 0
126266 00 00 0
126268 00 00 0
12626A 00 00 0
12626C 00 00 0
12626E 00 00 0
126270 00 00 0
126272 00 00 0
126274 00 00 0
126276 00 00 0
126278 00 00 0
12627A 00 00 0
12627C 00 00 0
12627E 00 00 0
126280 00 00 0
126282 00 00 0
126284 00 00 0
126286 00 00 0
126288 00 00 0
12628A 00 00 0
12628C 00 00 0
12628E 00 00 0
126290 00 00 0
126292 00 00 0
126294 00 00 0
126296 00 00 0
126298 00 00 0
12629A 00 00 0
12629C 00 00 0
12629E 00 00 0
1262A0 00 00 0
1262A2 00 00 0
1262A4 00 00 0
1262A6 00 00 0
1262A8 00 00 0
1262AA 00 00 0
1262AC 00 00 0
1262AE 00 00 0
1262B0 00 00 0
1262B2 00 00 0
1262B4 00 00 0
1262B6 00 00 0
1262B8 00 00 0
1262BA 00 00 0
1262BC 00 00 0
1262BE 00 00 0
1262C0 00 00 0
1262C2 00 00 0
1262C4 00 00 0
1262C6 00 00 0
1262C8 00 00 0
1262CA 00 00 0
1262CC 00 00 0
1262CE 00 00 0
1262D0 00 00 0
1262D2 00 00 0
1262D4 00 00 0
1262D6 00 00 0
1262D8 00 00 0
1262DA 00 00 0
1262DC 00 00 0
1262DE 00 00 0
1262E0 00 00 0
1262E2 00 00 0
1262E4 00 00 0
1262E6 00 00 0
1262E8 00 00 0
1262EA 00 00 0
1262EC 00 00 0
1262EE 00 00 0
1262F0 00 00 0
1262F2 00 00 0
1262F4 00 00 0
1262F6 00 00 0
1262F8 00 00 0
1262FA 00 00 0
1262FC 00 00 0
1262FE 00 00 0
126300 00 00 0
126302 00 00 0
126304 00 00 0
126306 00 00 0
126308 00 00 0
12630A 00 00 0
12630C 00 00 0
12630E 00 00 0
126310 00 00 0
126312 00 00 0
126314 00 00 0
126316 00 00 0
126318 00 00 0
12631A 00 00 0
12631C 00 00 0
12631E 00 00 0
126320 00 00 0
126322 00 00 0
126324 00 00 0
126326 00 00 0
126328 00 00 0
12632A 00 00 0
12632C 00 00 0
12632E 00 00 0
126330 00 00 0
126332 00 00 0
126334 00 00 0
126336 00 00 0
126338 00 00 0
12633A 00 00 0
12633C 00 00 0
12633E 00 00 0
126340 00 00 0
126342 00 00 0
126344 00 00 0
126346 00 00 0
126348 00 00 0
12634A 00 00 0
12634C 00 00 0
12634E 00 00 0
126350 00 00 0
126352 00 00 0
126354 00 00 0
126356 00 00 0
126358 00 00 0
12635A 00 00 0
12635C 00 00 0
12635E 00 00 0
126360 00 00 0
126362 00 00 0
126364 00 00 0
126366 00 00 0
126368 00 00 0
12636A 00 00 0
12636C 00 00 0
12636E 00 00 0
126370 00 00 0
126372 00 00 0
126374 00 00 0
126376 00 00 0
126378 00 00 0
12637A 00 00 0
12637C 00 00 0
12637E 00 00 0
126380 00 00 0
126382 00 00 0
126384 00 00 0
126386 00 00 0
126388 00 00 0
12638A 00 00 0
12638C 00 00 0
12638E 00 00 0
126390 00 00 0
126392 00 00 0
126394 00 00 0
126396 00 00 0
126398 00 00 0
12639A 00 00 0
12639C 00 00 0
12639E 00 00 0
1263A0 00 00 0
1263A2 00 00 0
1263A4 00 00 0
1263A6 00 00 0
1263A8 00 00 0
1263AA 00 00 0
1263AC 00 00 0
1263AE 00 00 0
1263B0 00 00 0
1263B2 00 00 0
1263B4 00 00 0
1263B6 00 00 0
1263B8 00 00 0
1263BA 00 00 0
1263BC 00 00 0
1263BE 00 00 0
1263C0 00 00 0
1263C2 00 00 0
1263C4 00 00 0
1263C6 00 00 0
1263C8 00 00 0
1263CA 00 00 0
1263CC 00 00 0
1263CE 00 00 0
1263D0 00 00 0
1263D2 00 00 0
1263D4 00 00 0
1263D6 00 00 0
1263D8 00 00 0
1263DA 00 00 0
1263DC 00 00 0
1263DE 00 00 0
1263E0 00 00 0
1263E2 00 00 0
1263E4 00 00 0
1263E6 00 00 0
1263E8 00 00 0
1263EA 00 00 0
1263EC 00 00 0
1263EE 00 00 0
1263F0 00 00 0
1263F2 00 00 0
1263F4 00 00 0
1263F6 00 00 0
1263F8 00 00 0
1263FA 00 00 0
1263FC 00 00 0
1263FE 00 00 0
126400 00 00 0
126402 00 00 0
126404 00 00 0
126406 00 00 0
126408 00 00 0
12640A 00 00 0
12640C 00 00 0
12640E 00 00 0
126410 00 00 0
126412 00 00 0
126414 00 00 0
126416 00 00 0
126418 00 00 0
12641A 00 00 0
12641C 00 00 0
12641E 00 00 0
126420 00 00 0
126422 00 00 0
126424 00 00 0
126426 00 00 0
126428 00 00 0
12642A 00 00 0
12642C 00 00 0
12642E 00 00 0
126430 00 00 0
126432 00 00 0
126434 00 00 0
126436 00 00 0
126438 00 00 0
12643A 00 00 0
12643C 00 00 0
12643E 00 00 0
126440 00 00 0
126442 00 00 0
126444 00 00 0
126446 00 00 0
126448 00 00 0
12644A 00 00 0
12644C 00 00 0
12644E 00 00 0
126450 00 00 0
126452 00 00 0
126454 00 00 0
126456 00 00 0
126458 00 00 0
12645A 00 00 0
12645C 00 00 0
12645E 00 00 0
126460 00 00 0
126462 00 00 0
126464 00 00 0
126466 00 00 0
126468 00 00 0
12646A 00 00 0
12646C 00 00 0
12646E 00 00 0
126470 00 00 0
126472 00 00 0
126474 00 00 0
126476 00 00 0
126478 00 00 0
12647A 00 00 0
12647C 00 00 0
12647E 00 00 0
126480 00 00 0
126482 00 00 0
126484 00 00 0
126486 00 00 0
126488 00 00 0
12648A 00 00 0
12648C 00 00 0
12648E 00 00 0
126490 00 00 0
126492 00 00 0
126494 00 00 0
126496 00 00 0
126498 00 00 0
12649A 00 00 0
12649C 00 00 0
12649E 00 00 0
1264A0 00 00 0
1264A2 00 00 0
1264A4 00 00 0
1264A6 00 00 0
1264A8 00 00 0
1264AA 00 00 0
1264AC 00 00 0
1264AE 00 00 0
1264B0 00 00 0
1264B2 00 00 0
1264B4 00 00 0
1264B6 00 00 0
1264B8 00 00 0
1264BA 00 00 0
1264BC 00 00 0
1264BE 00 00 0
1264C0 00 00 0
1264C2 00 00 0
1264C4 00 00 0
1264C6 00 00 0
1264C8 00 00 0
1264CA 00 00 0
1264CC 00 00 0
1264CE 00 00 0
1264D0 00 00 0
1264D2 00 00 0
1264D4 00 00 0
1264D6 00 00 0
1264D8 00 00 0
1264DA 00 00 0
1264DC 00 00 0
1264DE 00 00 0
1264E0 00 00 0
1264E2 00 00 0
1264E4 00 00 0
1264E6 00 00 0
1264E8 00 00 0
1264EA 00 00 0
1264EC 00 00 0
1264EE 00 00 0
1264F0 00 00 0
1264F2 00 00 0
1264F4 00 00 0
1264F6 00 00 0
1264F8 00 00 0
1264FA 00 00 0
1264FC 00 00 0
1264FE 00 00 0
126500 00 00 0
126502 00 00 0
126504 00 00 0
126506 00 00 0
126508 00 00 0
12650A 00 00 0
12650C 00 00 0
12650E 00 00 0
126510 00 00 0
126512 00 00 0
126514 00 00 0
126516 00 00 0
126518 00 00 0
12651A 00 00 0
12651C 00 00 0
12651E 00 00 0
126520 00 00 0
126522 00 00 0
126524 00 00 0
126526 00 00 0
126528 00 00 0
12652A 00 00 0
12652C 00 00 0
12652E 00 00 0
126530 00 00 0
126532 00 00 0
126534 00 00 0
126536 00 12 18
126538 61 26 24870
12653A 00 12 18
12653C 1E C4 7876
12653E 00 12 18
126540 61 26 24870
126542 01 00 256
126544 00 50 80
126546 00 00 0
126548 00 00 0
12654A 00 00 0
12654C 00 00 0
12654E 00 00 0
126550 00 00 0
126552 00 00 0
126554 00 00 0
126556 00 00 0
126558 00 00 0
12655A 00 00 0
12655C 00 00 0
12655E 00 00 0
126560 00 00 0
126562 00 00 0
126564 00 00 0
126566 00 00 0
126568 00 00 0
12656A 00 00 0
12656C 00 00 0
12656E 00 00 0
126570 00 00 0
126572 00 00 0
126574 00 00 0
126576 00 00 0
126578 00 00 0
12657A 00 00 0
12657C 00 00 0
12657E 00 00 0
126580 00 00 0
126582 00 00 0
126584 00 00 0
126586 00 12 18
126588 65 36 25910
12658A 00 12 18
12658C 1E C4 7876
12658E 00 12 18
126590 65 36 25910
126592 01 00 256
126594 02 10 528
126596 00 00 0
126598 01 01 257
12659A 01 0A 266
12659C 00 00 0
12659E 00 00 0
1265A0 01 05 261
1265A2 01 8D 397
1265A4 00 00 0
1265A6 00 00 0
1265A8 00 00 0
1265AA 00 00 0
1265AC 00 00 0
1265AE 00 00 0
1265B0 00 00 0
1265B2 00 00 0
1265B4 01 80 384
1265B6 00 17 23
1265B8 00 00 0
1265BA 00 1A 26
1265BC 00 01 1
1265BE 00 0F 15
1265C0 00 1E 30
1265C2 01 0C 268
1265C4 00 00 0
1265C6 00 00 0
1265C8 00 00 0
1265CA 00 22 34
1265CC 00 00 0
1265CE 01 66 358
1265D0 01 8A 394
1265D2 01 82 386
1265D4 00 00 0
1265D6 01 BE 446
1265D8 01 0F 271
1265DA 00 00 0
1265DC 01 1C 284
1265DE 00 00 0
1265E0 00 25 37
1265E2 00 00 0
1265E4 00 00 0
1265E6 00 00 0
1265E8 01 B7 439
1265EA 00 00 0
1265EC 00 00 0
1265EE 00 00 0
1265F0 01 16 278
1265F2 01 86 390
1265F4 01 B3 435
1265F6 00 00 0
1265F8 00 33 51
1265FA 01 32 306
1265FC 00 4D 77
1265FE 01 3A 314
126600 01 21 289
126602 00 00 0
126604 01 44 324
126606 01 97 407
126608 00 3F 63
12660A 00 00 0
12660C 00 00 0
12660E 01 29 297
126610 01 2E 302
126612 01 E5 485
126614 00 49 73
126616 01 C0 448
126618 01 48 328
12661A 01 4B 331
12661C 00 59 89
12661E 00 00 0
126620 00 64 100
126622 00 00 0
126624 01 ED 493
126626 01 D3 467
126628 00 72 114
12662A 00 00 0
12662C 00 00 0
12662E 00 00 0
126630 00 00 0
126632 00 00 0
126634 01 AE 430
126636 01 92 402
126638 00 00 0
12663A 00 86 134
12663C 01 CA 458
12663E 00 00 0
126640 00 00 0
126642 00 00 0
126644 00 00 0
126646 00 89 137
126648 00 00 0
12664A 00 00 0
12664C 00 00 0
12664E 01 D5 469
126650 00 7C 124
126652 00 7F 127
126654 01 C2 450
126656 01 6D 365
126658 01 6F 367
12665A 00 97 151
12665C 00 9F 159
12665E 01 72 370
126660 00 A3 163
126662 01 78 376
126664 01 7A 378
126666 01 7C 380
126668 00 8F 143
12666A 00 00 0
12666C 00 00 0
12666E 00 00 0
126670 00 00 0
126672 01 E7 487
126674 01 D7 471
126676 00 00 0
126678 00 A8 168
12667A 01 CF 463
12667C 00 00 0
12667E 00 00 0
126680 01 E9 489
126682 00 00 0
126684 00 00 0
126686 01 DB 475
126688 00 00 0
12668A 00 00 0
12668C 00 00 0
12668E 00 00 0
126690 00 00 0
126692 00 00 0
126694 00 00 0
126696 00 00 0
126698 00 00 0
12669A 00 00 0
12669C 00 00 0
12669E 00 00 0
1266A0 01 5B 347
1266A2 00 00 0
1266A4 00 00 0
1266A6 00 00 0
1266A8 01 94 404
1266AA 00 00 0
1266AC 00 00 0
1266AE 00 00 0
1266B0 00 00 0
1266B2 00 00 0
1266B4 01 7E 382
1266B6 00 00 0
1266B8 00 00 0
1266BA 00 00 0
1266BC 00 B7 183
1266BE 00 AD 173
1266C0 00 00 0
1266C2 01 D1 465
1266C4 00 00 0
1266C6 00 00 0
1266C8 00 00 0
1266CA 00 00 0
1266CC 00 00 0
1266CE 00 00 0
1266D0 01 EB 491
1266D2 00 B0 176
1266D4 00 00 0
1266D6 00 00 0
1266D8 00 00 0
1266DA 00 00 0
1266DC 01 C8 456
1266DE 00 00 0
1266E0 01 CD 461
1266E2 00 00 0
1266E4 00 00 0
1266E6 00 00 0
1266E8 00 00 0
1266EA 00 00 0
1266EC 00 00 0
1266EE 00 00 0
1266F0 00 00 0
1266F2 00 00 0
1266F4 00 00 0
1266F6 00 00 0
1266F8 00 00 0
1266FA 00 00 0
1266FC 00 00 0
1266FE 00 00 0
126700 00 00 0
126702 00 00 0
126704 00 00 0
126706 00 00 0
126708 00 00 0
12670A 00 00 0
12670C 00 00 0
12670E 00 00 0
126710 00 00 0
126712 00 00 0
126714 00 00 0
126716 00 00 0
126718 00 00 0
12671A 00 00 0
12671C 00 00 0
12671E 00 00 0
126720 00 BB 187
126722 00 C0 192
126724 01 E3 483
126726 00 00 0
126728 00 C5 197
12672A 00 00 0
12672C 00 00 0
12672E 00 00 0
126730 00 00 0
126732 00 00 0
126734 00 CA 202
126736 00 00 0
126738 00 D0 208
12673A 01 C4 452
12673C 00 D7 215
12673E 00 00 0
126740 00 DC 220
126742 00 E2 226
126744 01 C6 454
126746 00 00 0
126748 01 88 392
12674A 00 00 0
12674C 00 00 0
12674E 00 00 0
126750 00 E5 229
126752 00 00 0
126754 01 E1 481
126756 00 EB 235
126758 00 00 0
12675A 00 EE 238
12675C 01 90 400
12675E 00 E8 232
126760 01 5D 349
126762 00 00 0
126764 00 00 0
126766 00 00 0
126768 00 00 0
12676A 00 00 0
12676C 00 00 0
12676E 00 00 0
126770 01 58 344
126772 00 00 0
126774 01 62 354
126776 00 FD 253
126778 00 00 0
12677A 01 DF 479
12677C 00 F1 241
12677E 00 00 0
126780 01 DD 477
126782 00 F4 244
126784 00 00 0
126786 00 F9 249
126788 00 00 0
12678A 00 00 0
12678C 00 00 0
12678E 00 00 0
126790 00 00 0
126792 01 6A 362
126794 00 00 0
126796 00 12 18
126798 65 86 25990
12679A 00 12 18
12679C 1E C4 7876
12679E 00 12 18
1267A0 65 86 25990
1267A2 01 00 256
1267A4 09 74 2420
1267A6 00 00 0
1267A8 00 00 0
1267AA 00 00 0
1267AC A6 3E -22978
1267AE 00 00 0
1267B0 A2 F6 -23818
1267B2 00 00 0
1267B4 9D 6E -25234
1267B6 00 00 0
1267B8 95 BE -27202
1267BA 00 00 0
1267BC 93 66 -27802
1267BE 00 00 0
1267C0 92 EE -27922
1267C2 00 00 0
1267C4 8C BE -29506
1267C6 00 00 0
1267C8 83 76 -31882
1267CA 00 00 0
1267CC 83 5E -31906
1267CE 00 00 0
1267D0 83 46 -31930
1267D2 00 00 0
1267D4 83 2E -31954
1267D6 00 00 0
1267D8 83 16 -31978
1267DA 00 00 0
1267DC 82 FE -32002
1267DE 00 00 0
1267E0 00 00 0
1267E2 00 00 0
1267E4 A0 6E -24466
1267E6 00 00 0
1267E8 9D 26 -25306
1267EA 00 00 0
1267EC 9D 0E -25330
1267EE 00 00 0
1267F0 96 36 -27082
1267F2 00 00 0
1267F4 96 1E -27106
1267F6 00 00 0
1267F8 8C D6 -29482
1267FA 00 00 0
1267FC 83 8E -31858
1267FE 00 00 0
126800 00 00 0
126802 00 00 0
126804 8C EE -29458
126806 00 00 0
126808 83 A6 -31834
12680A 00 00 0
12680C 00 00 0
12680E 00 00 0
126810 A0 E6 -24346
126812 00 00 0
126814 8D 06 -29434
126816 00 00 0
126818 83 BE -31810
12681A 00 00 0
12681C 00 00 0
12681E 00 00 0
126820 94 56 -27562
126822 00 00 0
126824 93 AE -27730
126826 00 00 0
126828 83 D6 -31786
12682A 00 00 0
12682C 00 00 0
12682E 00 00 0
126830 8D 1E -29410
126832 00 00 0
126834 83 EE -31762
126836 00 00 0
126838 00 00 0
12683A 00 00 0
12683C A7 16 -22762
12683E 00 00 0
126840 A3 86 -23674
126842 00 00 0
126844 9D 9E -25186
126846 00 00 0
126848 9A 6E -26002
12684A 00 00 0
12684C 9A 3E -26050
12684E 00 00 0
126850 98 EE -26386
126852 00 00 0
126854 95 46 -27322
126856 00 00 0
126858 90 36 -28618
12685A 00 00 0
12685C 8D 36 -29386
12685E 00 00 0
126860 89 BE -30274
126862 00 00 0
126864 89 A6 -30298
126866 00 00 0
126868 89 8E -30322
12686A 00 00 0
12686C 84 06 -31738
12686E 00 00 0
126870 00 00 0
126872 00 00 0
126874 A2 AE -23890
126876 00 00 0
126878 A0 CE -24370
12687A 00 00 0
12687C 9C 66 -25498
12687E 00 00 0
126880 9B 46 -25786
126882 00 00 0
126884 99 AE -26194
126886 00 00 0
126888 8D 4E -29362
12688A 00 00 0
12688C 84 7E -31618
12688E 00 00 0
126890 84 66 -31642
126892 00 00 0
126894 84 4E -31666
126896 00 00 0
126898 84 36 -31690
12689A 00 00 0
12689C 84 1E -31714
12689E 00 00 0
1268A0 00 00 0
1268A2 00 00 0
1268A4 A2 96 -23914
1268A6 00 00 0
1268A8 A2 7E -23938
1268AA 00 00 0
1268AC A0 3E -24514
1268AE 00 00 0
1268B0 9D B6 -25162
1268B2 00 00 0
1268B4 9A 9E -25954
1268B6 00 00 0
1268B8 95 A6 -27226
1268BA 00 00 0
1268BC 93 DE -27682
1268BE 00 00 0
1268C0 93 06 -27898
1268C2 00 00 0
1268C4 84 96 -31594
1268C6 00 00 0
1268C8 00 00 0
1268CA 00 00 0
1268CC A0 56 -24490
1268CE 00 00 0
1268D0 84 C6 -31546
1268D2 00 00 0
1268D4 84 AE -31570
1268D6 00 00 0
1268D8 00 00 0
1268DA 00 00 0
1268DC 9A B6 -25930
1268DE 00 00 0
1268E0 97 86 -26746
1268E2 00 00 0
1268E4 90 96 -28522
1268E6 00 00 0
1268E8 8B 3E -29890
1268EA 00 00 0
1268EC 8B 26 -29914
1268EE 00 00 0
1268F0 8B 0E -29938
1268F2 00 00 0
1268F4 8A F6 -29962
1268F6 00 00 0
1268F8 8A DE -29986
1268FA 00 00 0
1268FC 8A 4E -30130
1268FE 00 00 0
126900 8A 36 -30154
126902 00 00 0
126904 84 DE -31522
126906 00 00 0
126908 00 00 0
12690A 00 00 0
12690C A6 56 -22954
12690E 00 00 0
126910 A2 DE -23842
126912 00 00 0
126914 9F 7E -24706
126916 00 00 0
126918 9D 56 -25258
12691A 00 00 0
12691C 9B 76 -25738
12691E 00 00 0
126920 94 6E -27538
126922 00 00 0
126924 85 B6 -31306
126926 00 00 0
126928 85 9E -31330
12692A 00 00 0
12692C 85 0E -31474
12692E 00 00 0
126930 84 F6 -31498
126932 00 00 0
126934 00 00 0
126936 00 00 0
126938 9B 16 -25834
12693A 00 00 0
12693C 99 96 -26218
12693E 00 00 0
126940 98 76 -26506
126942 00 00 0
126944 8D 96 -29290
126946 00 00 0
126948 8D 7E -29314
12694A 00 00 0
12694C 8D 66 -29338
12694E 00 00 0
126950 8C 16 -29674
126952 00 00 0
126954 8B FE -29698
126956 00 00 0
126958 8B E6 -29722
12695A 00 00 0
12695C 85 6E -31378
12695E 00 00 0
126960 85 56 -31402
126962 00 00 0
126964 85 3E -31426
126966 00 00 0
126968 85 26 -31450
12696A 00 00 0
12696C 00 00 0
12696E 00 00 0
126970 A0 0E -24562
126972 00 00 0
126974 9A 56 -26026
126976 00 00 0
126978 93 1E -27874
12697A 00 00 0
12697C 92 D6 -27946
12697E 00 00 0
126980 90 F6 -28426
126982 00 00 0
126984 8D C6 -29242
126986 00 00 0
126988 8D AE -29266
12698A 00 00 0
12698C 8C 2E -29650
12698E 00 00 0
126990 85 86 -31354
126992 00 00 0
126994 00 00 0
126996 00 00 0
126998 8D DE -29218
12699A 00 00 0
12699C 85 CE -31282
12699E 00 00 0
1269A0 00 00 0
1269A2 00 00 0
1269A4 9F 36 -24778
1269A6 00 00 0
1269A8 9F 1E -24802
1269AA 00 00 0
1269AC 9E A6 -24922
1269AE 00 00 0
1269B0 8D F6 -29194
1269B2 00 00 0
1269B4 8C 5E -29602
1269B6 00 00 0
1269B8 85 E6 -31258
1269BA 00 00 0
1269BC 00 00 0
1269BE 00 00 0
1269C0 86 16 -31210
1269C2 00 00 0
1269C4 85 FE -31234
1269C6 00 00 0
1269C8 00 00 0
1269CA 00 00 0
1269CC A0 86 -24442
1269CE 00 00 0
1269D0 9F AE -24658
1269D2 00 00 0
1269D4 93 F6 -27658
1269D6 00 00 0
1269D8 8E 0E -29170
1269DA 00 00 0
1269DC 86 2E -31186
1269DE 00 00 0
1269E0 00 00 0
1269E2 00 00 0
1269E4 9E 2E -25042
1269E6 00 00 0
1269E8 9E 16 -25066
1269EA 00 00 0
1269EC 96 F6 -26890
1269EE 00 00 0
1269F0 96 96 -26986
1269F2 00 00 0
1269F4 92 A6 -27994
1269F6 00 00 0
1269F8 8E 26 -29146
1269FA 00 00 0
1269FC 86 46 -31162
1269FE 00 00 0
126A00 00 00 0
126A02 00 00 0
126A04 A7 2E -22738
126A06 00 00 0
126A08 A3 56 -23722
126A0A 00 00 0
126A0C 98 5E -26530
126A0E 00 00 0
126A10 98 46 -26554
126A12 00 00 0
126A14 95 2E -27346
126A16 00 00 0
126A18 91 FE -28162
126A1A 00 00 0
126A1C 86 5E -31138
126A1E 00 00 0
126A20 00 00 0
126A22 00 00 0
126A24 92 16 -28138
126A26 00 00 0
126A28 8E 3E -29122
126A2A 00 00 0
126A2C 86 76 -31114
126A2E 00 00 0
126A30 00 00 0
126A32 00 00 0
126A34 99 7E -26242
126A36 00 00 0
126A38 92 46 -28090
126A3A 00 00 0
126A3C 8E 56 -29098
126A3E 00 00 0
126A40 86 8E -31090
126A42 00 00 0
126A44 00 00 0
126A46 00 00 0
126A48 A6 B6 -22858
126A4A 00 00 0
126A4C A3 26 -23770
126A4E 00 00 0
126A50 9A FE -25858
126A52 00 00 0
126A54 86 A6 -31066
126A56 00 00 0
126A58 00 00 0
126A5A 00 00 0
126A5C 95 5E -27298
126A5E 00 00 0
126A60 86 BE -31042
126A62 00 00 0
126A64 00 00 0
126A66 00 00 0
126A68 A6 0E -23026
126A6A 00 00 0
126A6C A1 D6 -24106
126A6E 00 00 0
126A70 9D 86 -25210
126A72 00 00 0
126A74 9A 86 -25978
126A76 00 00 0
126A78 8E 6E -29074
126A7A 00 00 0
126A7C 86 D6 -31018
126A7E 00 00 0
126A80 00 00 0
126A82 00 00 0
126A84 A1 A6 -24154
126A86 00 00 0
126A88 94 86 -27514
126A8A 00 00 0
126A8C 86 EE -30994
126A8E 00 00 0
126A90 00 00 0
126A92 00 00 0
126A94 9E 46 -25018
126A96 00 00 0
126A98 9A CE -25906
126A9A 00 00 0
126A9C 8E 86 -29050
126A9E 00 00 0
126AA0 87 06 -30970
126AA2 00 00 0
126AA4 00 00 0
126AA6 00 00 0
126AA8 8E B6 -29002
126AAA 00 00 0
126AAC 8E 9E -29026
126AAE 00 00 0
126AB0 87 36 -30922
126AB2 00 00 0
126AB4 87 1E -30946
126AB6 00 00 0
126AB8 00 00 0
126ABA 00 00 0
126ABC 9B 5E -25762
126ABE 00 00 0
126AC0 96 7E -27010
126AC2 00 00 0
126AC4 94 26 -27610
126AC6 00 00 0
126AC8 87 4E -30898
126ACA 00 00 0
126ACC 00 00 0
126ACE 00 00 0
126AD0 A0 9E -24418
126AD2 00 00 0
126AD4 9C DE -25378
126AD6 00 00 0
126AD8 98 8E -26482
126ADA 00 00 0
126ADC 8E CE -28978
126ADE 00 00 0
126AE0 87 66 -30874
126AE2 00 00 0
126AE4 00 00 0
126AE6 00 00 0
126AE8 A6 9E -22882
126AEA 00 00 0
126AEC 9C 36 -25546
126AEE 00 00 0
126AF0 95 EE -27154
126AF2 00 00 0
126AF4 94 3E -27586
126AF6 00 00 0
126AF8 8E E6 -28954
126AFA 00 00 0
126AFC 87 7E -30850
126AFE 00 00 0
126B00 00 00 0
126B02 00 00 0
126B04 91 9E -28258
126B06 00 00 0
126B08 8F 5E -28834
126B0A 00 00 0
126B0C 88 0E -30706
126B0E 00 00 0
126B10 87 96 -30826
126B12 00 00 0
126B14 00 00 0
126B16 00 00 0
126B18 98 A6 -26458
126B1A 00 00 0
126B1C 8F 2E -28882
126B1E 00 00 0
126B20 8F 16 -28906
126B22 00 00 0
126B24 87 C6 -30778
126B26 00 00 0
126B28 87 AE -30802
126B2A 00 00 0
126B2C 00 00 0
126B2E 00 00 0
126B30 8F 46 -28858
126B32 00 00 0
126B34 87 DE -30754
126B36 00 00 0
126B38 00 00 0
126B3A 00 00 0
126B3C 8E FE -28930
126B3E 00 00 0
126B40 87 F6 -30730
126B42 00 00 0
126B44 00 00 0
126B46 00 00 0
126B48 8F 76 -28810
126B4A 00 00 0
126B4C 88 26 -30682
126B4E 00 00 0
126B50 00 00 0
126B52 00 00 0
126B54 8F 8E -28786
126B56 00 00 0
126B58 88 3E -30658
126B5A 00 00 0
126B5C 00 00 0
126B5E 00 00 0
126B60 8F A6 -28762
126B62 00 00 0
126B64 88 56 -30634
126B66 00 00 0
126B68 00 00 0
126B6A 00 00 0
126B6C 8F BE -28738
126B6E 00 00 0
126B70 88 6E -30610
126B72 00 00 0
126B74 00 00 0
126B76 00 00 0
126B78 98 D6 -26410
126B7A 00 00 0
126B7C 91 6E -28306
126B7E 00 00 0
126B80 8F D6 -28714
126B82 00 00 0
126B84 88 86 -30586
126B86 00 00 0
126B88 00 00 0
126B8A 00 00 0
126B8C 93 7E -27778
126B8E 00 00 0
126B90 88 B6 -30538
126B92 00 00 0
126B94 88 9E -30562
126B96 00 00 0
126B98 00 00 0
126B9A 00 00 0
126B9C A2 1E -24034
126B9E 00 00 0
126BA0 95 16 -27370
126BA2 00 00 0
126BA4 88 CE -30514
126BA6 00 00 0
126BA8 00 00 0
126BAA 00 00 0
126BAC 9A 26 -26074
126BAE 00 00 0
126BB0 9A 0E -26098
126BB2 00 00 0
126BB4 88 E6 -30490
126BB6 00 00 0
126BB8 00 00 0
126BBA 00 00 0
126BBC A3 B6 -23626
126BBE 00 00 0
126BC0 97 3E -26818
126BC2 00 00 0
126BC4 89 2E -30418
126BC6 00 00 0
126BC8 88 FE -30466
126BCA 00 00 0
126BCC 00 00 0
126BCE 00 00 0
126BD0 89 16 -30442
126BD2 00 00 0
126BD4 00 00 0
126BD6 00 00 0
126BD8 8F EE -28690
126BDA 00 00 0
126BDC 89 46 -30394
126BDE 00 00 0
126BE0 00 00 0
126BE2 00 00 0
126BE4 90 4E -28594
126BE6 00 00 0
126BE8 90 1E -28642
126BEA 00 00 0
126BEC 90 06 -28666
126BEE 00 00 0
126BF0 8A 06 -30202
126BF2 00 00 0
126BF4 89 76 -30346
126BF6 00 00 0
126BF8 89 5E -30370
126BFA 00 00 0
126BFC 00 00 0
126BFE 00 00 0
126C00 9C C6 -25402
126C02 00 00 0
126C04 99 F6 -26122
126C06 00 00 0
126C08 97 6E -26770
126C0A 00 00 0
126C0C 89 EE -30226
126C0E 00 00 0
126C10 89 D6 -30250
126C12 00 00 0
126C14 00 00 0
126C16 00 00 0
126C18 A2 4E -23986
126C1A 00 00 0
126C1C 94 CE -27442
126C1E 00 00 0
126C20 94 B6 -27466
126C22 00 00 0
126C24 8A 1E -30178
126C26 00 00 0
126C28 00 00 0
126C2A 00 00 0
126C2C A5 AE -23122
126C2E 00 00 0
126C30 A3 6E -23698
126C32 00 00 0
126C34 90 66 -28570
126C36 00 00 0
126C38 8B 86 -29818
126C3A 00 00 0
126C3C 8B 6E -29842
126C3E 00 00 0
126C40 8A 7E -30082
126C42 00 00 0
126C44 8A 66 -30106
126C46 00 00 0
126C48 00 00 0
126C4A 00 00 0
126C4C A2 36 -24010
126C4E 00 00 0
126C50 91 B6 -28234
126C52 00 00 0
126C54 90 7E -28546
126C56 00 00 0
126C58 8A 96 -30058
126C5A 00 00 0
126C5C 00 00 0
126C5E 00 00 0
126C60 A6 CE -22834
126C62 00 00 0
126C64 A3 9E -23650
126C66 00 00 0
126C68 8A AE -30034
126C6A 00 00 0
126C6C 00 00 0
126C6E 00 00 0
126C70 A6 86 -22906
126C72 00 00 0
126C74 A6 6E -22930
126C76 00 00 0
126C78 9D FE -25090
126C7A 00 00 0
126C7C 98 2E -26578
126C7E 00 00 0
126C80 98 16 -26602
126C82 00 00 0
126C84 93 36 -27850
126C86 00 00 0
126C88 8A C6 -30010
126C8A 00 00 0
126C8C 00 00 0
126C8E 00 12 18
126C90 71 1A 28954
126C92 00 00 0
126C94 A2 06 -24058
126C96 00 00 0
126C98 9F 66 -24730
126C9A 00 00 0
126C9C 99 06 -26362
126C9E 00 00 0
126CA0 97 CE -26674
126CA2 00 00 0
126CA4 97 B6 -26698
126CA6 00 00 0
126CA8 97 9E -26722
126CAA 00 00 0
126CAC 96 AE -26962
126CAE 00 00 0
126CB0 8B 56 -29866
126CB2 00 00 0
126CB4 00 00 0
126CB6 00 00 0
126CB8 93 C6 -27706
126CBA 00 00 0
126CBC 90 AE -28498
126CBE 00 00 0
126CC0 8B 9E -29794
126CC2 00 00 0
126CC4 00 00 0
126CC6 00 00 0
126CC8 90 C6 -28474
126CCA 00 00 0
126CCC 8B B6 -29770
126CCE 00 00 0
126CD0 00 00 0
126CD2 00 00 0
126CD4 A6 FE -22786
126CD6 00 00 0
126CD8 A6 E6 -22810
126CDA 00 00 0
126CDC A6 26 -23002
126CDE 00 00 0
126CE0 A5 F6 -23050
126CE2 00 00 0
126CE4 9D 3E -25282
126CE6 00 00 0
126CE8 96 DE -26914
126CEA 00 00 0
126CEC 96 C6 -26938
126CEE 00 00 0
126CF0 93 4E -27826
126CF2 00 00 0
126CF4 91 0E -28402
126CF6 00 00 0
126CF8 90 DE -28450
126CFA 00 00 0
126CFC 8C 46 -29626
126CFE 00 00 0
126D00 8B CE -29746
126D02 00 00 0
126D04 00 00 0
126D06 00 00 0
126D08 8C 8E -29554
126D0A 00 00 0
126D0C 8C 76 -29578
126D0E 00 00 0
126D10 00 00 0
126D12 00 00 0
126D14 8C A6 -29530
126D16 00 00 0
126D18 00 00 0
126D1A 00 00 0
126D1C 9E EE -24850
126D1E 00 00 0
126D20 97 26 -26842
126D22 00 00 0
126D24 94 E6 -27418
126D26 00 00 0
126D28 91 26 -28378
126D2A 00 00 0
126D2C 00 00 0
126D2E 00 00 0
126D30 9F F6 -24586
126D32 00 00 0
126D34 95 D6 -27178
126D36 00 00 0
126D38 91 3E -28354
126D3A 00 00 0
126D3C 00 00 0
126D3E 00 00 0
126D40 9F 96 -24682
126D42 00 00 0
126D44 93 96 -27754
126D46 00 00 0
126D48 91 56 -28330
126D4A 00 00 0
126D4C 00 00 0
126D4E 00 00 0
126D50 94 9E -27490
126D52 00 00 0
126D54 91 86 -28282
126D56 00 00 0
126D58 00 00 0
126D5A 00 00 0
126D5C 91 CE -28210
126D5E 00 00 0
126D60 00 00 0
126D62 00 00 0
126D64 92 BE -27970
126D66 00 00 0
126D68 91 E6 -28186
126D6A 00 00 0
126D6C 00 00 0
126D6E 00 00 0
126D70 A1 EE -24082
126D72 00 00 0
126D74 97 FE -26626
126D76 00 00 0
126D78 97 E6 -26650
126D7A 00 00 0
126D7C 97 0E -26866
126D7E 00 00 0
126D80 92 2E -28114
126D82 00 00 0
126D84 00 00 0
126D86 00 00 0
126D88 92 5E -28066
126D8A 00 00 0
126D8C 00 00 0
126D8E 00 00 0
126D90 92 76 -28042
126D92 00 00 0
126D94 00 00 0
126D96 00 00 0
126D98 92 8E -28018
126D9A 00 00 0
126D9C 00 00 0
126D9E 00 00 0
126DA0 94 0E -27634
126DA2 00 00 0
126DA4 00 00 0
126DA6 00 00 0
126DA8 94 FE -27394
126DAA 00 00 0
126DAC 00 00 0
126DAE 00 00 0
126DB0 9F DE -24610
126DB2 00 00 0
126DB4 9C F6 -25354
126DB6 00 00 0
126DB8 95 76 -27274
126DBA 00 00 0
126DBC 00 00 0
126DBE 00 00 0
126DC0 95 8E -27250
126DC2 00 00 0
126DC4 00 00 0
126DC6 00 00 0
126DC8 96 06 -27130
126DCA 00 00 0
126DCC 00 00 0
126DCE 00 00 0
126DD0 96 66 -27034
126DD2 00 00 0
126DD4 96 4E -27058
126DD6 00 00 0
126DD8 00 00 0
126DDA 00 00 0
126DDC 99 4E -26290
126DDE 00 00 0
126DE0 97 56 -26794
126DE2 00 00 0
126DE4 00 00 0
126DE6 00 00 0
126DE8 98 BE -26434
126DEA 00 00 0
126DEC 00 00 0
126DEE 00 00 0
126DF0 99 1E -26338
126DF2 00 00 0
126DF4 00 00 0
126DF6 00 00 0
126DF8 9C AE -25426
126DFA 00 00 0
126DFC 99 36 -26314
126DFE 00 00 0
126E00 00 00 0
126E02 00 00 0
126E04 A5 96 -23146
126E06 00 00 0
126E08 A5 7E -23170
126E0A 00 00 0
126E0C A5 66 -23194
126E0E 00 00 0
126E10 A5 4E -23218
126E12 00 00 0
126E14 A5 36 -23242
126E16 00 00 0
126E18 A5 1E -23266
126E1A 00 00 0
126E1C A5 06 -23290
126E1E 00 00 0
126E20 A4 EE -23314
126E22 00 00 0
126E24 A4 D6 -23338
126E26 00 00 0
126E28 A4 BE -23362
126E2A 00 00 0
126E2C A4 A6 -23386
126E2E 00 00 0
126E30 A4 8E -23410
126E32 00 00 0
126E34 A4 76 -23434
126E36 00 00 0
126E38 A4 5E -23458
126E3A 00 00 0
126E3C A4 46 -23482
126E3E 00 00 0
126E40 A4 2E -23506
126E42 00 00 0
126E44 A4 16 -23530
126E46 00 00 0
126E48 A3 FE -23554
126E4A 00 00 0
126E4C A3 E6 -23578
126E4E 00 00 0
126E50 A3 CE -23602
126E52 00 00 0
126E54 A1 76 -24202
126E56 00 00 0
126E58 99 66 -26266
126E5A 00 00 0
126E5C 00 00 0
126E5E 00 00 0
126E60 9E D6 -24874
126E62 00 00 0
126E64 9B EE -25618
126E66 00 00 0
126E68 9B 2E -25810
126E6A 00 00 0
126E6C 99 C6 -26170
126E6E 00 00 0
126E70 00 00 0
126E72 00 00 0
126E74 A1 8E -24178
126E76 00 00 0
126E78 9B BE -25666
126E7A 00 00 0
126E7C 99 DE -26146
126E7E 00 00 0
126E80 00 00 0
126E82 00 00 0
126E84 A1 5E -24226
126E86 00 00 0
126E88 A1 46 -24250
126E8A 00 00 0
126E8C A1 2E -24274
126E8E 00 00 0
126E90 A1 16 -24298
126E92 00 00 0
126E94 A0 FE -24322
126E96 00 00 0
126E98 9A E6 -25882
126E9A 00 00 0
126E9C 00 00 0
126E9E 00 00 0
126EA0 9B 8E -25714
126EA2 00 00 0
126EA4 00 00 0
126EA6 00 00 0
126EA8 9B A6 -25690
126EAA 00 00 0
126EAC 00 00 0
126EAE 00 00 0
126EB0 9B D6 -25642
126EB2 00 00 0
126EB4 00 00 0
126EB6 00 00 0
126EB8 9C 06 -25594
126EBA 00 00 0
126EBC 00 00 0
126EBE 00 00 0
126EC0 9C 1E -25570
126EC2 00 00 0
126EC4 00 00 0
126EC6 00 00 0
126EC8 9C 4E -25522
126ECA 00 00 0
126ECC 00 00 0
126ECE 00 00 0
126ED0 9C 96 -25450
126ED2 00 00 0
126ED4 9C 7E -25474
126ED6 00 00 0
126ED8 00 00 0
126EDA 00 00 0
126EDC 9D CE -25138
126EDE 00 00 0
126EE0 00 00 0
126EE2 00 00 0
126EE4 9D E6 -25114
126EE6 00 00 0
126EE8 00 00 0
126EEA 00 00 0
126EEC 9E 5E -24994
126EEE 00 00 0
126EF0 00 00 0
126EF2 00 00 0
126EF4 9E 76 -24970
126EF6 00 00 0
126EF8 00 00 0
126EFA 00 00 0
126EFC 9E 8E -24946
126EFE 00 00 0
126F00 00 00 0
126F02 00 00 0
126F04 A5 DE -23074
126F06 00 00 0
126F08 A3 3E -23746
126F0A 00 00 0
126F0C 9E BE -24898
126F0E 00 00 0
126F10 00 00 0
126F12 00 00 0
126F14 9F 06 -24826
126F16 00 00 0
126F18 00 00 0
126F1A 00 00 0
126F1C 9F 4E -24754
126F1E 00 00 0
126F20 00 00 0
126F22 00 00 0
126F24 9F C6 -24634
126F26 00 00 0
126F28 00 00 0
126F2A 00 00 0
126F2C A0 26 -24538
126F2E 00 00 0
126F30 00 00 0
126F32 00 00 0
126F34 A0 B6 -24394
126F36 00 00 0
126F38 00 00 0
126F3A 00 00 0
126F3C A1 BE -24130
126F3E 00 00 0
126F40 00 00 0
126F42 00 00 0
126F44 A2 66 -23962
126F46 00 00 0
126F48 00 00 0
126F4A 00 00 0
126F4C A2 C6 -23866
126F4E 00 00 0
126F50 00 00 0
126F52 00 00 0
126F54 A3 0E -23794
126F56 00 00 0
126F58 00 00 0
126F5A 00 00 0
126F5C A5 C6 -23098
126F5E 00 00 0
126F60 00 00 0
126F62 00 00 0
126F64 00 00 0
126F66 00 00 0
126F68 00 00 0
126F6A 00 00 0
126F6C 00 00 0
126F6E 00 00 0
126F70 00 00 0
126F72 00 00 0
126F74 00 00 0
126F76 00 00 0
126F78 00 00 0
126F7A 00 00 0
126F7C 00 00 0
126F7E 00 00 0
126F80 00 00 0
126F82 00 00 0
126F84 00 00 0
126F86 00 00 0
126F88 00 00 0
126F8A 00 00 0
126F8C 00 00 0
126F8E 00 00 0
126F90 00 00 0
126F92 00 00 0
126F94 00 00 0
126F96 00 00 0
126F98 00 00 0
126F9A 00 00 0
126F9C 00 00 0
126F9E 00 00 0
126FA0 00 00 0
126FA2 00 00 0
126FA4 00 00 0
126FA6 00 00 0
126FA8 00 00 0
126FAA 00 00 0
126FAC 00 00 0
126FAE 00 00 0
126FB0 00 00 0
126FB2 00 00 0
126FB4 00 00 0
126FB6 00 00 0
126FB8 00 00 0
126FBA 00 00 0
126FBC 00 00 0
126FBE 00 00 0
126FC0 00 00 0
126FC2 00 00 0
126FC4 00 00 0
126FC6 00 00 0
126FC8 00 00 0
126FCA 00 00 0
126FCC 00 00 0
126FCE 00 00 0
126FD0 00 00 0
126FD2 00 00 0
126FD4 00 00 0
126FD6 00 00 0
126FD8 00 00 0
126FDA 00 00 0
126FDC 00 00 0
126FDE 00 00 0
126FE0 00 00 0
126FE2 00 00 0
126FE4 00 00 0
126FE6 00 00 0
126FE8 00 00 0
126FEA 00 00 0
126FEC 00 00 0
126FEE 00 00 0
126FF0 00 00 0
126FF2 00 00 0
126FF4 00 00 0
126FF6 00 00 0
126FF8 00 00 0
126FFA 00 00 0
126FFC 00 00 0
126FFE 00 00 0
127000 00 00 0
127002 00 00 0
127004 00 00 0
127006 00 00 0
127008 00 00 0
12700A 00 00 0
12700C 00 00 0
12700E 00 00 0
127010 00 00 0
127012 00 00 0
127014 00 00 0
127016 00 00 0
127018 00 00 0
12701A 00 00 0
12701C 00 00 0
12701E 00 00 0
127020 00 00 0
127022 00 00 0
127024 00 00 0
127026 00 00 0
127028 00 00 0
12702A 00 00 0
12702C 00 00 0
12702E 00 00 0
127030 00 00 0
127032 00 00 0
127034 00 00 0
127036 00 00 0
127038 00 00 0
12703A 00 00 0
12703C 00 00 0
12703E 00 00 0
127040 00 00 0
127042 00 00 0
127044 00 00 0
127046 00 00 0
127048 00 00 0
12704A 00 00 0
12704C 00 00 0
12704E 00 00 0
127050 00 00 0
127052 00 00 0
127054 00 00 0
127056 00 00 0
127058 00 00 0
12705A 00 00 0
12705C 00 00 0
12705E 00 00 0
127060 00 00 0
127062 00 00 0
127064 00 00 0
127066 00 00 0
127068 00 00 0
12706A 00 00 0
12706C 00 00 0
12706E 00 00 0
127070 00 00 0
127072 00 00 0
127074 00 00 0
127076 00 00 0
127078 00 00 0
12707A 00 00 0
12707C 00 00 0
12707E 00 00 0
127080 00 00 0
127082 00 00 0
127084 00 00 0
127086 00 00 0
127088 00 00 0
12708A 00 00 0
12708C 00 00 0
12708E 00 00 0
127090 00 00 0
127092 00 00 0
127094 00 00 0
127096 00 00 0
127098 00 00 0
12709A 00 00 0
12709C 00 00 0
12709E 00 00 0
1270A0 00 00 0
1270A2 00 00 0
1270A4 00 00 0
1270A6 00 00 0
1270A8 00 00 0
1270AA 00 00 0
1270AC 00 00 0
1270AE 00 00 0
1270B0 00 00 0
1270B2 00 00 0
1270B4 00 00 0
1270B6 00 00 0
1270B8 00 00 0
1270BA 00 00 0
1270BC 00 00 0
1270BE 00 00 0
1270C0 00 00 0
1270C2 00 00 0
1270C4 00 00 0
1270C6 00 00 0
1270C8 00 00 0
1270CA 00 00 0
1270CC 00 00 0
1270CE 00 00 0
1270D0 00 00 0
1270D2 00 00 0
1270D4 00 00 0
1270D6 00 00 0
1270D8 00 00 0
1270DA 00 00 0
1270DC 00 00 0
1270DE 00 00 0
1270E0 00 00 0
1270E2 00 00 0
1270E4 00 00 0
1270E6 00 00 0
1270E8 00 00 0
1270EA 00 00 0
1270EC 00 00 0
1270EE 00 00 0
1270F0 00 00 0
1270F2 00 00 0
1270F4 00 00 0
1270F6 00 00 0
1270F8 00 00 0
1270FA 00 00 0
1270FC 00 00 0
1270FE 00 00 0
127100 00 00 0
127102 00 00 0
127104 00 00 0
127106 00 00 0
127108 00 00 0
12710A 00 12 18
12710C 67 96 26518
12710E 00 12 18
127110 1E C4 7876
127112 00 12 18
127114 67 96 26518
127116 01 00 256
127118 00 2C 44
12711A 00 06 6
12711C 53 54 21332
12711E 41 54 16724
127120 45 30 17712
127122 00 00 0
127124 00 00 0
127126 00 07 7
127128 00 04 4
12712A 00 00 0
12712C 00 00 0
12712E 00 00 0
127130 00 12 18
127132 06 8E 1678
127134 00 01 1
127136 00 00 0
127138 00 00 0
12713A 00 12 18
12713C 1E C4 7876
12713E 00 12 18
127140 71 0A 28938
127142 00 00 0
127144 37 48 14152
127146 00 00 0
127148 00 00 0
12714A 00 00 0
12714C 00 00 0
12714E 00 00 0
127150 00 00 0
127152 00 00 0
127154 00 00 0
127156 00 00 0
127158 00 00 0
12715A 00 00 0
12715C 00 00 0
12715E 00 12 18
127160 1E C4 7876
127162 00 12 18
127164 71 0A 28938
127166 00 00 0
127168 37 24 14116
12716A 00 00 0
12716C 00 00 0
12716E 00 00 0
127170 00 00 0
127172 00 00 0
127174 00 00 0
127176 00 00 0
127178 00 00 0
12717A 00 00 0
12717C 00 00 0
12717E 00 00 0
127180 00 00 0
127182 00 00 0
127184 00 00 0
127186 00 00 0
127188 00 00 0
12718A 00 12 18
12718C 1E C4 7876
12718E 00 12 18
127190 71 36 28982
127192 00 00 0
127194 36 F8 14072
127196 00 00 0
127198 00 00 0
12719A 00 00 0
12719C 00 00 0
12719E 00 00 0
1271A0 00 00 0
1271A2 00 00 0
1271A4 00 00 0
1271A6 00 00 0
1271A8 00 00 0
1271AA 00 00 0
1271AC 00 00 0
1271AE 00 00 0
1271B0 00 00 0
1271B2 00 00 0
1271B4 00 00 0
1271B6 00 00 0
1271B8 00 00 0
1271BA 00 00 0
1271BC 00 00 0
1271BE 00 00 0
1271C0 00 00 0
1271C2 00 00 0
1271C4 00 00 0
1271C6 00 00 0
1271C8 00 00 0
1271CA 00 00 0
1271CC 00 00 0
1271CE 00 00 0
1271D0 00 00 0
1271D2 00 00 0
1271D4 00 00 0
1271D6 00 00 0
1271D8 00 00 0
1271DA 00 00 0
1271DC 00 00 0
1271DE 00 00 0
1271E0 00 00 0
1271E2 00 00 0
1271E4 00 00 0
1271E6 00 00 0
1271E8 00 00 0
1271EA 00 00 0
1271EC 00 00 0
1271EE 00 00 0
1271F0 00 00 0
1271F2 00 00 0
1271F4 00 00 0
1271F6 00 00 0
1271F8 00 00 0
1271FA 00 00 0
1271FC 00 00 0
1271FE 00 00 0
127200 00 00 0
127202 00 00 0
127204 00 00 0
127206 00 00 0
127208 00 00 0
12720A 00 00 0
12720C 00 00 0
12720E 00 00 0
127210 00 00 0
127212 00 00 0
127214 00 00 0
127216 00 00 0
127218 00 00 0
12721A 00 00 0
12721C 00 00 0
12721E 00 00 0
127220 00 00 0
127222 00 00 0
127224 00 00 0
127226 00 00 0
127228 00 00 0
12722A 00 00 0
12722C 00 00 0
12722E 00 00 0
127230 00 00 0
127232 00 00 0
127234 00 00 0
127236 00 00 0
127238 00 00 0
12723A 00 00 0
12723C 00 00 0
12723E 00 00 0
127240 00 00 0
127242 00 00 0
127244 00 00 0
127246 00 00 0
127248 00 00 0
12724A 00 00 0
12724C 00 00 0
12724E 00 00 0
127250 00 00 0
127252 00 00 0
127254 00 00 0
127256 00 00 0
127258 00 00 0
12725A 00 00 0
12725C 00 00 0
12725E 00 00 0
127260 00 00 0
127262 00 00 0
127264 00 00 0
127266 00 00 0
127268 00 00 0
12726A 00 00 0
12726C 00 00 0
12726E 00 00 0
127270 00 00 0
127272 00 00 0
127274 00 00 0
127276 00 00 0
127278 00 00 0
12727A 00 00 0
12727C 00 00 0
12727E 00 00 0
127280 00 00 0
127282 00 00 0
127284 00 00 0
127286 00 00 0
127288 00 00 0
12728A 00 00 0
12728C 00 00 0
12728E 00 00 0
127290 00 00 0
127292 00 00 0
127294 00 00 0
127296 00 00 0
127298 00 00 0
12729A 00 00 0
12729C 00 00 0
12729E 00 00 0
1272A0 00 00 0
1272A2 00 00 0
1272A4 00 00 0
1272A6 00 00 0
1272A8 00 00 0
1272AA 00 00 0
1272AC 00 00 0
1272AE 00 00 0
1272B0 00 00 0
1272B2 00 00 0
1272B4 00 00 0
1272B6 00 00 0
1272B8 00 00 0
1272BA 00 00 0
1272BC 00 00 0
1272BE 00 00 0
1272C0 00 00 0
1272C2 00 00 0
1272C4 00 00 0
1272C6 00 00 0
1272C8 00 00 0
1272CA 00 00 0
1272CC 00 00 0
1272CE 00 00 0
1272D0 00 00 0
1272D2 00 00 0
1272D4 00 00 0
1272D6 00 00 0
1272D8 00 00 0
1272DA 00 00 0
1272DC 00 00 0
1272DE 00 00 0
1272E0 00 00 0
1272E2 00 00 0
1272E4 00 00 0
1272E6 00 00 0
1272E8 00 00 0
1272EA 00 00 0
1272EC 00 00 0
1272EE 00 00 0
1272F0 00 00 0
1272F2 00 00 0
1272F4 00 00 0
1272F6 00 00 0
1272F8 00 00 0
1272FA 00 00 0
1272FC 00 00 0
1272FE 00 00 0
127300 00 00 0
127302 00 00 0
127304 00 00 0
127306 00 00 0
127308 00 00 0
12730A 00 00 0
12730C 00 00 0
12730E 00 00 0
127310 00 00 0
127312 00 00 0
127314 00 00 0
127316 00 00 0
127318 00 00 0
12731A 00 00 0
12731C 00 00 0
12731E 00 00 0
127320 00 00 0
127322 00 00 0
127324 00 00 0
127326 00 00 0
127328 00 00 0
12732A 00 00 0
12732C 00 00 0
12732E 00 00 0
127330 00 00 0
127332 00 00 0
127334 00 00 0
127336 00 00 0
127338 00 00 0
12733A 00 00 0
12733C 00 00 0
12733E 00 00 0
127340 00 00 0
127342 00 00 0
127344 00 00 0
127346 00 00 0
127348 00 00 0
12734A 00 00 0
12734C 00 00 0
12734E 00 00 0
127350 00 00 0
127352 00 00 0
127354 00 00 0
127356 00 00 0
127358 00 00 0
12735A 00 00 0
12735C 00 00 0
12735E 00 00 0
127360 00 00 0
127362 00 00 0
127364 00 00 0
127366 00 00 0
127368 00 00 0
12736A 00 00 0
12736C 00 00 0
12736E 00 00 0
127370 00 00 0
127372 00 00 0
127374 00 00 0
127376 00 00 0
127378 00 00 0
12737A 00 00 0
12737C 00 00 0
12737E 00 00 0
127380 00 00 0
127382 00 00 0
127384 00 00 0
127386 00 00 0
127388 00 00 0
12738A 00 00 0
12738C 00 00 0
12738E 00 00 0
127390 00 00 0
127392 00 00 0
127394 00 00 0
127396 00 00 0
127398 00 00 0
12739A 00 00 0
12739C 00 00 0
12739E 00 00 0
1273A0 00 00 0
1273A2 00 00 0
1273A4 00 00 0
1273A6 00 00 0
1273A8 00 00 0
1273AA 00 00 0
1273AC 00 00 0
1273AE 00 00 0
1273B0 00 00 0
1273B2 00 00 0
1273B4 00 00 0
1273B6 00 00 0
1273B8 00 00 0
1273BA 00 00 0
1273BC 00 00 0
1273BE 00 00 0
1273C0 00 00 0
1273C2 00 00 0
1273C4 00 00 0
1273C6 00 00 0
1273C8 00 00 0
1273CA 00 00 0
1273CC 00 00 0
1273CE 00 00 0
1273D0 00 00 0
1273D2 00 00 0
1273D4 00 00 0
1273D6 00 00 0
1273D8 00 00 0
1273DA 00 00 0
1273DC 00 00 0
1273DE 00 00 0
1273E0 00 00 0
1273E2 00 00 0
1273E4 00 00 0
1273E6 00 00 0
1273E8 00 00 0
1273EA 00 00 0
1273EC 00 00 0
1273EE 00 00 0
1273F0 00 00 0
1273F2 00 00 0
1273F4 00 00 0
1273F6 00 00 0
1273F8 00 00 0
1273FA 00 00 0
1273FC 00 00 0
1273FE 00 00 0
127400 00 00 0
127402 00 00 0
127404 00 00 0
127406 00 00 0
127408 00 00 0
12740A 00 00 0
12740C 00 00 0
12740E 00 00 0
127410 00 00 0
127412 00 00 0
127414 00 00 0
127416 00 00 0
127418 00 00 0
12741A 00 00 0
12741C 00 00 0
12741E 00 00 0
127420 00 00 0
127422 00 00 0
127424 00 00 0
127426 00 00 0
127428 00 00 0
12742A 00 00 0
12742C 00 00 0
12742E 00 00 0
127430 00 00 0
127432 00 00 0
127434 00 00 0
127436 00 00 0
127438 00 00 0
12743A 00 00 0
12743C 00 00 0
12743E 00 00 0
127440 00 00 0
127442 00 00 0
127444 00 00 0
127446 00 00 0
127448 00 00 0
12744A 00 00 0
12744C 00 00 0
12744E 00 00 0
127450 00 00 0
127452 00 00 0
127454 00 00 0
127456 00 00 0
127458 00 00 0
12745A 00 00 0
12745C 00 00 0
12745E 00 00 0
127460 00 00 0
127462 00 00 0
127464 00 00 0
127466 00 00 0
127468 00 00 0
12746A 00 00 0
12746C 00 00 0
12746E 00 00 0
127470 00 00 0
127472 00 00 0
127474 00 00 0
127476 00 00 0
127478 00 00 0
12747A 00 00 0
12747C 00 00 0
12747E 00 00 0
127480 00 00 0
127482 00 00 0
127484 00 00 0
127486 00 00 0
127488 00 00 0
12748A 00 00 0
12748C 00 00 0
12748E 00 00 0
127490 00 00 0
127492 00 00 0
127494 00 00 0
127496 00 00 0
127498 00 00 0
12749A 00 00 0
12749C 00 00 0
12749E 00 00 0
1274A0 00 00 0
1274A2 00 00 0
1274A4 00 00 0
1274A6 00 00 0
1274A8 00 00 0
1274AA 00 00 0
1274AC 00 00 0
1274AE 00 00 0
1274B0 00 00 0
1274B2 00 00 0
1274B4 00 00 0
1274B6 00 00 0
1274B8 00 00 0
1274BA 00 00 0
1274BC 00 00 0
1274BE 00 00 0
1274C0 00 00 0
1274C2 00 00 0
1274C4 00 00 0
1274C6 00 00 0
1274C8 00 00 0
1274CA 00 00 0
1274CC 00 00 0
1274CE 00 00 0
1274D0 00 00 0
1274D2 00 00 0
1274D4 00 00 0
1274D6 00 00 0
1274D8 00 00 0
1274DA 00 00 0
1274DC 00 00 0
1274DE 00 00 0
1274E0 00 00 0
1274E2 00 00 0
1274E4 00 00 0
1274E6 00 00 0
1274E8 00 00 0
1274EA 00 00 0
1274EC 00 00 0
1274EE 00 00 0
1274F0 00 00 0
1274F2 00 00 0
1274F4 00 00 0
1274F6 00 00 0
1274F8 00 00 0
1274FA 00 00 0
1274FC 00 00 0
1274FE 00 00 0
127500 00 00 0
127502 00 00 0
127504 00 00 0
127506 00 00 0
127508 00 00 0
12750A 00 00 0
12750C 00 00 0
12750E 00 00 0
127510 00 00 0
127512 00 00 0
127514 00 00 0
127516 00 00 0
127518 00 00 0
12751A 00 00 0
12751C 00 00 0
12751E 00 00 0
127520 00 00 0
127522 00 00 0
127524 00 00 0
127526 00 00 0
127528 00 00 0
12752A 00 00 0
12752C 00 00 0
12752E 00 00 0
127530 00 00 0
127532 00 00 0
127534 00 00 0
127536 00 00 0
127538 00 00 0
12753A 00 00 0
12753C 00 00 0
12753E 00 00 0
127540 00 00 0
127542 00 00 0
127544 00 00 0
127546 00 00 0
127548 00 00 0
12754A 00 00 0
12754C 00 00 0
12754E 00 00 0
127550 00 00 0
127552 00 00 0
127554 00 00 0
127556 00 00 0
127558 00 00 0
12755A 00 00 0
12755C 00 00 0
12755E 00 00 0
127560 00 00 0
127562 00 00 0
127564 00 00 0
127566 00 00 0
127568 00 00 0
12756A 00 00 0
12756C 00 00 0
12756E 00 00 0
127570 00 00 0
127572 00 00 0
127574 00 00 0
127576 00 00 0
127578 00 00 0
12757A 00 00 0
12757C 00 00 0
12757E 00 00 0
127580 00 00 0
127582 00 00 0
127584 00 00 0
127586 00 00 0
127588 00 00 0
12758A 00 00 0
12758C 00 00 0
12758E 00 00 0
127590 00 00 0
127592 00 00 0
127594 00 00 0
127596 00 00 0
127598 00 00 0
12759A 00 00 0
12759C 00 00 0
12759E 00 00 0
1275A0 00 00 0
1275A2 00 00 0
1275A4 00 00 0
1275A6 00 00 0
1275A8 00 00 0
1275AA 00 00 0
1275AC 00 00 0
1275AE 00 00 0
1275B0 00 00 0
1275B2 00 00 0
1275B4 00 00 0
1275B6 00 00 0
1275B8 00 00 0
1275BA 00 00 0
1275BC 00 00 0
1275BE 00 00 0
1275C0 00 00 0
1275C2 00 00 0
1275C4 00 00 0
1275C6 00 00 0
1275C8 00 00 0
1275CA 00 00 0
1275CC 00 00 0
1275CE 00 00 0
1275D0 00 00 0
1275D2 00 00 0
1275D4 00 00 0
1275D6 00 00 0
1275D8 00 00 0
1275DA 00 00 0
1275DC 00 00 0
1275DE 00 00 0
1275E0 00 00 0
1275E2 00 00 0
1275E4 00 00 0
1275E6 00 00 0
1275E8 00 00 0
1275EA 00 00 0
1275EC 00 00 0
1275EE 00 00 0
1275F0 00 00 0
1275F2 00 00 0
1275F4 00 00 0
1275F6 00 00 0
1275F8 00 00 0
1275FA 00 00 0
1275FC 00 00 0
1275FE 00 00 0
127600 00 00 0
127602 00 00 0
127604 00 00 0
127606 00 00 0
127608 00 00 0
12760A 00 00 0
12760C 00 00 0
12760E 00 00 0
127610 00 00 0
127612 00 00 0
127614 00 00 0
127616 00 00 0
127618 00 00 0
12761A 00 00 0
12761C 00 00 0
12761E 00 00 0
127620 00 00 0
127622 00 00 0
127624 00 00 0
127626 00 00 0
127628 00 00 0
12762A 00 00 0
12762C 00 00 0
12762E 00 00 0
127630 00 00 0
127632 00 00 0
127634 00 00 0
127636 00 00 0
127638 00 00 0
12763A 00 00 0
12763C 00 00 0
12763E 00 00 0
127640 00 00 0
127642 00 00 0
127644 00 00 0
127646 00 00 0
127648 00 00 0
12764A 00 00 0
12764C 00 00 0
12764E 00 00 0
127650 00 00 0
127652 00 00 0
127654 00 00 0
127656 00 00 0
127658 00 00 0
12765A 00 00 0
12765C 00 00 0
12765E 00 00 0
127660 00 00 0
127662 00 00 0
127664 00 00 0
127666 00 00 0
127668 00 00 0
12766A 00 00 0
12766C 00 00 0
12766E 00 00 0
127670 00 00 0
127672 00 00 0
127674 00 00 0
127676 00 00 0
127678 00 00 0
12767A 00 00 0
12767C 00 00 0
12767E 00 00 0
127680 00 00 0
127682 00 00 0
127684 00 00 0
127686 00 00 0
127688 00 00 0
12768A 00 00 0
12768C 00 00 0
12768E 00 00 0
127690 00 00 0
127692 00 00 0
127694 00 00 0
127696 00 00 0
127698 00 00 0
12769A 00 00 0
12769C 00 00 0
12769E 00 00 0
1276A0 00 00 0
1276A2 00 00 0
1276A4 00 00 0
1276A6 00 00 0
1276A8 00 00 0
1276AA 00 00 0
1276AC 00 00 0
1276AE 00 00 0
1276B0 00 00 0
1276B2 00 00 0
1276B4 00 00 0
1276B6 00 00 0
1276B8 00 00 0
1276BA 00 00 0
1276BC 00 00 0
1276BE 00 00 0
1276C0 00 00 0
1276C2 00 00 0
1276C4 00 00 0
1276C6 00 00 0
1276C8 00 00 0
1276CA 00 00 0
1276CC 00 00 0
1276CE 00 00 0
1276D0 00 00 0
1276D2 00 00 0
1276D4 00 00 0
1276D6 00 00 0
1276D8 00 00 0
1276DA 00 00 0
1276DC 00 00 0
1276DE 00 00 0
1276E0 00 00 0
1276E2 00 00 0
1276E4 00 00 0
1276E6 00 00 0
1276E8 00 00 0
1276EA 00 00 0
1276EC 00 00 0
1276EE 00 00 0
1276F0 00 00 0
1276F2 00 00 0
1276F4 00 00 0
1276F6 00 00 0
1276F8 00 00 0
1276FA 00 00 0
1276FC 00 00 0
1276FE 00 00 0
127700 00 00 0
127702 00 00 0
127704 00 00 0
127706 00 00 0
127708 00 00 0
12770A 00 00 0
12770C 00 00 0
12770E 00 00 0
127710 00 00 0
127712 00 00 0
127714 00 00 0
127716 00 00 0
127718 00 00 0
12771A 00 00 0
12771C 00 00 0
12771E 00 00 0
127720 00 00 0
127722 00 00 0
127724 00 00 0
127726 00 00 0
127728 00 00 0
12772A 00 00 0
12772C 00 00 0
12772E 00 00 0
127730 00 00 0
127732 00 00 0
127734 00 00 0
127736 00 00 0
127738 00 00 0
12773A 00 00 0
12773C 00 00 0
12773E 00 00 0
127740 00 00 0
127742 00 00 0
127744 00 00 0
127746 00 00 0
127748 00 00 0
12774A 00 00 0
12774C 00 00 0
12774E 00 00 0
127750 00 00 0
127752 00 00 0
127754 00 00 0
127756 00 00 0
127758 00 00 0
12775A 00 00 0
12775C 00 00 0
12775E 00 00 0
127760 00 00 0
127762 00 00 0
127764 00 00 0
127766 00 00 0
127768 00 00 0
12776A 00 00 0
12776C 00 00 0
12776E 00 00 0
127770 00 00 0
127772 00 00 0
127774 00 00 0
127776 00 00 0
127778 00 00 0
12777A 00 00 0
12777C 00 00 0
12777E 00 00 0
127780 00 00 0
127782 00 00 0
127784 00 00 0
127786 00 00 0
127788 00 00 0
12778A 00 00 0
12778C 00 00 0
12778E 00 00 0
127790 00 00 0
127792 00 00 0
127794 00 00 0
127796 00 00 0
127798 00 00 0
12779A 00 00 0
12779C 00 00 0
12779E 00 00 0
1277A0 00 00 0
1277A2 00 00 0
1277A4 00 00 0
1277A6 00 00 0
1277A8 00 00 0
1277AA 00 00 0
1277AC 00 00 0
1277AE 00 00 0
1277B0 00 00 0
1277B2 00 00 0
1277B4 00 00 0
1277B6 00 00 0
1277B8 00 00 0
1277BA 00 00 0
1277BC 00 00 0
1277BE 00 00 0
1277C0 00 00 0
1277C2 00 00 0
1277C4 00 00 0
1277C6 00 00 0
1277C8 00 00 0
1277CA 00 00 0
1277CC 00 00 0
1277CE 00 00 0
1277D0 00 00 0
1277D2 00 00 0
1277D4 00 00 0
1277D6 00 00 0
1277D8 00 00 0
1277DA 00 00 0
1277DC 00 00 0
1277DE 00 00 0
1277E0 00 00 0
1277E2 00 00 0
1277E4 00 00 0
1277E6 00 00 0
1277E8 00 00 0
1277EA 00 00 0
1277EC 00 00 0
1277EE 00 00 0
1277F0 00 00 0
1277F2 00 00 0
1277F4 00 00 0
1277F6 00 00 0
1277F8 00 00 0
1277FA 00 00 0
1277FC 00 00 0
1277FE 00 00 0
127800 00 00 0
127802 00 00 0
127804 00 00 0
127806 00 00 0
127808 00 00 0
12780A 00 00 0
12780C 00 00 0
12780E 00 00 0
127810 00 00 0
127812 00 00 0
127814 00 00 0
127816 00 00 0
127818 00 00 0
12781A 00 00 0
12781C 00 00 0
12781E 00 00 0
127820 00 00 0
127822 00 00 0
127824 00 00 0
127826 00 00 0
127828 00 00 0
12782A 00 00 0
12782C 00 00 0
12782E 00 00 0
127830 00 00 0
127832 00 00 0
127834 00 00 0
127836 00 00 0
127838 00 00 0
12783A 00 00 0
12783C 00 00 0
12783E 00 00 0
127840 00 00 0
127842 00 00 0
127844 00 00 0
127846 00 00 0
127848 00 00 0
12784A 00 00 0
12784C 00 00 0
12784E 00 00 0
127850 00 00 0
127852 00 00 0
127854 00 00 0
127856 00 00 0
127858 00 00 0
12785A 00 00 0
12785C 00 00 0
12785E 00 00 0
127860 00 00 0
127862 00 00 0
127864 00 00 0
127866 00 00 0
127868 00 00 0
12786A 00 00 0
12786C 00 00 0
12786E 00 00 0
127870 00 00 0
127872 00 00 0
127874 00 00 0
127876 00 00 0
127878 00 00 0
12787A 00 00 0
12787C 00 00 0
12787E 00 00 0
127880 00 00 0
127882 00 00 0
127884 00 00 0
127886 00 00 0
127888 00 00 0
12788A 00 00 0
12788C 00 00 0
12788E 00 00 0
127890 00 00 0
127892 00 00 0
127894 00 00 0
127896 00 00 0
127898 00 00 0
12789A 00 00 0
12789C 00 00 0
12789E 00 00 0
1278A0 00 00 0
1278A2 00 00 0
1278A4 00 00 0
1278A6 00 00 0
1278A8 00 00 0
1278AA 00 00 0
1278AC 00 00 0
1278AE 00 00 0
1278B0 00 00 0
1278B2 00 00 0
1278B4 00 00 0
1278B6 00 00 0
1278B8 00 00 0
1278BA 00 00 0
1278BC 00 00 0
1278BE 00 00 0
1278C0 00 00 0
1278C2 00 00 0
1278C4 00 00 0
1278C6 00 00 0
1278C8 00 00 0
1278CA 00 00 0
1278CC 00 00 0
1278CE 00 00 0
1278D0 00 00 0
1278D2 00 00 0
1278D4 00 00 0
1278D6 00 00 0
1278D8 00 00 0
1278DA 00 00 0
1278DC 00 00 0
1278DE 00 00 0
1278E0 00 00 0
1278E2 00 00 0
1278E4 00 00 0
1278E6 00 00 0
1278E8 00 00 0
1278EA 00 00 0
1278EC 00 00 0
1278EE 00 00 0
1278F0 00 00 0
1278F2 00 00 0
1278F4 00 00 0
1278F6 00 00 0
1278F8 00 00 0
1278FA 00 00 0
1278FC 00 00 0
1278FE 00 00 0
127900 00 00 0
127902 00 00 0
127904 00 00 0
127906 00 00 0
127908 00 00 0
12790A 00 00 0
12790C 00 00 0
12790E 00 00 0
127910 00 00 0
127912 00 00 0
127914 00 00 0
127916 00 00 0
127918 00 00 0
12791A 00 00 0
12791C 00 00 0
12791E 00 00 0
127920 00 00 0
127922 00 00 0
127924 00 00 0
127926 00 00 0
127928 00 00 0
12792A 00 00 0
12792C 00 00 0
12792E 00 00 0
127930 00 00 0
127932 00 00 0
127934 00 00 0
127936 00 00 0
127938 00 00 0
12793A 00 00 0
12793C 00 00 0
12793E 00 00 0
127940 00 00 0
127942 00 00 0
127944 00 00 0
127946 00 00 0
127948 00 00 0
12794A 00 00 0
12794C 00 00 0
12794E 00 00 0
127950 00 00 0
127952 00 00 0
127954 00 00 0
127956 00 00 0
127958 00 00 0
12795A 00 00 0
12795C 00 00 0
12795E 00 00 0
127960 00 00 0
127962 00 00 0
127964 00 00 0
127966 00 00 0
127968 00 00 0
12796A 00 00 0
12796C 00 00 0
12796E 00 00 0
127970 00 00 0
127972 00 00 0
127974 00 00 0
127976 00 00 0
127978 00 00 0
12797A 00 00 0
12797C 00 00 0
12797E 00 00 0
127980 00 00 0
127982 00 00 0
127984 00 00 0
127986 00 00 0
127988 00 00 0
12798A 00 00 0
12798C 00 00 0
12798E 00 00 0
127990 00 00 0
127992 00 00 0
127994 00 00 0
127996 00 00 0
127998 00 00 0
12799A 00 00 0
12799C 00 00 0
12799E 00 00 0
1279A0 00 00 0
1279A2 00 00 0
1279A4 00 00 0
1279A6 00 00 0
1279A8 00 00 0
1279AA 00 00 0
1279AC 00 00 0
1279AE 00 00 0
1279B0 00 00 0
1279B2 00 00 0
1279B4 00 00 0
1279B6 00 00 0
1279B8 00 00 0
1279BA 00 00 0
1279BC 00 00 0
1279BE 00 00 0
1279C0 00 00 0
1279C2 00 00 0
1279C4 00 00 0
1279C6 00 00 0
1279C8 00 00 0
1279CA 00 00 0
1279CC 00 00 0
1279CE 00 00 0
1279D0 00 00 0
1279D2 00 00 0
1279D4 00 00 0
1279D6 00 00 0
1279D8 00 00 0
1279DA 00 00 0
1279DC 00 00 0
1279DE 00 00 0
1279E0 00 00 0
1279E2 00 00 0
1279E4 00 00 0
1279E6 00 00 0
1279E8 00 00 0
1279EA 00 00 0
1279EC 00 00 0
1279EE 00 00 0
1279F0 00 00 0
1279F2 00 00 0
1279F4 00 00 0
1279F6 00 00 0
1279F8 00 00 0
1279FA 00 00 0
1279FC 00 00 0
1279FE 00 00 0
127A00 00 00 0
127A02 00 00 0
127A04 00 00 0
127A06 00 00 0
127A08 00 00 0
127A0A 00 00 0
127A0C 00 00 0
127A0E 00 00 0
127A10 00 00 0
127A12 00 00 0
127A14 00 00 0
127A16 00 00 0
127A18 00 00 0
127A1A 00 00 0
127A1C 00 00 0
127A1E 00 00 0
127A20 00 00 0
127A22 00 00 0
127A24 00 00 0
127A26 00 00 0
127A28 00 00 0
127A2A 00 00 0
127A2C 00 00 0
127A2E 00 00 0
127A30 00 00 0
127A32 00 00 0
127A34 00 00 0
127A36 00 00 0
127A38 00 00 0
127A3A 00 00 0
127A3C 00 00 0
127A3E 00 00 0
127A40 00 00 0
127A42 00 00 0
127A44 00 00 0
127A46 00 00 0
127A48 00 00 0
127A4A 00 00 0
127A4C 00 00 0
127A4E 00 00 0
127A50 00 00 0
127A52 00 00 0
127A54 00 00 0
127A56 00 00 0
127A58 00 00 0
127A5A 00 00 0
127A5C 00 00 0
127A5E 00 00 0
127A60 00 00 0
127A62 00 00 0
127A64 00 00 0
127A66 00 00 0
127A68 00 00 0
127A6A 00 00 0
127A6C 00 00 0
127A6E 00 00 0
127A70 00 00 0
127A72 00 00 0
127A74 00 00 0
127A76 00 00 0
127A78 00 00 0
127A7A 00 00 0
127A7C 00 00 0
127A7E 00 00 0
127A80 00 00 0
127A82 00 00 0
127A84 00 00 0
127A86 00 00 0
127A88 00 00 0
127A8A 00 00 0
127A8C 00 00 0
127A8E 00 00 0
127A90 00 00 0
127A92 00 00 0
127A94 00 00 0
127A96 00 00 0
127A98 00 00 0
127A9A 00 00 0
127A9C 00 00 0
127A9E 00 00 0
127AA0 00 00 0
127AA2 00 00 0
127AA4 00 00 0
127AA6 00 00 0
127AA8 00 00 0
127AAA 00 00 0
127AAC 00 00 0
127AAE 00 00 0
127AB0 00 00 0
127AB2 00 00 0
127AB4 00 00 0
127AB6 00 00 0
127AB8 00 00 0
127ABA 00 00 0
127ABC 00 00 0
127ABE 00 00 0
127AC0 00 00 0
127AC2 00 00 0
127AC4 00 00 0
127AC6 00 00 0
127AC8 00 00 0
127ACA 00 00 0
127ACC 00 00 0
127ACE 00 00 0
127AD0 00 00 0
127AD2 00 00 0
127AD4 00 00 0
127AD6 00 00 0
127AD8 00 00 0
127ADA 00 00 0
127ADC 00 00 0
127ADE 00 00 0
127AE0 00 00 0
127AE2 00 00 0
127AE4 00 00 0
127AE6 00 00 0
127AE8 00 00 0
127AEA 00 00 0
127AEC 00 00 0
127AEE 00 00 0
127AF0 00 00 0
127AF2 00 00 0
127AF4 00 00 0
127AF6 00 00 0
127AF8 00 00 0
127AFA 00 00 0
127AFC 00 00 0
127AFE 00 00 0
127B00 00 00 0
127B02 00 00 0
127B04 00 00 0
127B06 00 00 0
127B08 00 00 0
127B0A 00 00 0
127B0C 00 00 0
127B0E 00 00 0
127B10 00 00 0
127B12 00 00 0
127B14 00 00 0
127B16 00 00 0
127B18 00 00 0
127B1A 00 00 0
127B1C 00 00 0
127B1E 00 00 0
127B20 00 00 0
127B22 00 00 0
127B24 00 00 0
127B26 00 00 0
127B28 00 00 0
127B2A 00 00 0
127B2C 00 00 0
127B2E 00 00 0
127B30 00 00 0
127B32 00 00 0
127B34 00 00 0
127B36 00 00 0
127B38 00 00 0
127B3A 00 00 0
127B3C 00 00 0
127B3E 00 00 0
127B40 00 00 0
127B42 00 00 0
127B44 00 00 0
127B46 00 00 0
127B48 00 00 0
127B4A 00 00 0
127B4C 00 00 0
127B4E 00 00 0
127B50 00 00 0
127B52 00 00 0
127B54 00 00 0
127B56 00 00 0
127B58 00 00 0
127B5A 00 00 0
127B5C 00 00 0
127B5E 00 00 0
127B60 00 00 0
127B62 00 00 0
127B64 00 00 0
127B66 00 00 0
127B68 00 00 0
127B6A 00 00 0
127B6C 00 00 0
127B6E 00 00 0
127B70 00 00 0
127B72 00 00 0
127B74 00 00 0
127B76 00 00 0
127B78 00 00 0
127B7A 00 00 0
127B7C 00 00 0
127B7E 00 00 0
127B80 00 00 0
127B82 00 00 0
127B84 00 00 0
127B86 00 00 0
127B88 00 00 0
127B8A 00 00 0
127B8C 00 00 0
127B8E 00 00 0
127B90 00 00 0
127B92 00 00 0
127B94 00 00 0
127B96 00 00 0
127B98 00 00 0
127B9A 00 00 0
127B9C 00 00 0
127B9E 00 00 0
127BA0 00 00 0
127BA2 00 00 0
127BA4 00 00 0
127BA6 00 00 0
127BA8 00 00 0
127BAA 00 00 0
127BAC 00 00 0
127BAE 00 00 0
127BB0 00 00 0
127BB2 00 00 0
127BB4 00 00 0
127BB6 00 00 0
127BB8 00 00 0
127BBA 00 00 0
127BBC 00 00 0
127BBE 00 00 0
127BC0 00 00 0
127BC2 00 00 0
127BC4 00 00 0
127BC6 00 00 0
127BC8 00 00 0
127BCA 00 00 0
127BCC 00 00 0
127BCE 00 00 0
127BD0 00 00 0
127BD2 00 00 0
127BD4 00 00 0
127BD6 00 00 0
127BD8 00 00 0
127BDA 00 00 0
127BDC 00 00 0
127BDE 00 00 0
127BE0 00 00 0
127BE2 00 00 0
127BE4 00 00 0
127BE6 00 00 0
127BE8 00 00 0
127BEA 00 00 0
127BEC 00 00 0
127BEE 00 00 0
127BF0 00 00 0
127BF2 00 00 0
127BF4 00 00 0
127BF6 00 00 0
127BF8 00 00 0
127BFA 00 00 0
127BFC 00 00 0
127BFE 00 00 0
127C00 00 00 0
127C02 00 00 0
127C04 00 00 0
127C06 00 00 0
127C08 00 00 0
127C0A 00 00 0
127C0C 00 00 0
127C0E 00 00 0
127C10 00 00 0
127C12 00 00 0
127C14 00 00 0
127C16 00 00 0
127C18 00 00 0
127C1A 00 00 0
127C1C 00 00 0
127C1E 00 00 0
127C20 00 00 0
127C22 00 00 0
127C24 00 00 0
127C26 00 00 0
127C28 00 00 0
127C2A 00 00 0
127C2C 00 00 0
127C2E 00 00 0
127C30 00 00 0
127C32 00 00 0
127C34 00 00 0
127C36 00 00 0
127C38 00 00 0
127C3A 00 00 0
127C3C 00 00 0
127C3E 00 00 0
127C40 00 00 0
127C42 00 00 0
127C44 00 00 0
127C46 00 00 0
127C48 00 00 0
127C4A 00 00 0
127C4C 00 00 0
127C4E 00 00 0
127C50 00 00 0
127C52 00 00 0
127C54 00 00 0
127C56 00 00 0
127C58 00 00 0
127C5A 00 00 0
127C5C 00 00 0
127C5E 00 00 0
127C60 00 00 0
127C62 00 00 0
127C64 00 00 0
127C66 00 00 0
127C68 00 00 0
127C6A 00 00 0
127C6C 00 00 0
127C6E 00 00 0
127C70 00 00 0
127C72 00 00 0
127C74 00 00 0
127C76 00 00 0
127C78 00 00 0
127C7A 00 00 0
127C7C 00 00 0
127C7E 00 00 0
127C80 00 00 0
127C82 00 00 0
127C84 00 00 0
127C86 00 00 0
127C88 00 00 0
127C8A 00 00 0
127C8C 00 00 0
127C8E 00 00 0
127C90 00 00 0
127C92 00 00 0
127C94 00 00 0
127C96 00 00 0
127C98 00 00 0
127C9A 00 00 0
127C9C 00 00 0
127C9E 00 00 0
127CA0 00 00 0
127CA2 00 00 0
127CA4 00 00 0
127CA6 00 00 0
127CA8 00 00 0
127CAA 00 00 0
127CAC 00 00 0
127CAE 00 00 0
127CB0 00 00 0
127CB2 00 00 0
127CB4 00 00 0
127CB6 00 00 0
127CB8 00 00 0
127CBA 00 00 0
127CBC 00 00 0
127CBE 00 00 0
127CC0 00 00 0
127CC2 00 00 0
127CC4 00 00 0
127CC6 00 00 0
127CC8 00 00 0
127CCA 00 00 0
127CCC 00 00 0
127CCE 00 00 0
127CD0 00 00 0
127CD2 00 00 0
127CD4 00 00 0
127CD6 00 00 0
127CD8 00 00 0
127CDA 00 00 0
127CDC 00 00 0
127CDE 00 00 0
127CE0 00 00 0
127CE2 00 00 0
127CE4 00 00 0
127CE6 00 00 0
127CE8 00 00 0
127CEA 00 00 0
127CEC 00 00 0
127CEE 00 00 0
127CF0 00 00 0
127CF2 00 00 0
127CF4 00 00 0
127CF6 00 00 0
127CF8 00 00 0
127CFA 00 00 0
127CFC 00 00 0
127CFE 00 00 0
127D00 00 00 0
127D02 00 00 0
127D04 00 00 0
127D06 00 00 0
127D08 00 00 0
127D0A 00 00 0
127D0C 00 00 0
127D0E 00 00 0
127D10 00 00 0
127D12 00 00 0
127D14 00 00 0
127D16 00 00 0
127D18 00 00 0
127D1A 00 00 0
127D1C 00 00 0
127D1E 00 00 0
127D20 00 00 0
127D22 00 00 0
127D24 00 00 0
127D26 00 00 0
127D28 00 00 0
127D2A 00 00 0
127D2C 00 00 0
127D2E 00 00 0
127D30 00 00 0
127D32 00 00 0
127D34 00 00 0
127D36 00 00 0
127D38 00 00 0
127D3A 00 00 0
127D3C 00 00 0
127D3E 00 00 0
127D40 00 00 0
127D42 00 00 0
127D44 00 00 0
127D46 00 00 0
127D48 00 00 0
127D4A 00 00 0
127D4C 00 00 0
127D4E 00 00 0
127D50 00 00 0
127D52 00 00 0
127D54 00 00 0
127D56 00 00 0
127D58 00 00 0
127D5A 00 00 0
127D5C 00 00 0
127D5E 00 00 0
127D60 00 00 0
127D62 00 00 0
127D64 00 00 0
127D66 00 00 0
127D68 00 00 0
127D6A 00 00 0
127D6C 00 00 0
127D6E 00 00 0
127D70 00 00 0
127D72 00 00 0
127D74 00 00 0
127D76 00 00 0
127D78 00 00 0
127D7A 00 00 0
127D7C 00 00 0
127D7E 00 00 0
127D80 00 00 0
127D82 00 00 0
127D84 00 00 0
127D86 00 00 0
127D88 00 00 0
127D8A 00 00 0
127D8C 00 00 0
127D8E 00 00 0
127D90 00 00 0
127D92 00 00 0
127D94 00 00 0
127D96 00 00 0
127D98 00 00 0
127D9A 00 00 0
127D9C 00 00 0
127D9E 00 00 0
127DA0 00 00 0
127DA2 00 00 0
127DA4 00 00 0
127DA6 00 00 0
127DA8 00 00 0
127DAA 00 00 0
127DAC 00 00 0
127DAE 00 00 0
127DB0 00 00 0
127DB2 00 00 0
127DB4 00 00 0
127DB6 00 00 0
127DB8 00 00 0
127DBA 00 00 0
127DBC 00 00 0
127DBE 00 00 0
127DC0 00 00 0
127DC2 00 00 0
127DC4 00 00 0
127DC6 00 00 0
127DC8 00 00 0
127DCA 00 00 0
127DCC 00 00 0
127DCE 00 00 0
127DD0 00 00 0
127DD2 00 00 0
127DD4 00 00 0
127DD6 00 00 0
127DD8 00 00 0
127DDA 00 00 0
127DDC 00 00 0
127DDE 00 00 0
127DE0 00 00 0
127DE2 00 00 0
127DE4 00 00 0
127DE6 00 00 0
127DE8 00 00 0
127DEA 00 00 0
127DEC 00 00 0
127DEE 00 00 0
127DF0 00 00 0
127DF2 00 00 0
127DF4 00 00 0
127DF6 00 00 0
127DF8 00 00 0
127DFA 00 00 0
127DFC 00 00 0
127DFE 00 00 0
127E00 00 00 0
127E02 00 00 0
127E04 00 00 0
127E06 00 00 0
127E08 00 00 0
127E0A 00 00 0
127E0C 00 00 0
127E0E 00 00 0
127E10 00 00 0
127E12 00 00 0
127E14 00 00 0
127E16 00 00 0
127E18 00 00 0
127E1A 00 00 0
127E1C 00 00 0
127E1E 00 00 0
127E20 00 00 0
127E22 00 00 0
127E24 00 00 0
127E26 00 00 0
127E28 00 00 0
127E2A 00 00 0
127E2C 00 00 0
127E2E 00 00 0
127E30 00 00 0
127E32 00 00 0
127E34 00 00 0
127E36 00 00 0
127E38 00 00 0
127E3A 00 00 0
127E3C 00 00 0
127E3E 00 00 0
127E40 00 00 0
127E42 00 00 0
127E44 00 00 0
127E46 00 00 0
127E48 00 00 0
127E4A 00 00 0
127E4C 00 00 0
127E4E 00 00 0
127E50 00 00 0
127E52 00 00 0
127E54 00 00 0
127E56 00 00 0
127E58 00 00 0
127E5A 00 00 0
127E5C 00 00 0
127E5E 00 00 0
127E60 00 00 0
127E62 00 00 0
127E64 00 00 0
127E66 00 00 0
127E68 00 00 0
127E6A 00 00 0
127E6C 00 00 0
127E6E 00 00 0
127E70 00 00 0
127E72 00 00 0
127E74 00 00 0
127E76 00 00 0
127E78 00 00 0
127E7A 00 00 0
127E7C 00 00 0
127E7E 00 00 0
127E80 00 00 0
127E82 00 00 0
127E84 00 00 0
127E86 00 00 0
127E88 00 00 0
127E8A 00 00 0
127E8C 00 00 0
127E8E 00 00 0
127E90 00 00 0
127E92 00 00 0
127E94 00 00 0
127E96 00 00 0
127E98 00 00 0
127E9A 00 00 0
127E9C 00 00 0
127E9E 00 00 0
127EA0 00 00 0
127EA2 00 00 0
127EA4 00 00 0
127EA6 00 00 0
127EA8 00 00 0
127EAA 00 00 0
127EAC 00 00 0
127EAE 00 00 0
127EB0 00 00 0
127EB2 00 00 0
127EB4 00 00 0
127EB6 00 00 0
127EB8 00 00 0
127EBA 00 00 0
127EBC 00 00 0
127EBE 00 00 0
127EC0 00 00 0
127EC2 00 00 0
127EC4 00 00 0
127EC6 00 00 0
127EC8 00 00 0
127ECA 00 00 0
127ECC 00 00 0
127ECE 00 00 0
127ED0 00 00 0
127ED2 00 00 0
127ED4 00 00 0
127ED6 00 00 0
127ED8 00 00 0
127EDA 00 00 0
127EDC 00 00 0
127EDE 00 00 0
127EE0 00 00 0
127EE2 00 00 0
127EE4 00 00 0
127EE6 00 00 0
127EE8 00 00 0
127EEA 00 00 0
127EEC 00 00 0
127EEE 00 00 0
127EF0 00 00 0
127EF2 00 00 0
127EF4 00 00 0
127EF6 00 00 0
127EF8 00 00 0
127EFA 00 00 0
127EFC 00 00 0
127EFE 00 00 0
127F00 00 00 0
127F02 00 00 0
127F04 00 00 0
127F06 00 00 0
127F08 00 00 0
127F0A 00 00 0
127F0C 00 00 0
127F0E 00 00 0
127F10 00 00 0
127F12 00 00 0
127F14 00 00 0
127F16 00 00 0
127F18 00 00 0
127F1A 00 00 0
127F1C 00 00 0
127F1E 00 00 0
127F20 00 00 0
127F22 00 00 0
127F24 00 00 0
127F26 00 00 0
127F28 00 00 0
127F2A 00 00 0
127F2C 00 00 0
127F2E 00 00 0
127F30 00 00 0
127F32 00 00 0
127F34 00 00 0
127F36 00 00 0
127F38 00 00 0
127F3A 00 00 0
127F3C 00 00 0
127F3E 00 00 0
127F40 00 00 0
127F42 00 00 0
127F44 00 00 0
127F46 00 00 0
127F48 00 00 0
127F4A 00 00 0
127F4C 00 00 0
127F4E 00 00 0
127F50 00 00 0
127F52 00 00 0
127F54 00 00 0
127F56 00 00 0
127F58 00 00 0
127F5A 00 00 0
127F5C 00 00 0
127F5E 00 00 0
127F60 00 00 0
127F62 00 00 0
127F64 00 00 0
127F66 00 00 0
127F68 00 00 0
127F6A 00 00 0
127F6C 00 00 0
127F6E 00 00 0
127F70 00 00 0
127F72 00 00 0
127F74 00 00 0
127F76 00 00 0
127F78 00 00 0
127F7A 00 00 0
127F7C 00 00 0
127F7E 00 00 0
127F80 00 00 0
127F82 00 00 0
127F84 00 00 0
127F86 00 00 0
127F88 00 00 0
127F8A 00 00 0
127F8C 00 00 0
127F8E 00 00 0
127F90 00 00 0
127F92 00 00 0
127F94 00 00 0
127F96 00 00 0
127F98 00 00 0
127F9A 00 00 0
127F9C 00 00 0
127F9E 00 00 0
127FA0 00 00 0
127FA2 00 00 0
127FA4 00 00 0
127FA6 00 00 0
127FA8 00 00 0
127FAA 00 00 0
127FAC 00 00 0
127FAE 00 00 0
127FB0 00 00 0
127FB2 00 00 0
127FB4 00 00 0
127FB6 00 00 0
127FB8 00 00 0
127FBA 00 00 0
127FBC 00 00 0
127FBE 00 00 0
127FC0 00 00 0
127FC2 00 00 0
127FC4 00 00 0
127FC6 00 00 0
127FC8 00 00 0
127FCA 00 00 0
127FCC 00 00 0
127FCE 00 00 0
127FD0 00 00 0
127FD2 00 00 0
127FD4 00 00 0
127FD6 00 00 0
127FD8 00 00 0
127FDA 00 00 0
127FDC 00 00 0
127FDE 00 00 0
127FE0 00 00 0
127FE2 00 00 0
127FE4 00 00 0
127FE6 00 00 0
127FE8 00 00 0
127FEA 00 00 0
127FEC 00 00 0
127FEE 00 00 0
127FF0 00 00 0
127FF2 00 00 0
127FF4 00 00 0
127FF6 00 00 0
127FF8 00 00 0
127FFA 00 00 0
127FFC 00 00 0
127FFE 00 00 0
128000 00 00 0
128002 00 00 0
128004 00 00 0
128006 00 00 0
128008 00 00 0
12800A 00 00 0
12800C 00 00 0
12800E 00 00 0
128010 00 00 0
128012 00 00 0
128014 00 00 0
128016 00 00 0
128018 00 00 0
12801A 00 00 0
12801C 00 00 0
12801E 00 00 0
128020 00 00 0
128022 00 00 0
128024 00 00 0
128026 00 00 0
128028 00 00 0
12802A 00 00 0
12802C 00 00 0
12802E 00 00 0
128030 00 00 0
128032 00 00 0
128034 00 00 0
128036 00 00 0
128038 00 00 0
12803A 00 00 0
12803C 00 00 0
12803E 00 00 0
128040 00 00 0
128042 00 00 0
128044 00 00 0
128046 00 00 0
128048 00 00 0
12804A 00 00 0
12804C 00 00 0
12804E 00 00 0
128050 00 00 0
128052 00 00 0
128054 00 00 0
128056 00 00 0
128058 00 00 0
12805A 00 00 0
12805C 00 00 0
12805E 00 00 0
128060 00 00 0
128062 00 00 0
128064 00 00 0
128066 00 00 0
128068 00 00 0
12806A 00 00 0
12806C 00 00 0
12806E 00 00 0
128070 00 00 0
128072 00 00 0
128074 00 00 0
128076 00 00 0
128078 00 00 0
12807A 00 00 0
12807C 00 00 0
12807E 00 00 0
128080 00 00 0
128082 00 00 0
128084 00 00 0
128086 00 00 0
128088 00 00 0
12808A 00 00 0
12808C 00 00 0
12808E 00 00 0
128090 00 00 0
128092 00 00 0
128094 00 00 0
128096 00 00 0
128098 00 00 0
12809A 00 00 0
12809C 00 00 0
12809E 00 00 0
1280A0 00 00 0
1280A2 00 00 0
1280A4 00 00 0
1280A6 00 00 0
1280A8 00 00 0
1280AA 00 00 0
1280AC 00 00 0
1280AE 00 00 0
1280B0 00 00 0
1280B2 00 00 0
1280B4 00 00 0
1280B6 00 00 0
1280B8 00 00 0
1280BA 00 00 0
1280BC 00 00 0
1280BE 00 00 0
1280C0 00 00 0
1280C2 00 00 0
1280C4 00 00 0
1280C6 00 00 0
1280C8 00 00 0
1280CA 00 00 0
1280CC 00 00 0
1280CE 00 00 0
1280D0 00 00 0
1280D2 00 00 0
1280D4 00 00 0
1280D6 00 00 0
1280D8 00 00 0
1280DA 00 00 0
1280DC 00 00 0
1280DE 00 00 0
1280E0 00 00 0
1280E2 00 00 0
1280E4 00 00 0
1280E6 00 00 0
1280E8 00 00 0
1280EA 00 00 0
1280EC 00 00 0
1280EE 00 00 0
1280F0 00 00 0
1280F2 00 00 0
1280F4 00 00 0
1280F6 00 00 0
1280F8 00 00 0
1280FA 00 00 0
1280FC 00 00 0
1280FE 00 00 0
128100 00 00 0
128102 00 00 0
128104 00 00 0
128106 00 00 0
128108 00 00 0
12810A 00 00 0
12810C 00 00 0
12810E 00 00 0
128110 00 00 0
128112 00 00 0
128114 00 00 0
128116 00 00 0
128118 00 00 0
12811A 00 00 0
12811C 00 00 0
12811E 00 00 0
128120 00 00 0
128122 00 00 0
128124 00 00 0
128126 00 00 0
128128 00 00 0
12812A 00 00 0
12812C 00 00 0
12812E 00 00 0
128130 00 00 0
128132 00 00 0
128134 00 00 0
128136 00 00 0
128138 00 00 0
12813A 00 00 0
12813C 00 00 0
12813E 00 00 0
128140 00 00 0
128142 00 00 0
128144 00 00 0
128146 00 00 0
128148 00 00 0
12814A 00 00 0
12814C 00 00 0
12814E 00 00 0
128150 00 00 0
128152 00 00 0
128154 00 00 0
128156 00 00 0
128158 00 00 0
12815A 00 00 0
12815C 00 00 0
12815E 00 00 0
128160 00 00 0
128162 00 00 0
128164 00 00 0
128166 00 00 0
128168 00 00 0
12816A 00 00 0
12816C 00 00 0
12816E 00 00 0
128170 00 00 0
128172 00 00 0
128174 00 00 0
128176 00 00 0
128178 00 00 0
12817A 00 00 0
12817C 00 00 0
12817E 00 00 0
128180 00 00 0
128182 00 00 0
128184 00 00 0
128186 00 00 0
128188 00 00 0
12818A 00 00 0
12818C 00 00 0
12818E 00 00 0
128190 00 00 0
128192 00 00 0
128194 00 00 0
128196 00 00 0
128198 00 00 0
12819A 00 00 0
12819C 00 00 0
12819E 00 00 0
1281A0 00 00 0
1281A2 00 00 0
1281A4 00 00 0
1281A6 00 00 0
1281A8 00 00 0
1281AA 00 00 0
1281AC 00 00 0
1281AE 00 00 0
1281B0 00 00 0
1281B2 00 00 0
1281B4 00 00 0
1281B6 00 00 0
1281B8 00 00 0
1281BA 00 00 0
1281BC 00 00 0
1281BE 00 00 0
1281C0 00 00 0
1281C2 00 00 0
1281C4 00 00 0
1281C6 00 00 0
1281C8 00 00 0
1281CA 00 00 0
1281CC 00 00 0
1281CE 00 00 0
1281D0 00 00 0
1281D2 00 00 0
1281D4 00 00 0
1281D6 00 00 0
1281D8 00 00 0
1281DA 00 00 0
1281DC 00 00 0
1281DE 00 00 0
1281E0 00 00 0
1281E2 00 00 0
1281E4 00 00 0
1281E6 00 00 0
1281E8 00 00 0
1281EA 00 00 0
1281EC 00 00 0
1281EE 00 00 0
1281F0 00 00 0
1281F2 00 00 0
1281F4 00 00 0
1281F6 00 00 0
1281F8 00 00 0
1281FA 00 00 0
1281FC 00 00 0
1281FE 00 00 0
128200 00 00 0
128202 00 00 0
128204 00 00 0
128206 00 00 0
128208 00 00 0
12820A 00 00 0
12820C 00 00 0
12820E 00 00 0
128210 00 00 0
128212 00 00 0
128214 00 00 0
128216 00 00 0
128218 00 00 0
12821A 00 00 0
12821C 00 00 0
12821E 00 00 0
128220 00 00 0
128222 00 00 0
128224 00 00 0
128226 00 00 0
128228 00 00 0
12822A 00 00 0
12822C 00 00 0
12822E 00 00 0
128230 00 00 0
128232 00 00 0
128234 00 00 0
128236 00 00 0
128238 00 00 0
12823A 00 00 0
12823C 00 00 0
12823E 00 00 0
128240 00 00 0
128242 00 00 0
128244 00 00 0
128246 00 00 0
128248 00 00 0
12824A 00 00 0
12824C 00 00 0
12824E 00 00 0
128250 00 00 0
128252 00 00 0
128254 00 00 0
128256 00 00 0
128258 00 00 0
12825A 00 00 0
12825C 00 00 0
12825E 00 00 0
128260 00 00 0
128262 00 00 0
128264 00 00 0
128266 00 00 0
128268 00 00 0
12826A 00 00 0
12826C 00 00 0
12826E 00 00 0
128270 00 00 0
128272 00 00 0
128274 00 00 0
128276 00 00 0
128278 00 00 0
12827A 00 00 0
12827C 00 00 0
12827E 00 00 0
128280 00 00 0
128282 00 00 0
128284 00 00 0
128286 00 00 0
128288 00 00 0
12828A 00 00 0
12828C 00 00 0
12828E 00 00 0
128290 00 00 0
128292 00 00 0
128294 00 00 0
128296 00 00 0
128298 00 00 0
12829A 00 00 0
12829C 00 00 0
12829E 00 00 0
1282A0 00 00 0
1282A2 00 00 0
1282A4 00 00 0
1282A6 00 00 0
1282A8 00 00 0
1282AA 00 00 0
1282AC 00 00 0
1282AE 00 00 0
1282B0 00 00 0
1282B2 00 00 0
1282B4 00 00 0
1282B6 00 00 0
1282B8 00 00 0
1282BA 00 00 0
1282BC 00 00 0
1282BE 00 00 0
1282C0 00 00 0
1282C2 00 00 0
1282C4 00 00 0
1282C6 00 00 0
1282C8 00 00 0
1282CA 00 00 0
1282CC 00 00 0
1282CE 00 00 0
1282D0 00 00 0
1282D2 00 00 0
1282D4 00 00 0
1282D6 00 00 0
1282D8 00 00 0
1282DA 00 00 0
1282DC 00 00 0
1282DE 00 00 0
1282E0 00 00 0
1282E2 00 00 0
1282E4 00 00 0
1282E6 00 00 0
1282E8 00 00 0
1282EA 00 00 0
1282EC 00 00 0
1282EE 00 00 0
1282F0 00 00 0
1282F2 00 00 0
1282F4 00 00 0
1282F6 00 00 0
1282F8 00 00 0
1282FA 00 00 0
1282FC 00 00 0
1282FE 00 00 0
128300 00 00 0
128302 00 00 0
128304 00 00 0
128306 00 00 0
128308 00 00 0
12830A 00 00 0
12830C 00 00 0
12830E 00 00 0
128310 00 00 0
128312 00 00 0
128314 00 00 0
128316 00 00 0
128318 00 00 0
12831A 00 00 0
12831C 00 00 0
12831E 00 00 0
128320 00 00 0
128322 00 00 0
128324 00 00 0
128326 00 00 0
128328 00 00 0
12832A 00 00 0
12832C 00 00 0
12832E 00 00 0
128330 00 00 0
128332 00 00 0
128334 00 00 0
128336 00 00 0
128338 00 00 0
12833A 00 00 0
12833C 00 00 0
12833E 00 00 0
128340 00 00 0
128342 00 00 0
128344 00 00 0
128346 00 00 0
128348 00 00 0
12834A 00 00 0
12834C 00 00 0
12834E 00 00 0
128350 00 00 0
128352 00 00 0
128354 00 00 0
128356 00 00 0
128358 00 00 0
12835A 00 00 0
12835C 00 00 0
12835E 00 00 0
128360 00 00 0
128362 00 00 0
128364 00 00 0
128366 00 00 0
128368 00 00 0
12836A 00 00 0
12836C 00 00 0
12836E 00 00 0
128370 00 00 0
128372 00 00 0
128374 00 00 0
128376 00 00 0
128378 00 00 0
12837A 00 00 0
12837C 00 00 0
12837E 00 00 0
128380 00 00 0
128382 00 00 0
128384 00 00 0
128386 00 00 0
128388 00 00 0
12838A 00 00 0
12838C 00 00 0
12838E 00 00 0
128390 00 00 0
128392 00 00 0
128394 00 00 0
128396 00 00 0
128398 00 00 0
12839A 00 00 0
12839C 00 00 0
12839E 00 00 0
1283A0 00 00 0
1283A2 00 00 0
1283A4 00 00 0
1283A6 00 00 0
1283A8 00 00 0
1283AA 00 00 0
1283AC 00 00 0
1283AE 00 00 0
1283B0 00 00 0
1283B2 00 00 0
1283B4 00 00 0
1283B6 00 00 0
1283B8 00 00 0
1283BA 00 00 0
1283BC 00 00 0
1283BE 00 00 0
1283C0 00 00 0
1283C2 00 00 0
1283C4 00 00 0
1283C6 00 00 0
1283C8 00 00 0
1283CA 00 00 0
1283CC 00 00 0
1283CE 00 00 0
1283D0 00 00 0
1283D2 00 00 0
1283D4 00 00 0
1283D6 00 00 0
1283D8 00 00 0
1283DA 00 00 0
1283DC 00 00 0
1283DE 00 00 0
1283E0 00 00 0
1283E2 00 00 0
1283E4 00 00 0
1283E6 00 00 0
1283E8 00 00 0
1283EA 00 00 0
1283EC 00 00 0
1283EE 00 00 0
1283F0 00 00 0
1283F2 00 00 0
1283F4 00 00 0
1283F6 00 00 0
1283F8 00 00 0
1283FA 00 00 0
1283FC 00 00 0
1283FE 00 00 0
128400 00 00 0
128402 00 00 0
128404 00 00 0
128406 00 00 0
128408 00 00 0
12840A 00 00 0
12840C 00 00 0
12840E 00 00 0
128410 00 00 0
128412 00 00 0
128414 00 00 0
128416 00 00 0
128418 00 00 0
12841A 00 00 0
12841C 00 00 0
12841E 00 00 0
128420 00 00 0
128422 00 00 0
128424 00 00 0
128426 00 00 0
128428 00 00 0
12842A 00 00 0
12842C 00 00 0
12842E 00 00 0
128430 00 00 0
128432 00 00 0
128434 00 00 0
128436 00 00 0
128438 00 00 0
12843A 00 00 0
12843C 00 00 0
12843E 00 00 0
128440 00 00 0
128442 00 00 0
128444 00 00 0
128446 00 00 0
128448 00 00 0
12844A 00 00 0
12844C 00 00 0
12844E 00 00 0
128450 00 00 0
128452 00 00 0
128454 00 00 0
128456 00 00 0
128458 00 00 0
12845A 00 00 0
12845C 00 00 0
12845E 00 00 0
128460 00 00 0
128462 00 00 0
128464 00 00 0
128466 00 00 0
128468 00 00 0
12846A 00 00 0
12846C 00 00 0
12846E 00 00 0
128470 00 00 0
128472 00 00 0
128474 00 00 0
128476 00 00 0
128478 00 00 0
12847A 00 00 0
12847C 00 00 0
12847E 00 00 0
128480 00 00 0
128482 00 00 0
128484 00 00 0
128486 00 00 0
128488 00 00 0
12848A 00 00 0
12848C 00 00 0
12848E 00 00 0
128490 00 00 0
128492 00 00 0
128494 00 00 0
128496 00 00 0
128498 00 00 0
12849A 00 00 0
12849C 00 00 0
12849E 00 00 0
1284A0 00 00 0
1284A2 00 00 0
1284A4 00 00 0
1284A6 00 00 0
1284A8 00 00 0
1284AA 00 00 0
1284AC 00 00 0
1284AE 00 00 0
1284B0 00 00 0
1284B2 00 00 0
1284B4 00 00 0
1284B6 00 00 0
1284B8 00 00 0
1284BA 00 00 0
1284BC 00 00 0
1284BE 00 00 0
1284C0 00 00 0
1284C2 00 00 0
1284C4 00 00 0
1284C6 00 00 0
1284C8 00 00 0
1284CA 00 00 0
1284CC 00 00 0
1284CE 00 00 0
1284D0 00 00 0
1284D2 00 00 0
1284D4 00 00 0
1284D6 00 00 0
1284D8 00 00 0
1284DA 00 00 0
1284DC 00 00 0
1284DE 00 00 0
1284E0 00 00 0
1284E2 00 00 0
1284E4 00 00 0
1284E6 00 00 0
1284E8 00 00 0
1284EA 00 00 0
1284EC 00 00 0
1284EE 00 00 0
1284F0 00 00 0
1284F2 00 00 0
1284F4 00 00 0
1284F6 00 00 0
1284F8 00 00 0
1284FA 00 00 0
1284FC 00 00 0
1284FE 00 00 0
128500 00 00 0
128502 00 00 0
128504 00 00 0
128506 00 00 0
128508 00 00 0
12850A 00 00 0
12850C 00 00 0
12850E 00 00 0
128510 00 00 0
128512 00 00 0
128514 00 00 0
128516 00 00 0
128518 00 00 0
12851A 00 00 0
12851C 00 00 0
12851E 00 00 0
128520 00 00 0
128522 00 00 0
128524 00 00 0
128526 00 00 0
128528 00 00 0
12852A 00 00 0
12852C 00 00 0
12852E 00 00 0
128530 00 00 0
128532 00 00 0
128534 00 00 0
128536 00 00 0
128538 00 00 0
12853A 00 00 0
12853C 00 00 0
12853E 00 00 0
128540 00 00 0
128542 00 00 0
128544 00 00 0
128546 00 00 0
128548 00 00 0
12854A 00 00 0
12854C 00 00 0
12854E 00 00 0
128550 00 00 0
128552 00 00 0
128554 00 00 0
128556 00 00 0
128558 00 00 0
12855A 00 00 0
12855C 00 00 0
12855E 00 00 0
128560 00 00 0
128562 00 00 0
128564 00 00 0
128566 00 00 0
128568 00 00 0
12856A 00 00 0
12856C 00 00 0
12856E 00 00 0
128570 00 00 0
128572 00 00 0
128574 00 00 0
128576 00 00 0
128578 00 00 0
12857A 00 00 0
12857C 00 00 0
12857E 00 00 0
128580 00 00 0
128582 00 00 0
128584 00 00 0
128586 00 00 0
128588 00 00 0
12858A 00 00 0
12858C 00 00 0
12858E 00 00 0
128590 00 00 0
128592 00 00 0
128594 00 00 0
128596 00 00 0
128598 00 00 0
12859A 00 00 0
12859C 00 00 0
12859E 00 00 0
1285A0 00 00 0
1285A2 00 00 0
1285A4 00 00 0
1285A6 00 00 0
1285A8 00 00 0
1285AA 00 00 0
1285AC 00 00 0
1285AE 00 00 0
1285B0 00 00 0
1285B2 00 00 0
1285B4 00 00 0
1285B6 00 00 0
1285B8 00 00 0
1285BA 00 00 0
1285BC 00 00 0
1285BE 00 00 0
1285C0 00 00 0
1285C2 00 00 0
1285C4 00 00 0
1285C6 00 00 0
1285C8 00 00 0
1285CA 00 00 0
1285CC 00 00 0
1285CE 00 00 0
1285D0 00 00 0
1285D2 00 00 0
1285D4 00 00 0
1285D6 00 00 0
1285D8 00 00 0
1285DA 00 00 0
1285DC 00 00 0
1285DE 00 00 0
1285E0 00 00 0
1285E2 00 00 0
1285E4 00 00 0
1285E6 00 00 0
1285E8 00 00 0
1285EA 00 00 0
1285EC 00 00 0
1285EE 00 00 0
1285F0 00 00 0
1285F2 00 00 0
1285F4 00 00 0
1285F6 00 00 0
1285F8 00 00 0
1285FA 00 00 0
1285FC 00 00 0
1285FE 00 00 0
128600 00 00 0
128602 00 00 0
128604 00 00 0
128606 00 00 0
128608 00 00 0
12860A 00 00 0
12860C 00 00 0
12860E 00 00 0
128610 00 00 0
128612 00 00 0
128614 00 00 0
128616 00 00 0
128618 00 00 0
12861A 00 00 0
12861C 00 00 0
12861E 00 00 0
128620 00 00 0
128622 00 00 0
128624 00 00 0
128626 00 00 0
128628 00 00 0
12862A 00 00 0
12862C 00 00 0
12862E 00 00 0
128630 00 00 0
128632 00 00 0
128634 00 00 0
128636 00 00 0
128638 00 00 0
12863A 00 00 0
12863C 00 00 0
12863E 00 00 0
128640 00 00 0
128642 00 00 0
128644 00 00 0
128646 00 00 0
128648 00 00 0
12864A 00 00 0
12864C 00 00 0
12864E 00 00 0
128650 00 00 0
128652 00 00 0
128654 00 00 0
128656 00 00 0
128658 00 00 0
12865A 00 00 0
12865C 00 00 0
12865E 00 00 0
128660 00 00 0
128662 00 00 0
128664 00 00 0
128666 00 00 0
128668 00 00 0
12866A 00 00 0
12866C 00 00 0
12866E 00 00 0
128670 00 00 0
128672 00 00 0
128674 00 00 0
128676 00 00 0
128678 00 00 0
12867A 00 00 0
12867C 00 00 0
12867E 00 00 0
128680 00 00 0
128682 00 00 0
128684 00 00 0
128686 00 00 0
128688 00 00 0
12868A 00 00 0
12868C 00 00 0
12868E 00 00 0
128690 00 00 0
128692 00 00 0
128694 00 00 0
128696 00 00 0
128698 00 00 0
12869A 00 00 0
12869C 00 00 0
12869E 00 00 0
1286A0 00 00 0
1286A2 00 00 0
1286A4 00 00 0
1286A6 00 00 0
1286A8 00 00 0
1286AA 00 00 0
1286AC 00 00 0
1286AE 00 00 0
1286B0 00 00 0
1286B2 00 00 0
1286B4 00 00 0
1286B6 00 00 0
1286B8 00 00 0
1286BA 00 00 0
1286BC 00 00 0
1286BE 00 00 0
1286C0 00 00 0
1286C2 00 00 0
1286C4 00 00 0
1286C6 00 00 0
1286C8 00 00 0
1286CA 00 00 0
1286CC 00 00 0
1286CE 00 00 0
1286D0 00 00 0
1286D2 00 00 0
1286D4 00 00 0
1286D6 00 00 0
1286D8 00 00 0
1286DA 00 00 0
1286DC 00 00 0
1286DE 00 00 0
1286E0 00 00 0
1286E2 00 00 0
1286E4 00 00 0
1286E6 00 00 0
1286E8 00 00 0
1286EA 00 00 0
1286EC 00 00 0
1286EE 00 00 0
1286F0 00 00 0
1286F2 00 00 0
1286F4 00 00 0
1286F6 00 00 0
1286F8 00 00 0
1286FA 00 00 0
1286FC 00 00 0
1286FE 00 00 0
128700 00 00 0
128702 00 00 0
128704 00 00 0
128706 00 00 0
128708 00 00 0
12870A 00 00 0
12870C 00 00 0
12870E 00 00 0
128710 00 00 0
128712 00 00 0
128714 00 00 0
128716 00 00 0
128718 00 00 0
12871A 00 00 0
12871C 00 00 0
12871E 00 00 0
128720 00 00 0
128722 00 00 0
128724 00 00 0
128726 00 00 0
128728 00 00 0
12872A 00 00 0
12872C 00 00 0
12872E 00 00 0
128730 00 00 0
128732 00 00 0
128734 00 00 0
128736 00 00 0
128738 00 00 0
12873A 00 00 0
12873C 00 00 0
12873E 00 00 0
128740 00 00 0
128742 00 00 0
128744 00 00 0
128746 00 00 0
128748 00 00 0
12874A 00 00 0
12874C 00 00 0
12874E 00 00 0
128750 00 00 0
128752 00 00 0
128754 00 00 0
128756 00 00 0
128758 00 00 0
12875A 00 00 0
12875C 00 00 0
12875E 00 00 0
128760 00 00 0
128762 00 00 0
128764 00 00 0
128766 00 00 0
128768 00 00 0
12876A 00 00 0
12876C 00 00 0
12876E 00 00 0
128770 00 00 0
128772 00 00 0
128774 00 00 0
128776 00 00 0
128778 00 00 0
12877A 00 00 0
12877C 00 00 0
12877E 00 00 0
128780 00 00 0
128782 00 00 0
128784 00 00 0
128786 00 00 0
128788 00 00 0
12878A 00 00 0
12878C 00 00 0
12878E 00 00 0
128790 00 00 0
128792 00 00 0
128794 00 00 0
128796 00 00 0
128798 00 00 0
12879A 00 00 0
12879C 00 00 0
12879E 00 00 0
1287A0 00 00 0
1287A2 00 00 0
1287A4 00 00 0
1287A6 00 00 0
1287A8 00 00 0
1287AA 00 00 0
1287AC 00 00 0
1287AE 00 00 0
1287B0 00 00 0
1287B2 00 00 0
1287B4 00 00 0
1287B6 00 00 0
1287B8 00 00 0
1287BA 00 00 0
1287BC 00 00 0
1287BE 00 00 0
1287C0 00 00 0
1287C2 00 00 0
1287C4 00 00 0
1287C6 00 00 0
1287C8 00 00 0
1287CA 00 00 0
1287CC 00 00 0
1287CE 00 00 0
1287D0 00 00 0
1287D2 00 00 0
1287D4 00 00 0
1287D6 00 00 0
1287D8 00 00 0
1287DA 00 00 0
1287DC 00 00 0
1287DE 00 00 0
1287E0 00 00 0
1287E2 00 00 0
1287E4 00 00 0
1287E6 00 00 0
1287E8 00 00 0
1287EA 00 00 0
1287EC 00 00 0
1287EE 00 00 0
1287F0 00 00 0
1287F2 00 00 0
1287F4 00 00 0
1287F6 00 00 0
1287F8 00 00 0
1287FA 00 00 0
1287FC 00 00 0
1287FE 00 00 0
128800 00 00 0
128802 00 00 0
128804 00 00 0
128806 00 00 0
128808 00 00 0
12880A 00 00 0
12880C 00 00 0
12880E 00 00 0
128810 00 00 0
128812 00 00 0
128814 00 00 0
128816 00 00 0
128818 00 00 0
12881A 00 00 0
12881C 00 00 0
12881E 00 00 0
128820 00 00 0
128822 00 00 0
128824 00 00 0
128826 00 00 0
128828 00 00 0
12882A 00 00 0
12882C 00 00 0
12882E 00 00 0
128830 00 00 0
128832 00 00 0
128834 00 00 0
128836 00 00 0
128838 00 00 0
12883A 00 00 0
12883C 00 00 0
12883E 00 00 0
128840 00 00 0
128842 00 00 0
128844 00 00 0
128846 00 00 0
128848 00 00 0
12884A 00 00 0
12884C 00 00 0
12884E 00 00 0
128850 00 00 0
128852 00 00 0
128854 00 00 0
128856 00 00 0
128858 00 00 0
12885A 00 00 0
12885C 00 00 0
12885E 00 00 0
128860 00 00 0
128862 00 00 0
128864 00 00 0
128866 00 00 0
128868 00 00 0
12886A 00 00 0
12886C 00 00 0
12886E 00 00 0
128870 00 00 0
128872 00 00 0
128874 00 00 0
128876 00 00 0
128878 00 00 0
12887A 00 00 0
12887C 00 00 0
12887E 00 00 0
128880 00 00 0
128882 00 00 0
128884 00 00 0
128886 00 00 0
128888 00 00 0
12888A 00 00 0
12888C 00 00 0
12888E 00 00 0
128890 00 00 0
128892 00 00 0
128894 00 00 0
128896 00 00 0
128898 00 00 0
12889A 00 00 0
12889C 00 00 0
12889E 00 00 0
1288A0 00 00 0
1288A2 00 00 0
1288A4 00 00 0
1288A6 00 00 0
1288A8 00 00 0
1288AA 00 00 0
1288AC 00 00 0
1288AE 00 00 0
1288B0 00 00 0
1288B2 00 00 0
1288B4 00 00 0
1288B6 00 00 0
1288B8 00 00 0
1288BA 00 00 0
1288BC 00 00 0
1288BE 00 00 0
1288C0 00 00 0
1288C2 00 00 0
1288C4 00 00 0
1288C6 00 00 0
1288C8 00 00 0
1288CA 00 00 0
1288CC 00 00 0
1288CE 00 00 0
1288D0 00 00 0
1288D2 00 00 0
1288D4 00 00 0
1288D6 00 00 0
1288D8 00 00 0
1288DA 00 00 0
1288DC 00 00 0
1288DE 00 00 0
1288E0 00 00 0
1288E2 00 00 0
1288E4 00 00 0
1288E6 00 00 0
1288E8 00 00 0
1288EA 00 00 0
1288EC 00 00 0
1288EE 00 00 0
1288F0 00 00 0
1288F2 00 00 0
1288F4 00 00 0
1288F6 00 00 0
1288F8 00 00 0
1288FA 00 00 0
1288FC 00 00 0
1288FE 00 00 0
128900 00 00 0
128902 00 00 0
128904 00 00 0
128906 00 00 0
128908 00 00 0
12890A 00 00 0
12890C 00 00 0
12890E 00 00 0
128910 00 00 0
128912 00 00 0
128914 00 00 0
128916 00 00 0
128918 00 00 0
12891A 00 00 0
12891C 00 00 0
12891E 00 00 0
128920 00 00 0
128922 00 00 0
128924 00 00 0
128926 00 00 0
128928 00 00 0
12892A 00 00 0
12892C 00 00 0
12892E 00 00 0
128930 00 00 0
128932 00 00 0
128934 00 00 0
128936 00 00 0
128938 00 00 0
12893A 00 00 0
12893C 00 00 0
12893E 00 00 0
128940 00 00 0
128942 00 00 0
128944 00 00 0
128946 00 00 0
128948 00 00 0
12894A 00 00 0
12894C 00 00 0
12894E 00 00 0
128950 00 00 0
128952 00 00 0
128954 00 00 0
128956 00 00 0
128958 00 00 0
12895A 00 00 0
12895C 00 00 0
12895E 00 00 0
128960 00 00 0
128962 00 00 0
128964 00 00 0
128966 00 00 0
128968 00 00 0
12896A 00 00 0
12896C 00 00 0
12896E 00 00 0
128970 00 00 0
128972 00 00 0
128974 00 00 0
128976 00 00 0
128978 00 00 0
12897A 00 00 0
12897C 00 00 0
12897E 00 00 0
128980 00 00 0
128982 00 00 0
128984 00 00 0
128986 00 00 0
128988 00 00 0
12898A 00 00 0
12898C 00 00 0
12898E 00 00 0
128990 00 00 0
128992 00 00 0
128994 00 00 0
128996 00 00 0
128998 00 00 0
12899A 00 00 0
12899C 00 00 0
12899E 00 00 0
1289A0 00 00 0
1289A2 00 00 0
1289A4 00 00 0
1289A6 00 00 0
1289A8 00 00 0
1289AA 00 00 0
1289AC 00 00 0
1289AE 00 00 0
1289B0 00 00 0
1289B2 00 00 0
1289B4 00 00 0
1289B6 00 00 0
1289B8 00 00 0
1289BA 00 00 0
1289BC 00 00 0
1289BE 00 00 0
1289C0 00 00 0
1289C2 00 00 0
1289C4 00 00 0
1289C6 00 00 0
1289C8 00 00 0
1289CA 00 00 0
1289CC 00 00 0
1289CE 00 00 0
1289D0 00 00 0
1289D2 00 00 0
1289D4 00 00 0
1289D6 00 00 0
1289D8 00 00 0
1289DA 00 00 0
1289DC 00 00 0
1289DE 00 00 0
1289E0 00 00 0
1289E2 00 00 0
1289E4 00 00 0
1289E6 00 00 0
1289E8 00 00 0
1289EA 00 00 0
1289EC 00 00 0
1289EE 00 00 0
1289F0 00 00 0
1289F2 00 00 0
1289F4 00 00 0
1289F6 00 00 0
1289F8 00 00 0
1289FA 00 00 0
1289FC 00 00 0
1289FE 00 00 0
128A00 00 00 0
128A02 00 00 0
128A04 00 00 0
128A06 00 00 0
128A08 00 00 0
128A0A 00 00 0
128A0C 00 00 0
128A0E 00 00 0
128A10 00 00 0
128A12 00 00 0
128A14 00 00 0
128A16 00 00 0
128A18 00 00 0
128A1A 00 00 0
128A1C 00 00 0
128A1E 00 00 0
128A20 00 00 0
128A22 00 00 0
128A24 00 00 0
128A26 00 00 0
128A28 00 00 0
128A2A 00 00 0
128A2C 00 00 0
128A2E 00 00 0
128A30 00 00 0
128A32 00 00 0
128A34 00 00 0
128A36 00 00 0
128A38 00 00 0
128A3A 00 00 0
128A3C 00 00 0
128A3E 00 00 0
128A40 00 00 0
128A42 00 00 0
128A44 00 00 0
128A46 00 00 0
128A48 00 00 0
128A4A 00 00 0
128A4C 00 00 0
128A4E 00 00 0
128A50 00 00 0
128A52 00 00 0
128A54 00 00 0
128A56 00 00 0
128A58 00 00 0
128A5A 00 00 0
128A5C 00 00 0
128A5E 00 00 0
128A60 00 00 0
128A62 00 00 0
128A64 00 00 0
128A66 00 00 0
128A68 00 00 0
128A6A 00 00 0
128A6C 00 00 0
128A6E 00 00 0
128A70 00 00 0
128A72 00 00 0
128A74 00 00 0
128A76 00 00 0
128A78 00 00 0
128A7A 00 00 0
128A7C 00 00 0
128A7E 00 00 0
128A80 00 00 0
128A82 00 00 0
128A84 00 00 0
128A86 00 00 0
128A88 00 00 0
128A8A 00 00 0
128A8C 00 00 0
128A8E 00 00 0
128A90 00 00 0
128A92 00 00 0
128A94 00 00 0
128A96 00 00 0
128A98 00 00 0
128A9A 00 00 0
128A9C 00 00 0
128A9E 00 00 0
128AA0 00 00 0
128AA2 00 00 0
128AA4 00 00 0
128AA6 00 00 0
128AA8 00 00 0
128AAA 00 00 0
128AAC 00 00 0
128AAE 00 00 0
128AB0 00 00 0
128AB2 00 00 0
128AB4 00 00 0
128AB6 00 00 0
128AB8 00 00 0
128ABA 00 00 0
128ABC 00 00 0
128ABE 00 00 0
128AC0 00 00 0
128AC2 00 00 0
128AC4 00 00 0
128AC6 00 00 0
128AC8 00 00 0
128ACA 00 00 0
128ACC 00 00 0
128ACE 00 00 0
128AD0 00 00 0
128AD2 00 00 0
128AD4 00 00 0
128AD6 00 00 0
128AD8 00 00 0
128ADA 00 00 0
128ADC 00 00 0
128ADE 00 00 0
128AE0 00 00 0
128AE2 00 00 0
128AE4 00 00 0
128AE6 00 00 0
128AE8 00 00 0
128AEA 00 00 0
128AEC 00 00 0
128AEE 00 00 0
128AF0 00 00 0
128AF2 00 00 0
128AF4 00 00 0
128AF6 00 00 0
128AF8 00 00 0
128AFA 00 00 0
128AFC 00 00 0
128AFE 00 00 0
128B00 00 00 0
128B02 00 00 0
128B04 00 00 0
128B06 00 00 0
128B08 00 00 0
128B0A 00 00 0
128B0C 00 00 0
128B0E 00 00 0
128B10 00 00 0
128B12 00 00 0
128B14 00 00 0
128B16 00 00 0
128B18 00 00 0
128B1A 00 00 0
128B1C 00 00 0
128B1E 00 00 0
128B20 00 00 0
128B22 00 00 0
128B24 00 00 0
128B26 00 00 0
128B28 00 00 0
128B2A 00 00 0
128B2C 00 00 0
128B2E 00 00 0
128B30 00 00 0
128B32 00 00 0
128B34 00 00 0
128B36 00 00 0
128B38 00 00 0
128B3A 00 00 0
128B3C 00 00 0
128B3E 00 00 0
128B40 00 00 0
128B42 00 00 0
128B44 00 00 0
128B46 00 00 0
128B48 00 00 0
128B4A 00 00 0
128B4C 00 00 0
128B4E 00 00 0
128B50 00 00 0
128B52 00 00 0
128B54 00 00 0
128B56 00 00 0
128B58 00 00 0
128B5A 00 00 0
128B5C 00 00 0
128B5E 00 00 0
128B60 00 00 0
128B62 00 00 0
128B64 00 00 0
128B66 00 00 0
128B68 00 00 0
128B6A 00 00 0
128B6C 00 00 0
128B6E 00 00 0
128B70 00 00 0
128B72 00 00 0
128B74 00 00 0
128B76 00 00 0
128B78 00 00 0
128B7A 00 00 0
128B7C 00 00 0
128B7E 00 00 0
128B80 00 00 0
128B82 00 00 0
128B84 00 00 0
128B86 00 00 0
128B88 00 00 0
128B8A 00 00 0
128B8C 00 00 0
128B8E 00 00 0
128B90 00 00 0
128B92 00 00 0
128B94 00 00 0
128B96 00 00 0
128B98 00 00 0
128B9A 00 00 0
128B9C 00 00 0
128B9E 00 00 0
128BA0 00 00 0
128BA2 00 00 0
128BA4 00 00 0
128BA6 00 00 0
128BA8 00 00 0
128BAA 00 00 0
128BAC 00 00 0
128BAE 00 00 0
128BB0 00 00 0
128BB2 00 00 0
128BB4 00 00 0
128BB6 00 00 0
128BB8 00 00 0
128BBA 00 00 0
128BBC 00 00 0
128BBE 00 00 0
128BC0 00 00 0
128BC2 00 00 0
128BC4 00 00 0
128BC6 00 00 0
128BC8 00 00 0
128BCA 00 00 0
128BCC 00 00 0
128BCE 00 00 0
128BD0 00 00 0
128BD2 00 00 0
128BD4 00 00 0
128BD6 00 00 0
128BD8 00 00 0
128BDA 00 00 0
128BDC 00 00 0
128BDE 00 00 0
128BE0 00 00 0
128BE2 00 00 0
128BE4 00 00 0
128BE6 00 00 0
128BE8 00 00 0
128BEA 00 00 0
128BEC 00 00 0
128BEE 00 00 0
128BF0 00 00 0
128BF2 00 00 0
128BF4 00 00 0
128BF6 00 00 0
128BF8 00 00 0
128BFA 00 00 0
128BFC 00 00 0
128BFE 00 00 0
128C00 00 00 0
128C02 00 00 0
128C04 00 00 0
128C06 00 00 0
128C08 00 00 0
128C0A 00 00 0
128C0C 00 00 0
128C0E 00 00 0
128C10 00 00 0
128C12 00 00 0
128C14 00 00 0
128C16 00 00 0
128C18 00 00 0
128C1A 00 00 0
128C1C 00 00 0
128C1E 00 00 0
128C20 00 00 0
128C22 00 00 0
128C24 00 00 0
128C26 00 00 0
128C28 00 00 0
128C2A 00 00 0
128C2C 00 00 0
128C2E 00 00 0
128C30 00 00 0
128C32 00 00 0
128C34 00 00 0
128C36 00 00 0
128C38 00 00 0
128C3A 00 00 0
128C3C 00 00 0
128C3E 00 00 0
128C40 00 00 0
128C42 00 00 0
128C44 00 00 0
128C46 00 00 0
128C48 00 00 0
128C4A 00 00 0
128C4C 00 00 0
128C4E 00 00 0
128C50 00 00 0
128C52 00 00 0
128C54 00 00 0
128C56 00 00 0
128C58 00 00 0
128C5A 00 00 0
128C5C 00 00 0
128C5E 00 00 0
128C60 00 00 0
128C62 00 00 0
128C64 00 00 0
128C66 00 00 0
128C68 00 00 0
128C6A 00 00 0
128C6C 00 00 0
128C6E 00 00 0
128C70 00 00 0
128C72 00 00 0
128C74 00 00 0
128C76 00 00 0
128C78 00 00 0
128C7A 00 00 0
128C7C 00 00 0
128C7E 00 00 0
128C80 00 00 0
128C82 00 00 0
128C84 00 00 0
128C86 00 00 0
128C88 00 00 0
128C8A 00 00 0
128C8C 00 00 0
128C8E 00 00 0
128C90 00 00 0
128C92 00 00 0
128C94 00 00 0
128C96 00 00 0
128C98 00 00 0
128C9A 00 00 0
128C9C 00 00 0
128C9E 00 00 0
128CA0 00 00 0
128CA2 00 00 0
128CA4 00 00 0
128CA6 00 00 0
128CA8 00 00 0
128CAA 00 00 0
128CAC 00 00 0
128CAE 00 00 0
128CB0 00 00 0
128CB2 00 00 0
128CB4 00 00 0
128CB6 00 00 0
128CB8 00 00 0
128CBA 00 00 0
128CBC 00 00 0
128CBE 00 00 0
128CC0 00 00 0
128CC2 00 00 0
128CC4 00 00 0
128CC6 00 00 0
128CC8 00 00 0
128CCA 00 00 0
128CCC 00 00 0
128CCE 00 00 0
128CD0 00 00 0
128CD2 00 00 0
128CD4 00 00 0
128CD6 00 00 0
128CD8 00 00 0
128CDA 00 00 0
128CDC 00 00 0
128CDE 00 00 0
128CE0 00 00 0
128CE2 00 00 0
128CE4 00 00 0
128CE6 00 00 0
128CE8 00 00 0
128CEA 00 00 0
128CEC 00 00 0
128CEE 00 00 0
128CF0 00 00 0
128CF2 00 00 0
128CF4 00 00 0
128CF6 00 00 0
128CF8 00 00 0
128CFA 00 00 0
128CFC 00 00 0
128CFE 00 00 0
128D00 00 00 0
128D02 00 00 0
128D04 00 00 0
128D06 00 00 0
128D08 00 00 0
128D0A 00 00 0
128D0C 00 00 0
128D0E 00 00 0
128D10 00 00 0
128D12 00 00 0
128D14 00 00 0
128D16 00 00 0
128D18 00 00 0
128D1A 00 00 0
128D1C 00 00 0
128D1E 00 00 0
128D20 00 00 0
128D22 00 00 0
128D24 00 00 0
128D26 00 00 0
128D28 00 00 0
128D2A 00 00 0
128D2C 00 00 0
128D2E 00 00 0
128D30 00 00 0
128D32 00 00 0
128D34 00 00 0
128D36 00 00 0
128D38 00 00 0
128D3A 00 00 0
128D3C 00 00 0
128D3E 00 00 0
128D40 00 00 0
128D42 00 00 0
128D44 00 00 0
128D46 00 00 0
128D48 00 00 0
128D4A 00 00 0
128D4C 00 00 0
128D4E 00 00 0
128D50 00 00 0
128D52 00 00 0
128D54 00 00 0
128D56 00 00 0
128D58 00 00 0
128D5A 00 00 0
128D5C 00 00 0
128D5E 00 00 0
128D60 00 00 0
128D62 00 00 0
128D64 00 00 0
128D66 00 00 0
128D68 00 00 0
128D6A 00 00 0
128D6C 00 00 0
128D6E 00 00 0
128D70 00 00 0
128D72 00 00 0
128D74 00 00 0
128D76 00 00 0
128D78 00 00 0
128D7A 00 00 0
128D7C 00 00 0
128D7E 00 00 0
128D80 00 00 0
128D82 00 00 0
128D84 00 00 0
128D86 00 00 0
128D88 00 00 0
128D8A 00 00 0
128D8C 00 00 0
128D8E 00 00 0
128D90 00 00 0
128D92 00 00 0
128D94 00 00 0
128D96 00 00 0
128D98 00 00 0
128D9A 00 00 0
128D9C 00 00 0
128D9E 00 00 0
128DA0 00 00 0
128DA2 00 00 0
128DA4 00 00 0
128DA6 00 00 0
128DA8 00 00 0
128DAA 00 00 0
128DAC 00 00 0
128DAE 00 00 0
128DB0 00 00 0
128DB2 00 00 0
128DB4 00 00 0
128DB6 00 00 0
128DB8 00 00 0
128DBA 00 00 0
128DBC 00 00 0
128DBE 00 00 0
128DC0 00 00 0
128DC2 00 00 0
128DC4 00 00 0
128DC6 00 00 0
128DC8 00 00 0
128DCA 00 00 0
128DCC 00 00 0
128DCE 00 00 0
128DD0 00 00 0
128DD2 00 00 0
128DD4 00 00 0
128DD6 00 00 0
128DD8 00 00 0
128DDA 00 00 0
128DDC 00 00 0
128DDE 00 00 0
128DE0 00 00 0
128DE2 00 00 0
128DE4 00 00 0
128DE6 00 00 0
128DE8 00 00 0
128DEA 00 00 0
128DEC 00 00 0
128DEE 00 00 0
128DF0 00 00 0
128DF2 00 00 0
128DF4 00 00 0
128DF6 00 00 0
128DF8 00 00 0
128DFA 00 00 0
128DFC 00 00 0
128DFE 00 00 0
128E00 00 00 0
128E02 00 00 0
128E04 00 00 0
128E06 00 00 0
128E08 00 00 0
128E0A 00 00 0
128E0C 00 00 0
128E0E 00 00 0
128E10 00 00 0
128E12 00 00 0
128E14 00 00 0
128E16 00 00 0
128E18 00 00 0
128E1A 00 00 0
128E1C 00 00 0
128E1E 00 00 0
128E20 00 00 0
128E22 00 00 0
128E24 00 00 0
128E26 00 00 0
128E28 00 00 0
128E2A 00 00 0
128E2C 00 00 0
128E2E 00 00 0
128E30 00 00 0
128E32 00 00 0
128E34 00 00 0
128E36 00 00 0
128E38 00 00 0
128E3A 00 00 0
128E3C 00 00 0
128E3E 00 00 0
128E40 00 00 0
128E42 00 00 0
128E44 00 00 0
128E46 00 00 0
128E48 00 00 0
128E4A 00 00 0
128E4C 00 00 0
128E4E 00 00 0
128E50 00 00 0
128E52 00 00 0
128E54 00 00 0
128E56 00 00 0
128E58 00 00 0
128E5A 00 00 0
128E5C 00 00 0
128E5E 00 00 0
128E60 00 00 0
128E62 00 00 0
128E64 00 00 0
128E66 00 00 0
128E68 00 00 0
128E6A 00 00 0
128E6C 00 00 0
128E6E 00 00 0
128E70 00 00 0
128E72 00 00 0
128E74 00 00 0
128E76 00 00 0
128E78 00 00 0
128E7A 00 00 0
128E7C 00 00 0
128E7E 00 00 0
128E80 00 00 0
128E82 00 00 0
128E84 00 00 0
128E86 00 00 0
128E88 00 00 0
128E8A 00 00 0
128E8C 00 00 0
128E8E 00 00 0
128E90 00 00 0
128E92 00 00 0
128E94 00 00 0
128E96 00 00 0
128E98 00 00 0
128E9A 00 00 0
128E9C 00 00 0
128E9E 00 00 0
128EA0 00 00 0
128EA2 00 00 0
128EA4 00 00 0
128EA6 00 00 0
128EA8 00 00 0
128EAA 00 00 0
128EAC 00 00 0
128EAE 00 00 0
128EB0 00 00 0
128EB2 00 00 0
128EB4 00 00 0
128EB6 00 00 0
128EB8 00 00 0
128EBA 00 00 0
128EBC 00 00 0
128EBE 00 00 0
128EC0 00 00 0
128EC2 00 00 0
128EC4 00 00 0
128EC6 00 00 0
128EC8 00 00 0
128ECA 00 00 0
128ECC 00 00 0
128ECE 00 00 0
128ED0 00 00 0
128ED2 00 00 0
128ED4 00 00 0
128ED6 00 00 0
128ED8 00 00 0
128EDA 00 00 0
128EDC 00 00 0
128EDE 00 00 0
128EE0 00 00 0
128EE2 00 00 0
128EE4 00 00 0
128EE6 00 00 0
128EE8 00 00 0
128EEA 00 00 0
128EEC 00 00 0
128EEE 00 00 0
128EF0 00 00 0
128EF2 00 00 0
128EF4 00 00 0
128EF6 00 00 0
128EF8 00 00 0
128EFA 00 00 0
128EFC 00 00 0
128EFE 00 00 0
128F00 00 00 0
128F02 00 00 0
128F04 00 00 0
128F06 00 00 0
128F08 00 00 0
128F0A 00 00 0
128F0C 00 00 0
128F0E 00 00 0
128F10 00 00 0
128F12 00 00 0
128F14 00 00 0
128F16 00 00 0
128F18 00 00 0
128F1A 00 00 0
128F1C 00 00 0
128F1E 00 00 0
128F20 00 00 0
128F22 00 00 0
128F24 00 00 0
128F26 00 00 0
128F28 00 00 0
128F2A 00 00 0
128F2C 00 00 0
128F2E 00 00 0
128F30 00 00 0
128F32 00 00 0
128F34 00 00 0
128F36 00 00 0
128F38 00 00 0
128F3A 00 00 0
128F3C 00 00 0
128F3E 00 00 0
128F40 00 00 0
128F42 00 00 0
128F44 00 00 0
128F46 00 00 0
128F48 00 00 0
128F4A 00 00 0
128F4C 00 00 0
128F4E 00 00 0
128F50 00 00 0
128F52 00 00 0
128F54 00 00 0
128F56 00 00 0
128F58 00 00 0
128F5A 00 00 0
128F5C 00 00 0
128F5E 00 00 0
128F60 00 00 0
128F62 00 00 0
128F64 00 00 0
128F66 00 00 0
128F68 00 00 0
128F6A 00 00 0
128F6C 00 00 0
128F6E 00 00 0
128F70 00 00 0
128F72 00 00 0
128F74 00 00 0
128F76 00 00 0
128F78 00 00 0
128F7A 00 00 0
128F7C 00 00 0
128F7E 00 00 0
128F80 00 00 0
128F82 00 00 0
128F84 00 00 0
128F86 00 00 0
128F88 00 00 0
128F8A 00 00 0
128F8C 00 00 0
128F8E 00 00 0
128F90 00 00 0
128F92 00 00 0
128F94 00 00 0
128F96 00 00 0
128F98 00 00 0
128F9A 00 00 0
128F9C 00 00 0
128F9E 00 00 0
128FA0 00 00 0
128FA2 00 00 0
128FA4 00 00 0
128FA6 00 00 0
128FA8 00 00 0
128FAA 00 00 0
128FAC 00 00 0
128FAE 00 00 0
128FB0 00 00 0
128FB2 00 00 0
128FB4 00 00 0
128FB6 00 00 0
128FB8 00 00 0
128FBA 00 00 0
128FBC 00 00 0
128FBE 00 00 0
128FC0 00 00 0
128FC2 00 00 0
128FC4 00 00 0
128FC6 00 00 0
128FC8 00 00 0
128FCA 00 00 0
128FCC 00 00 0
128FCE 00 00 0
128FD0 00 00 0
128FD2 00 00 0
128FD4 00 00 0
128FD6 00 00 0
128FD8 00 00 0
128FDA 00 00 0
128FDC 00 00 0
128FDE 00 00 0
128FE0 00 00 0
128FE2 00 00 0
128FE4 00 00 0
128FE6 00 00 0
128FE8 00 00 0
128FEA 00 00 0
128FEC 00 00 0
128FEE 00 00 0
128FF0 00 00 0
128FF2 00 00 0
128FF4 00 00 0
128FF6 00 00 0
128FF8 00 00 0
128FFA 00 00 0
128FFC 00 00 0
128FFE 00 00 0
129000 00 00 0
129002 00 00 0
129004 00 00 0
129006 00 00 0
129008 00 00 0
12900A 00 00 0
12900C 00 00 0
12900E 00 00 0
129010 00 00 0
129012 00 00 0
129014 00 00 0
129016 00 00 0
129018 00 00 0
12901A 00 00 0
12901C 00 00 0
12901E 00 00 0
129020 00 00 0
129022 00 00 0
129024 00 00 0
129026 00 00 0
129028 00 00 0
12902A 00 00 0
12902C 00 00 0
12902E 00 00 0
129030 00 00 0
129032 00 00 0
129034 00 00 0
129036 00 00 0
129038 00 00 0
12903A 00 00 0
12903C 00 00 0
12903E 00 00 0
129040 00 00 0
129042 00 00 0
129044 00 00 0
129046 00 00 0
129048 00 00 0
12904A 00 00 0
12904C 00 00 0
12904E 00 00 0
129050 00 00 0
129052 00 00 0
129054 00 00 0
129056 00 00 0
129058 00 00 0
12905A 00 00 0
12905C 00 00 0
12905E 00 00 0
129060 00 00 0
129062 00 00 0
129064 00 00 0
129066 00 00 0
129068 00 00 0
12906A 00 00 0
12906C 00 00 0
12906E 00 00 0
129070 00 00 0
129072 00 00 0
129074 00 00 0
129076 00 00 0
129078 00 00 0
12907A 00 00 0
12907C 00 00 0
12907E 00 00 0
129080 00 00 0
129082 00 00 0
129084 00 00 0
129086 00 00 0
129088 00 00 0
12908A 00 00 0
12908C 00 00 0
12908E 00 00 0
129090 00 00 0
129092 00 00 0
129094 00 00 0
129096 00 00 0
129098 00 00 0
12909A 00 00 0
12909C 00 00 0
12909E 00 00 0
1290A0 00 00 0
1290A2 00 00 0
1290A4 00 00 0
1290A6 00 00 0
1290A8 00 00 0
1290AA 00 00 0
1290AC 00 00 0
1290AE 00 00 0
1290B0 00 00 0
1290B2 00 00 0
1290B4 00 00 0
1290B6 00 00 0
1290B8 00 00 0
1290BA 00 00 0
1290BC 00 00 0
1290BE 00 00 0
1290C0 00 00 0
1290C2 00 00 0
1290C4 00 00 0
1290C6 00 00 0
1290C8 00 00 0
1290CA 00 00 0
1290CC 00 00 0
1290CE 00 00 0
1290D0 00 00 0
1290D2 00 00 0
1290D4 00 00 0
1290D6 00 00 0
1290D8 00 00 0
1290DA 00 00 0
1290DC 00 00 0
1290DE 00 00 0
1290E0 00 00 0
1290E2 00 00 0
1290E4 00 00 0
1290E6 00 00 0
1290E8 00 00 0
1290EA 00 00 0
1290EC 00 00 0
1290EE 00 00 0
1290F0 00 00 0
1290F2 00 00 0
1290F4 00 00 0
1290F6 00 00 0
1290F8 00 00 0
1290FA 00 00 0
1290FC 00 00 0
1290FE 00 00 0
129100 00 00 0
129102 00 00 0
129104 00 00 0
129106 00 00 0
129108 00 00 0
12910A 00 00 0
12910C 00 00 0
12910E 00 00 0
129110 00 00 0
129112 00 00 0
129114 00 00 0
129116 00 00 0
129118 00 00 0
12911A 00 00 0
12911C 00 00 0
12911E 00 00 0
129120 00 00 0
129122 00 00 0
129124 00 00 0
129126 00 00 0
129128 00 00 0
12912A 00 00 0
12912C 00 00 0
12912E 00 00 0
129130 00 00 0
129132 00 00 0
129134 00 00 0
129136 00 00 0
129138 00 00 0
12913A 00 00 0
12913C 00 00 0
12913E 00 00 0
129140 00 00 0
129142 00 00 0
129144 00 00 0
129146 00 00 0
129148 00 00 0
12914A 00 00 0
12914C 00 00 0
12914E 00 00 0
129150 00 00 0
129152 00 00 0
129154 00 00 0
129156 00 00 0
129158 00 00 0
12915A 00 00 0
12915C 00 00 0
12915E 00 00 0
129160 00 00 0
129162 00 00 0
129164 00 00 0
129166 00 00 0
129168 00 00 0
12916A 00 00 0
12916C 00 00 0
12916E 00 00 0
129170 00 00 0
129172 00 00 0
129174 00 00 0
129176 00 00 0
129178 00 00 0
12917A 00 00 0
12917C 00 00 0
12917E 00 00 0
129180 00 00 0
129182 00 00 0
129184 00 00 0
129186 00 00 0
129188 00 00 0
12918A 00 00 0
12918C 00 00 0
12918E 00 00 0
129190 00 00 0
129192 00 00 0
129194 00 00 0
129196 00 00 0
129198 00 00 0
12919A 00 00 0
12919C 00 00 0
12919E 00 00 0
1291A0 00 00 0
1291A2 00 00 0
1291A4 00 00 0
1291A6 00 00 0
1291A8 00 00 0
1291AA 00 00 0
1291AC 00 00 0
1291AE 00 00 0
1291B0 00 00 0
1291B2 00 00 0
1291B4 00 00 0
1291B6 00 00 0
1291B8 00 00 0
1291BA 00 00 0
1291BC 00 00 0
1291BE 00 00 0
1291C0 00 00 0
1291C2 00 00 0
1291C4 00 00 0
1291C6 00 00 0
1291C8 00 00 0
1291CA 00 00 0
1291CC 00 00 0
1291CE 00 00 0
1291D0 00 00 0
1291D2 00 00 0
1291D4 00 00 0
1291D6 00 00 0
1291D8 00 00 0
1291DA 00 00 0
1291DC 00 00 0
1291DE 00 00 0
1291E0 00 00 0
1291E2 00 00 0
1291E4 00 00 0
1291E6 00 00 0
1291E8 00 00 0
1291EA 00 00 0
1291EC 00 00 0
1291EE 00 00 0
1291F0 00 00 0
1291F2 00 00 0
1291F4 00 00 0
1291F6 00 00 0
1291F8 00 00 0
1291FA 00 00 0
1291FC 00 00 0
1291FE 00 00 0
129200 00 00 0
129202 00 00 0
129204 00 00 0
129206 00 00 0
129208 00 00 0
12920A 00 00 0
12920C 00 00 0
12920E 00 00 0
129210 00 00 0
129212 00 00 0
129214 00 00 0
129216 00 00 0
129218 00 00 0
12921A 00 00 0
12921C 00 00 0
12921E 00 00 0
129220 00 00 0
129222 00 00 0
129224 00 00 0
129226 00 00 0
129228 00 00 0
12922A 00 00 0
12922C 00 00 0
12922E 00 00 0
129230 00 00 0
129232 00 00 0
129234 00 00 0
129236 00 00 0
129238 00 00 0
12923A 00 00 0
12923C 00 00 0
12923E 00 00 0
129240 00 00 0
129242 00 00 0
129244 00 00 0
129246 00 00 0
129248 00 00 0
12924A 00 00 0
12924C 00 00 0
12924E 00 00 0
129250 00 00 0
129252 00 00 0
129254 00 00 0
129256 00 00 0
129258 00 00 0
12925A 00 00 0
12925C 00 00 0
12925E 00 00 0
129260 00 00 0
129262 00 00 0
129264 00 00 0
129266 00 00 0
129268 00 00 0
12926A 00 00 0
12926C 00 00 0
12926E 00 00 0
129270 00 00 0
129272 00 00 0
129274 00 00 0
129276 00 00 0
129278 00 00 0
12927A 00 00 0
12927C 00 00 0
12927E 00 00 0
129280 00 00 0
129282 00 00 0
129284 00 00 0
129286 00 00 0
129288 00 00 0
12928A 00 00 0
12928C 00 00 0
12928E 00 00 0
129290 00 00 0
129292 00 00 0
129294 00 00 0
129296 00 00 0
129298 00 00 0
12929A 00 00 0
12929C 00 00 0
12929E 00 00 0
1292A0 00 00 0
1292A2 00 00 0
1292A4 00 00 0
1292A6 00 00 0
1292A8 00 00 0
1292AA 00 00 0
1292AC 00 00 0
1292AE 00 00 0
1292B0 00 00 0
1292B2 00 00 0
1292B4 00 00 0
1292B6 00 00 0
1292B8 00 00 0
1292BA 00 00 0
1292BC 00 00 0
1292BE 00 00 0
1292C0 00 00 0
1292C2 00 00 0
1292C4 00 00 0
1292C6 00 00 0
1292C8 00 00 0
1292CA 00 00 0
1292CC 00 00 0
1292CE 00 00 0
1292D0 00 00 0
1292D2 00 00 0
1292D4 00 00 0
1292D6 00 00 0
1292D8 00 00 0
1292DA 00 00 0
1292DC 00 00 0
1292DE 00 00 0
1292E0 00 00 0
1292E2 00 00 0
1292E4 00 00 0
1292E6 00 00 0
1292E8 00 00 0
1292EA 00 00 0
1292EC 00 00 0
1292EE 00 00 0
1292F0 00 00 0
1292F2 00 00 0
1292F4 00 00 0
1292F6 00 00 0
1292F8 00 00 0
1292FA 00 00 0
1292FC 00 00 0
1292FE 00 00 0
129300 00 00 0
129302 00 00 0
129304 00 00 0
129306 00 00 0
129308 00 00 0
12930A 00 00 0
12930C 00 00 0
12930E 00 00 0
129310 00 00 0
129312 00 00 0
129314 00 00 0
129316 00 00 0
129318 00 00 0
12931A 00 00 0
12931C 00 00 0
12931E 00 00 0
129320 00 00 0
129322 00 00 0
129324 00 00 0
129326 00 00 0
129328 00 00 0
12932A 00 00 0
12932C 00 00 0
12932E 00 00 0
129330 00 00 0
129332 00 00 0
129334 00 00 0
129336 00 00 0
129338 00 00 0
12933A 00 00 0
12933C 00 00 0
12933E 00 00 0
129340 00 00 0
129342 00 00 0
129344 00 00 0
129346 00 00 0
129348 00 00 0
12934A 00 00 0
12934C 00 00 0
12934E 00 00 0
129350 00 00 0
129352 00 00 0
129354 00 00 0
129356 00 00 0
129358 00 00 0
12935A 00 00 0
12935C 00 00 0
12935E 00 00 0
129360 00 00 0
129362 00 00 0
129364 00 00 0
129366 00 00 0
129368 00 00 0
12936A 00 00 0
12936C 00 00 0
12936E 00 00 0
129370 00 00 0
129372 00 00 0
129374 00 00 0
129376 00 00 0
129378 00 00 0
12937A 00 00 0
12937C 00 00 0
12937E 00 00 0
129380 00 00 0
129382 00 00 0
129384 00 00 0
129386 00 00 0
129388 00 00 0
12938A 00 00 0
12938C 00 00 0
12938E 00 00 0
129390 00 00 0
129392 00 00 0
129394 00 00 0
129396 00 00 0
129398 00 00 0
12939A 00 00 0
12939C 00 00 0
12939E 00 00 0
1293A0 00 00 0
1293A2 00 00 0
1293A4 00 00 0
1293A6 00 00 0
1293A8 00 00 0
1293AA 00 00 0
1293AC 00 00 0
1293AE 00 00 0
1293B0 00 00 0
1293B2 00 00 0
1293B4 00 00 0
1293B6 00 00 0
1293B8 00 00 0
1293BA 00 00 0
1293BC 00 00 0
1293BE 00 00 0
1293C0 00 00 0
1293C2 00 00 0
1293C4 00 00 0
1293C6 00 00 0
1293C8 00 00 0
1293CA 00 00 0
1293CC 00 00 0
1293CE 00 00 0
1293D0 00 00 0
1293D2 00 00 0
1293D4 00 00 0
1293D6 00 00 0
1293D8 00 00 0
1293DA 00 00 0
1293DC 00 00 0
1293DE 00 00 0
1293E0 00 00 0
1293E2 00 00 0
1293E4 00 00 0
1293E6 00 00 0
1293E8 00 00 0
1293EA 00 00 0
1293EC 00 00 0
1293EE 00 00 0
1293F0 00 00 0
1293F2 00 00 0
1293F4 00 00 0
1293F6 00 00 0
1293F8 00 00 0
1293FA 00 00 0
1293FC 00 00 0
1293FE 00 00 0
129400 00 00 0
129402 00 00 0
129404 00 00 0
129406 00 00 0
129408 00 00 0
12940A 00 00 0
12940C 00 00 0
12940E 00 00 0
129410 00 00 0
129412 00 00 0
129414 00 00 0
129416 00 00 0
129418 00 00 0
12941A 00 00 0
12941C 00 00 0
12941E 00 00 0
129420 00 00 0
129422 00 00 0
129424 00 00 0
129426 00 00 0
129428 00 00 0
12942A 00 00 0
12942C 00 00 0
12942E 00 00 0
129430 00 00 0
129432 00 00 0
129434 00 00 0
129436 00 00 0
129438 00 00 0
12943A 00 00 0
12943C 00 00 0
12943E 00 00 0
129440 00 00 0
129442 00 00 0
129444 00 00 0
129446 00 00 0
129448 00 00 0
12944A 00 00 0
12944C 00 00 0
12944E 00 00 0
129450 00 00 0
129452 00 00 0
129454 00 00 0
129456 00 00 0
129458 00 00 0
12945A 00 00 0
12945C 00 00 0
12945E 00 00 0
129460 00 00 0
129462 00 00 0
129464 00 00 0
129466 00 00 0
129468 00 00 0
12946A 00 00 0
12946C 00 00 0
12946E 00 00 0
129470 00 00 0
129472 00 00 0
129474 00 00 0
129476 00 00 0
129478 00 00 0
12947A 00 00 0
12947C 00 00 0
12947E 00 00 0
129480 00 00 0
129482 00 00 0
129484 00 00 0
129486 00 00 0
129488 00 00 0
12948A 00 00 0
12948C 00 00 0
12948E 00 00 0
129490 00 00 0
129492 00 00 0
129494 00 00 0
129496 00 00 0
129498 00 00 0
12949A 00 00 0
12949C 00 00 0
12949E 00 00 0
1294A0 00 00 0
1294A2 00 00 0
1294A4 00 00 0
1294A6 00 00 0
1294A8 00 00 0
1294AA 00 00 0
1294AC 00 00 0
1294AE 00 00 0
1294B0 00 00 0
1294B2 00 00 0
1294B4 00 00 0
1294B6 00 00 0
1294B8 00 00 0
1294BA 00 00 0
1294BC 00 00 0
1294BE 00 00 0
1294C0 00 00 0
1294C2 00 00 0
1294C4 00 00 0
1294C6 00 00 0
1294C8 00 00 0
1294CA 00 00 0
1294CC 00 00 0
1294CE 00 00 0
1294D0 00 00 0
1294D2 00 00 0
1294D4 00 00 0
1294D6 00 00 0
1294D8 00 00 0
1294DA 00 00 0
1294DC 00 00 0
1294DE 00 00 0
1294E0 00 00 0
1294E2 00 00 0
1294E4 00 00 0
1294E6 00 00 0
1294E8 00 00 0
1294EA 00 00 0
1294EC 00 00 0
1294EE 00 00 0
1294F0 00 00 0
1294F2 00 00 0
1294F4 00 00 0
1294F6 00 00 0
1294F8 00 00 0
1294FA 00 00 0
1294FC 00 00 0
1294FE 00 00 0
129500 00 00 0
129502 00 00 0
129504 00 00 0
129506 00 00 0
129508 00 00 0
12950A 00 00 0
12950C 00 00 0
12950E 00 00 0
129510 00 00 0
129512 00 00 0
129514 00 00 0
129516 00 00 0
129518 00 00 0
12951A 00 00 0
12951C 00 00 0
12951E 00 00 0
129520 00 00 0
129522 00 00 0
129524 00 00 0
129526 00 00 0
129528 00 00 0
12952A 00 00 0
12952C 00 00 0
12952E 00 00 0
129530 00 00 0
129532 00 00 0
129534 00 00 0
129536 00 00 0
129538 00 00 0
12953A 00 00 0
12953C 00 00 0
12953E 00 00 0
129540 00 00 0
129542 00 00 0
129544 00 00 0
129546 00 00 0
129548 00 00 0
12954A 00 00 0
12954C 00 00 0
12954E 00 00 0
129550 00 00 0
129552 00 00 0
129554 00 00 0
129556 00 00 0
129558 00 00 0
12955A 00 00 0
12955C 00 00 0
12955E 00 00 0
129560 00 00 0
129562 00 00 0
129564 00 00 0
129566 00 00 0
129568 00 00 0
12956A 00 00 0
12956C 00 00 0
12956E 00 00 0
129570 00 00 0
129572 00 00 0
129574 00 00 0
129576 00 00 0
129578 00 00 0
12957A 00 00 0
12957C 00 00 0
12957E 00 00 0
129580 00 00 0
129582 00 00 0
129584 00 00 0
129586 00 00 0
129588 00 00 0
12958A 00 00 0
12958C 00 00 0
12958E 00 00 0
129590 00 00 0
129592 00 00 0
129594 00 00 0
129596 00 00 0
129598 00 00 0
12959A 00 00 0
12959C 00 00 0
12959E 00 00 0
1295A0 00 00 0
1295A2 00 00 0
1295A4 00 00 0
1295A6 00 00 0
1295A8 00 00 0
1295AA 00 00 0
1295AC 00 00 0
1295AE 00 00 0
1295B0 00 00 0
1295B2 00 00 0
1295B4 00 00 0
1295B6 00 00 0
1295B8 00 00 0
1295BA 00 00 0
1295BC 00 00 0
1295BE 00 00 0
1295C0 00 00 0
1295C2 00 00 0
1295C4 00 00 0
1295C6 00 00 0
1295C8 00 00 0
1295CA 00 00 0
1295CC 00 00 0
1295CE 00 00 0
1295D0 00 00 0
1295D2 00 00 0
1295D4 00 00 0
1295D6 00 00 0
1295D8 00 00 0
1295DA 00 00 0
1295DC 00 00 0
1295DE 00 00 0
1295E0 00 00 0
1295E2 00 00 0
1295E4 00 00 0
1295E6 00 00 0
1295E8 00 00 0
1295EA 00 00 0
1295EC 00 00 0
1295EE 00 00 0
1295F0 00 00 0
1295F2 00 00 0
1295F4 00 00 0
1295F6 00 00 0
1295F8 00 00 0
1295FA 00 00 0
1295FC 00 00 0
1295FE 00 00 0
129600 00 00 0
129602 00 00 0
129604 00 00 0
129606 00 00 0
129608 00 00 0
12960A 00 00 0
12960C 00 00 0
12960E 00 00 0
129610 00 00 0
129612 00 00 0
129614 00 00 0
129616 00 00 0
129618 00 00 0
12961A 00 00 0
12961C 00 00 0
12961E 00 00 0
129620 00 00 0
129622 00 00 0
129624 00 00 0
129626 00 00 0
129628 00 00 0
12962A 00 00 0
12962C 00 00 0
12962E 00 00 0
129630 00 00 0
129632 00 00 0
129634 00 00 0
129636 00 00 0
129638 00 00 0
12963A 00 00 0
12963C 00 00 0
12963E 00 00 0
129640 00 00 0
129642 00 00 0
129644 00 00 0
129646 00 00 0
129648 00 00 0
12964A 00 00 0
12964C 00 00 0
12964E 00 00 0
129650 00 00 0
129652 00 00 0
129654 00 00 0
129656 00 00 0
129658 00 00 0
12965A 00 00 0
12965C 00 00 0
12965E 00 00 0
129660 00 00 0
129662 00 00 0
129664 00 00 0
129666 00 00 0
129668 00 00 0
12966A 00 00 0
12966C 00 00 0
12966E 00 00 0
129670 00 00 0
129672 00 00 0
129674 00 00 0
129676 00 00 0
129678 00 00 0
12967A 00 00 0
12967C 00 00 0
12967E 00 00 0
129680 00 00 0
129682 00 00 0
129684 00 00 0
129686 00 00 0
129688 00 00 0
12968A 00 00 0
12968C 00 00 0
12968E 00 00 0
129690 00 00 0
129692 00 00 0
129694 00 00 0
129696 00 00 0
129698 00 00 0
12969A 00 00 0
12969C 00 00 0
12969E 00 00 0
1296A0 00 00 0
1296A2 00 00 0
1296A4 00 00 0
1296A6 00 00 0
1296A8 00 00 0
1296AA 00 00 0
1296AC 00 00 0
1296AE 00 00 0
1296B0 00 00 0
1296B2 00 00 0
1296B4 00 00 0
1296B6 00 00 0
1296B8 00 00 0
1296BA 00 00 0
1296BC 00 00 0
1296BE 00 00 0
1296C0 00 00 0
1296C2 00 00 0
1296C4 00 00 0
1296C6 00 00 0
1296C8 00 00 0
1296CA 00 00 0
1296CC 00 00 0
1296CE 00 00 0
1296D0 00 00 0
1296D2 00 00 0
1296D4 00 00 0
1296D6 00 00 0
1296D8 00 00 0
1296DA 00 00 0
1296DC 00 00 0
1296DE 00 00 0
1296E0 00 00 0
1296E2 00 00 0
1296E4 00 00 0
1296E6 00 00 0
1296E8 00 00 0
1296EA 00 00 0
1296EC 00 00 0
1296EE 00 00 0
1296F0 00 00 0
1296F2 00 00 0
1296F4 00 00 0
1296F6 00 00 0
1296F8 00 00 0
1296FA 00 00 0
1296FC 00 00 0
1296FE 00 00 0
129700 00 00 0
129702 00 00 0
129704 00 00 0
129706 00 00 0
129708 00 00 0
12970A 00 00 0
12970C 00 00 0
12970E 00 00 0
129710 00 00 0
129712 00 00 0
129714 00 00 0
129716 00 00 0
129718 00 00 0
12971A 00 00 0
12971C 00 00 0
12971E 00 00 0
129720 00 00 0
129722 00 00 0
129724 00 00 0
129726 00 00 0
129728 00 00 0
12972A 00 00 0
12972C 00 00 0
12972E 00 00 0
129730 00 00 0
129732 00 00 0
129734 00 00 0
129736 00 00 0
129738 00 00 0
12973A 00 00 0
12973C 00 00 0
12973E 00 00 0
129740 00 00 0
129742 00 00 0
129744 00 00 0
129746 00 00 0
129748 00 00 0
12974A 00 00 0
12974C 00 00 0
12974E 00 00 0
129750 00 00 0
129752 00 00 0
129754 00 00 0
129756 00 00 0
129758 00 00 0
12975A 00 00 0
12975C 00 00 0
12975E 00 00 0
129760 00 00 0
129762 00 00 0
129764 00 00 0
129766 00 00 0
129768 00 00 0
12976A 00 00 0
12976C 00 00 0
12976E 00 00 0
129770 00 00 0
129772 00 00 0
129774 00 00 0
129776 00 00 0
129778 00 00 0
12977A 00 00 0
12977C 00 00 0
12977E 00 00 0
129780 00 00 0
129782 00 00 0
129784 00 00 0
129786 00 00 0
129788 00 00 0
12978A 00 00 0
12978C 00 00 0
12978E 00 00 0
129790 00 00 0
129792 00 00 0
129794 00 00 0
129796 00 00 0
129798 00 00 0
12979A 00 00 0
12979C 00 00 0
12979E 00 00 0
1297A0 00 00 0
1297A2 00 00 0
1297A4 00 00 0
1297A6 00 00 0
1297A8 00 00 0
1297AA 00 00 0
1297AC 00 00 0
1297AE 00 00 0
1297B0 00 00 0
1297B2 00 00 0
1297B4 00 00 0
1297B6 00 00 0
1297B8 00 00 0
1297BA 00 00 0
1297BC 00 00 0
1297BE 00 00 0
1297C0 00 00 0
1297C2 00 00 0
1297C4 00 00 0
1297C6 00 00 0
1297C8 00 00 0
1297CA 00 00 0
1297CC 00 00 0
1297CE 00 00 0
1297D0 00 00 0
1297D2 00 00 0
1297D4 00 00 0
1297D6 00 00 0
1297D8 00 00 0
1297DA 00 00 0
1297DC 00 00 0
1297DE 00 00 0
1297E0 00 00 0
1297E2 00 00 0
1297E4 00 00 0
1297E6 00 00 0
1297E8 00 00 0
1297EA 00 00 0
1297EC 00 00 0
1297EE 00 00 0
1297F0 00 00 0
1297F2 00 00 0
1297F4 00 00 0
1297F6 00 00 0
1297F8 00 00 0
1297FA 00 00 0
1297FC 00 00 0
1297FE 00 00 0
129800 00 00 0
129802 00 00 0
129804 00 00 0
129806 00 00 0
129808 00 00 0
12980A 00 00 0
12980C 00 00 0
12980E 00 00 0
129810 00 00 0
129812 00 00 0
129814 00 00 0
129816 00 00 0
129818 00 00 0
12981A 00 00 0
12981C 00 00 0
12981E 00 00 0
129820 00 00 0
129822 00 00 0
129824 00 00 0
129826 00 00 0
129828 00 00 0
12982A 00 00 0
12982C 00 00 0
12982E 00 00 0
129830 00 00 0
129832 00 00 0
129834 00 00 0
129836 00 00 0
129838 00 00 0
12983A 00 00 0
12983C 00 00 0
12983E 00 00 0
129840 00 00 0
129842 00 00 0
129844 00 00 0
129846 00 00 0
129848 00 00 0
12984A 00 00 0
12984C 00 00 0
12984E 00 00 0
129850 00 00 0
129852 00 00 0
129854 00 00 0
129856 00 00 0
129858 00 00 0
12985A 00 00 0
12985C 00 00 0
12985E 00 00 0
129860 00 00 0
129862 00 00 0
129864 00 00 0
129866 00 00 0
129868 00 00 0
12986A 00 00 0
12986C 00 00 0
12986E 00 00 0
129870 00 00 0
129872 00 00 0
129874 00 00 0
129876 00 00 0
129878 00 00 0
12987A 00 00 0
12987C 00 00 0
12987E 00 00 0
129880 00 00 0
129882 00 00 0
129884 00 00 0
129886 00 00 0
129888 00 00 0
12988A 00 00 0
12988C 00 00 0
12988E 00 00 0
129890 00 00 0
129892 00 00 0
129894 00 00 0
129896 00 00 0
129898 00 00 0
12989A 00 00 0
12989C 00 00 0
12989E 00 00 0
1298A0 00 00 0
1298A2 00 00 0
1298A4 00 00 0
1298A6 00 00 0
1298A8 00 00 0
1298AA 00 00 0
1298AC 00 00 0
1298AE 00 00 0
1298B0 00 00 0
1298B2 00 00 0
1298B4 00 00 0
1298B6 00 00 0
1298B8 00 00 0
1298BA 00 00 0
1298BC 00 00 0
1298BE 00 00 0
1298C0 00 00 0
1298C2 00 00 0
1298C4 00 00 0
1298C6 00 00 0
1298C8 00 00 0
1298CA 00 00 0
1298CC 00 00 0
1298CE 00 00 0
1298D0 00 00 0
1298D2 00 00 0
1298D4 00 00 0
1298D6 00 00 0
1298D8 00 00 0
1298DA 00 00 0
1298DC 00 00 0
1298DE 00 00 0
1298E0 00 00 0
1298E2 00 00 0
1298E4 00 00 0
1298E6 00 00 0
1298E8 00 00 0
1298EA 00 00 0
1298EC 00 00 0
1298EE 00 00 0
1298F0 00 00 0
1298F2 00 00 0
1298F4 00 00 0
1298F6 00 00 0
1298F8 00 00 0
1298FA 00 00 0
1298FC 00 00 0
1298FE 00 00 0
129900 00 00 0
129902 00 00 0
129904 00 00 0
129906 00 00 0
129908 00 00 0
12990A 00 00 0
12990C 00 00 0
12990E 00 00 0
129910 00 00 0
129912 00 00 0
129914 00 00 0
129916 00 00 0
129918 00 00 0
12991A 00 00 0
12991C 00 00 0
12991E 00 00 0
129920 00 00 0
129922 00 00 0
129924 00 00 0
129926 00 00 0
129928 00 00 0
12992A 00 00 0
12992C 00 00 0
12992E 00 00 0
129930 00 00 0
129932 00 00 0
129934 00 00 0
129936 00 00 0
129938 00 00 0
12993A 00 00 0
12993C 00 00 0
12993E 00 00 0
129940 00 00 0
129942 00 00 0
129944 00 00 0
129946 00 00 0
129948 00 00 0
12994A 00 00 0
12994C 00 00 0
12994E 00 00 0
129950 00 00 0
129952 00 00 0
129954 00 00 0
129956 00 00 0
129958 00 00 0
12995A 00 00 0
12995C 00 00 0
12995E 00 00 0
129960 00 00 0
129962 00 00 0
129964 00 00 0
129966 00 00 0
129968 00 00 0
12996A 00 00 0
12996C 00 00 0
12996E 00 00 0
129970 00 00 0
129972 00 00 0
129974 00 00 0
129976 00 00 0
129978 00 00 0
12997A 00 00 0
12997C 00 00 0
12997E 00 00 0
129980 00 00 0
129982 00 00 0
129984 00 00 0
129986 00 00 0
129988 00 00 0
12998A 00 00 0
12998C 00 00 0
12998E 00 00 0
129990 00 00 0
129992 00 00 0
129994 00 00 0
129996 00 00 0
129998 00 00 0
12999A 00 00 0
12999C 00 00 0
12999E 00 00 0
1299A0 00 00 0
1299A2 00 00 0
1299A4 00 00 0
1299A6 00 00 0
1299A8 00 00 0
1299AA 00 00 0
1299AC 00 00 0
1299AE 00 00 0
1299B0 00 00 0
1299B2 00 00 0
1299B4 00 00 0
1299B6 00 00 0
1299B8 00 00 0
1299BA 00 00 0
1299BC 00 00 0
1299BE 00 00 0
1299C0 00 00 0
1299C2 00 00 0
1299C4 00 00 0
1299C6 00 00 0
1299C8 00 00 0
1299CA 00 00 0
1299CC 00 00 0
1299CE 00 00 0
1299D0 00 00 0
1299D2 00 00 0
1299D4 00 00 0
1299D6 00 00 0
1299D8 00 00 0
1299DA 00 00 0
1299DC 00 00 0
1299DE 00 00 0
1299E0 00 00 0
1299E2 00 00 0
1299E4 00 00 0
1299E6 00 00 0
1299E8 00 00 0
1299EA 00 00 0
1299EC 00 00 0
1299EE 00 00 0
1299F0 00 00 0
1299F2 00 00 0
1299F4 00 00 0
1299F6 00 00 0
1299F8 00 00 0
1299FA 00 00 0
1299FC 00 00 0
1299FE 00 00 0
129A00 00 00 0
129A02 00 00 0
129A04 00 00 0
129A06 00 00 0
129A08 00 00 0
129A0A 00 00 0
129A0C 00 00 0
129A0E 00 00 0
129A10 00 00 0
129A12 00 00 0
129A14 00 00 0
129A16 00 00 0
129A18 00 00 0
129A1A 00 00 0
129A1C 00 00 0
129A1E 00 00 0
129A20 00 00 0
129A22 00 00 0
129A24 00 00 0
129A26 00 00 0
129A28 00 00 0
129A2A 00 00 0
129A2C 00 00 0
129A2E 00 00 0
129A30 00 00 0
129A32 00 00 0
129A34 00 00 0
129A36 00 00 0
129A38 00 00 0
129A3A 00 00 0
129A3C 00 00 0
129A3E 00 00 0
129A40 00 00 0
129A42 00 00 0
129A44 00 00 0
129A46 00 00 0
129A48 00 00 0
129A4A 00 00 0
129A4C 00 00 0
129A4E 00 00 0
129A50 00 00 0
129A52 00 00 0
129A54 00 00 0
129A56 00 00 0
129A58 00 00 0
129A5A 00 00 0
129A5C 00 00 0
129A5E 00 00 0
129A60 00 00 0
129A62 00 00 0
129A64 00 00 0
129A66 00 00 0
129A68 00 00 0
129A6A 00 00 0
129A6C 00 00 0
129A6E 00 00 0
129A70 00 00 0
129A72 00 00 0
129A74 00 00 0
129A76 00 00 0
129A78 00 00 0
129A7A 00 00 0
129A7C 00 00 0
129A7E 00 00 0
129A80 00 00 0
129A82 00 00 0
129A84 00 00 0
129A86 00 00 0
129A88 00 00 0
129A8A 00 00 0
129A8C 00 00 0
129A8E 00 00 0
129A90 00 00 0
129A92 00 00 0
129A94 00 00 0
129A96 00 00 0
129A98 00 00 0
129A9A 00 00 0
129A9C 00 00 0
129A9E 00 00 0
129AA0 00 00 0
129AA2 00 00 0
129AA4 00 00 0
129AA6 00 00 0
129AA8 00 00 0
129AAA 00 00 0
129AAC 00 00 0
129AAE 00 00 0
129AB0 00 00 0
129AB2 00 00 0
129AB4 00 00 0
129AB6 00 00 0
129AB8 00 00 0
129ABA 00 00 0
129ABC 00 00 0
129ABE 00 00 0
129AC0 00 00 0
129AC2 00 00 0
129AC4 00 00 0
129AC6 00 00 0
129AC8 00 00 0
129ACA 00 00 0
129ACC 00 00 0
129ACE 00 00 0
129AD0 00 00 0
129AD2 00 00 0
129AD4 00 00 0
129AD6 00 00 0
129AD8 00 00 0
129ADA 00 00 0
129ADC 00 00 0
129ADE 00 00 0
129AE0 00 00 0
129AE2 00 00 0
129AE4 00 00 0
129AE6 00 00 0
129AE8 00 00 0
129AEA 00 00 0
129AEC 00 00 0
129AEE 00 00 0
129AF0 00 00 0
129AF2 00 00 0
129AF4 00 00 0
129AF6 00 00 0
129AF8 00 00 0
129AFA 00 00 0
129AFC 00 00 0
129AFE 00 00 0
129B00 00 00 0
129B02 00 00 0
129B04 00 00 0
129B06 00 00 0
129B08 00 00 0
129B0A 00 00 0
129B0C 00 00 0
129B0E 00 00 0
129B10 00 00 0
129B12 00 00 0
129B14 00 00 0
129B16 00 00 0
129B18 00 00 0
129B1A 00 00 0
129B1C 00 00 0
129B1E 00 00 0
129B20 00 00 0
129B22 00 00 0
129B24 00 00 0
129B26 00 00 0
129B28 00 00 0
129B2A 00 00 0
129B2C 00 00 0
129B2E 00 00 0
129B30 00 00 0
129B32 00 00 0
129B34 00 00 0
129B36 00 00 0
129B38 00 00 0
129B3A 00 00 0
129B3C 00 00 0
129B3E 00 00 0
129B40 00 00 0
129B42 00 00 0
129B44 00 00 0
129B46 00 00 0
129B48 00 00 0
129B4A 00 00 0
129B4C 00 00 0
129B4E 00 00 0
129B50 00 00 0
129B52 00 00 0
129B54 00 00 0
129B56 00 00 0
129B58 00 00 0
129B5A 00 00 0
129B5C 00 00 0
129B5E 00 00 0
129B60 00 00 0
129B62 00 00 0
129B64 00 00 0
129B66 00 00 0
129B68 00 00 0
129B6A 00 00 0
129B6C 00 00 0
129B6E 00 00 0
129B70 00 00 0
129B72 00 00 0
129B74 00 00 0
129B76 00 00 0
129B78 00 00 0
129B7A 00 00 0
129B7C 00 00 0
129B7E 00 00 0
129B80 00 00 0
129B82 00 00 0
129B84 00 00 0
129B86 00 00 0
129B88 00 00 0
129B8A 00 00 0
129B8C 00 00 0
129B8E 00 00 0
129B90 00 00 0
129B92 00 00 0
129B94 00 00 0
129B96 00 00 0
129B98 00 00 0
129B9A 00 00 0
129B9C 00 00 0
129B9E 00 00 0
129BA0 00 00 0
129BA2 00 00 0
129BA4 00 00 0
129BA6 00 00 0
129BA8 00 00 0
129BAA 00 00 0
129BAC 00 00 0
129BAE 00 00 0
129BB0 00 00 0
129BB2 00 00 0
129BB4 00 00 0
129BB6 00 00 0
129BB8 00 00 0
129BBA 00 00 0
129BBC 00 00 0
129BBE 00 00 0
129BC0 00 00 0
129BC2 00 00 0
129BC4 00 00 0
129BC6 00 00 0
129BC8 00 00 0
129BCA 00 00 0
129BCC 00 00 0
129BCE 00 00 0
129BD0 00 00 0
129BD2 00 00 0
129BD4 00 00 0
129BD6 00 00 0
129BD8 00 00 0
129BDA 00 00 0
129BDC 00 00 0
129BDE 00 00 0
129BE0 00 00 0
129BE2 00 00 0
129BE4 00 00 0
129BE6 00 00 0
129BE8 00 00 0
129BEA 00 00 0
129BEC 00 00 0
129BEE 00 00 0
129BF0 00 00 0
129BF2 00 00 0
129BF4 00 00 0
129BF6 00 00 0
129BF8 00 00 0
129BFA 00 00 0
129BFC 00 00 0
129BFE 00 00 0
129C00 00 00 0
129C02 00 00 0
129C04 00 00 0
129C06 00 00 0
129C08 00 00 0
129C0A 00 00 0
129C0C 00 00 0
129C0E 00 00 0
129C10 00 00 0
129C12 00 00 0
129C14 00 00 0
129C16 00 00 0
129C18 00 00 0
129C1A 00 00 0
129C1C 00 00 0
129C1E 00 00 0
129C20 00 00 0
129C22 00 00 0
129C24 00 00 0
129C26 00 00 0
129C28 00 00 0
129C2A 00 00 0
129C2C 00 00 0
129C2E 00 00 0
129C30 00 00 0
129C32 00 00 0
129C34 00 00 0
129C36 00 00 0
129C38 00 00 0
129C3A 00 00 0
129C3C 00 00 0
129C3E 00 00 0
129C40 00 00 0
129C42 00 00 0
129C44 00 00 0
129C46 00 00 0
129C48 00 00 0
129C4A 00 00 0
129C4C 00 00 0
129C4E 00 00 0
129C50 00 00 0
129C52 00 00 0
129C54 00 00 0
129C56 00 00 0
129C58 00 00 0
129C5A 00 00 0
129C5C 00 00 0
129C5E 00 00 0
129C60 00 00 0
129C62 00 00 0
129C64 00 00 0
129C66 00 00 0
129C68 00 00 0
129C6A 00 00 0
129C6C 00 00 0
129C6E 00 00 0
129C70 00 00 0
129C72 00 00 0
129C74 00 00 0
129C76 00 00 0
129C78 00 00 0
129C7A 00 00 0
129C7C 00 00 0
129C7E 00 00 0
129C80 00 00 0
129C82 00 00 0
129C84 00 00 0
129C86 00 00 0
129C88 00 00 0
129C8A 00 00 0
129C8C 00 00 0
129C8E 00 00 0
129C90 00 00 0
129C92 00 00 0
129C94 00 00 0
129C96 00 00 0
129C98 00 00 0
129C9A 00 00 0
129C9C 00 00 0
129C9E 00 00 0
129CA0 00 00 0
129CA2 00 00 0
129CA4 00 00 0
129CA6 00 00 0
129CA8 00 00 0
129CAA 00 00 0
129CAC 00 00 0
129CAE 00 00 0
129CB0 00 00 0
129CB2 00 00 0
129CB4 00 00 0
129CB6 00 00 0
129CB8 00 00 0
129CBA 00 00 0
129CBC 00 00 0
129CBE 00 00 0
129CC0 00 00 0
129CC2 00 00 0
129CC4 00 00 0
129CC6 00 00 0
129CC8 00 00 0
129CCA 00 00 0
129CCC 00 00 0
129CCE 00 00 0
129CD0 00 00 0
129CD2 00 00 0
129CD4 00 00 0
129CD6 00 00 0
129CD8 00 00 0
129CDA 00 00 0
129CDC 00 00 0
129CDE 00 00 0
129CE0 00 00 0
129CE2 00 00 0
129CE4 00 00 0
129CE6 00 00 0
129CE8 00 00 0
129CEA 00 00 0
129CEC 00 00 0
129CEE 00 00 0
129CF0 00 00 0
129CF2 00 00 0
129CF4 00 00 0
129CF6 00 00 0
129CF8 00 00 0
129CFA 00 00 0
129CFC 00 00 0
129CFE 00 00 0
129D00 00 00 0
129D02 00 00 0
129D04 00 00 0
129D06 00 00 0
129D08 00 00 0
129D0A 00 00 0
129D0C 00 00 0
129D0E 00 00 0
129D10 00 00 0
129D12 00 00 0
129D14 00 00 0
129D16 00 00 0
129D18 00 00 0
129D1A 00 00 0
129D1C 00 00 0
129D1E 00 00 0
129D20 00 00 0
129D22 00 00 0
129D24 00 00 0
129D26 00 00 0
129D28 00 00 0
129D2A 00 00 0
129D2C 00 00 0
129D2E 00 00 0
129D30 00 00 0
129D32 00 00 0
129D34 00 00 0
129D36 00 00 0
129D38 00 00 0
129D3A 00 00 0
129D3C 00 00 0
129D3E 00 00 0
129D40 00 00 0
129D42 00 00 0
129D44 00 00 0
129D46 00 00 0
129D48 00 00 0
129D4A 00 00 0
129D4C 00 00 0
129D4E 00 00 0
129D50 00 00 0
129D52 00 00 0
129D54 00 00 0
129D56 00 00 0
129D58 00 00 0
129D5A 00 00 0
129D5C 00 00 0
129D5E 00 00 0
129D60 00 00 0
129D62 00 00 0
129D64 00 00 0
129D66 00 00 0
129D68 00 00 0
129D6A 00 00 0
129D6C 00 00 0
129D6E 00 00 0
129D70 00 00 0
129D72 00 00 0
129D74 00 00 0
129D76 00 00 0
129D78 00 00 0
129D7A 00 00 0
129D7C 00 00 0
129D7E 00 00 0
129D80 00 00 0
129D82 00 00 0
129D84 00 00 0
129D86 00 00 0
129D88 00 00 0
129D8A 00 00 0
129D8C 00 00 0
129D8E 00 00 0
129D90 00 00 0
129D92 00 00 0
129D94 00 00 0
129D96 00 00 0
129D98 00 00 0
129D9A 00 00 0
129D9C 00 00 0
129D9E 00 00 0
129DA0 00 00 0
129DA2 00 00 0
129DA4 00 00 0
129DA6 00 00 0
129DA8 00 00 0
129DAA 00 00 0
129DAC 00 00 0
129DAE 00 00 0
129DB0 00 00 0
129DB2 00 00 0
129DB4 00 00 0
129DB6 00 00 0
129DB8 00 00 0
129DBA 00 00 0
129DBC 00 00 0
129DBE 00 00 0
129DC0 00 00 0
129DC2 00 00 0
129DC4 00 00 0
129DC6 00 00 0
129DC8 00 00 0
129DCA 00 00 0
129DCC 00 00 0
129DCE 00 00 0
129DD0 00 00 0
129DD2 00 00 0
129DD4 00 00 0
129DD6 00 00 0
129DD8 00 00 0
129DDA 00 00 0
129DDC 00 00 0
129DDE 00 00 0
129DE0 00 00 0
129DE2 00 00 0
129DE4 00 00 0
129DE6 00 00 0
129DE8 00 00 0
129DEA 00 00 0
129DEC 00 00 0
129DEE 00 00 0
129DF0 00 00 0
129DF2 00 00 0
129DF4 00 00 0
129DF6 00 00 0
129DF8 00 00 0
129DFA 00 00 0
129DFC 00 00 0
129DFE 00 00 0
129E00 00 00 0
129E02 00 00 0
129E04 00 00 0
129E06 00 00 0
129E08 00 00 0
129E0A 00 00 0
129E0C 00 00 0
129E0E 00 00 0
129E10 00 00 0
129E12 00 00 0
129E14 00 00 0
129E16 00 00 0
129E18 00 00 0
129E1A 00 00 0
129E1C 00 00 0
129E1E 00 00 0
129E20 00 00 0
129E22 00 00 0
129E24 00 00 0
129E26 00 00 0
129E28 00 00 0
129E2A 00 00 0
129E2C 00 00 0
129E2E 00 00 0
129E30 00 00 0
129E32 00 00 0
129E34 00 00 0
129E36 00 00 0
129E38 00 00 0
129E3A 00 00 0
129E3C 00 00 0
129E3E 00 00 0
129E40 00 00 0
129E42 00 00 0
129E44 00 00 0
129E46 00 00 0
129E48 00 00 0
129E4A 00 00 0
129E4C 00 00 0
129E4E 00 00 0
129E50 00 00 0
129E52 00 00 0
129E54 00 00 0
129E56 00 00 0
129E58 00 00 0
129E5A 00 00 0
129E5C 00 00 0
129E5E 00 00 0
129E60 00 00 0
129E62 00 00 0
129E64 00 00 0
129E66 00 00 0
129E68 00 00 0
129E6A 00 00 0
129E6C 00 00 0
129E6E 00 00 0
129E70 00 00 0
129E72 00 00 0
129E74 00 00 0
129E76 00 00 0
129E78 00 00 0
129E7A 00 00 0
129E7C 00 00 0
129E7E 00 00 0
129E80 00 00 0
129E82 00 00 0
129E84 00 00 0
129E86 00 00 0
129E88 00 00 0
129E8A 00 00 0
129E8C 00 00 0
129E8E 00 00 0
129E90 00 00 0
129E92 00 00 0
129E94 00 00 0
129E96 00 00 0
129E98 00 00 0
129E9A 00 00 0
129E9C 00 00 0
129E9E 00 00 0
129EA0 00 00 0
129EA2 00 00 0
129EA4 00 00 0
129EA6 00 00 0
129EA8 00 00 0
129EAA 00 00 0
129EAC 00 00 0
129EAE 00 00 0
129EB0 00 00 0
129EB2 00 00 0
129EB4 00 00 0
129EB6 00 00 0
129EB8 00 00 0
129EBA 00 00 0
129EBC 00 00 0
129EBE 00 00 0
129EC0 00 00 0
129EC2 00 00 0
129EC4 00 00 0
129EC6 00 00 0
129EC8 00 00 0
129ECA 00 00 0
129ECC 00 00 0
129ECE 00 00 0
129ED0 00 00 0
129ED2 00 00 0
129ED4 00 00 0
129ED6 00 00 0
129ED8 00 00 0
129EDA 00 00 0
129EDC 00 00 0
129EDE 00 00 0
129EE0 00 00 0
129EE2 00 00 0
129EE4 00 00 0
129EE6 00 00 0
129EE8 00 00 0
129EEA 00 00 0
129EEC 00 00 0
129EEE 00 00 0
129EF0 00 00 0
129EF2 00 00 0
129EF4 00 00 0
129EF6 00 00 0
129EF8 00 00 0
129EFA 00 00 0
129EFC 00 00 0
129EFE 00 00 0
129F00 00 00 0
129F02 00 00 0
129F04 00 00 0
129F06 00 00 0
129F08 00 00 0
129F0A 00 00 0
129F0C 00 00 0
129F0E 00 00 0
129F10 00 00 0
129F12 00 00 0
129F14 00 00 0
129F16 00 00 0
129F18 00 00 0
129F1A 00 00 0
129F1C 00 00 0
129F1E 00 00 0
129F20 00 00 0
129F22 00 00 0
129F24 00 00 0
129F26 00 00 0
129F28 00 00 0
129F2A 00 00 0
129F2C 00 00 0
129F2E 00 00 0
129F30 00 00 0
129F32 00 00 0
129F34 00 00 0
129F36 00 00 0
129F38 00 00 0
129F3A 00 00 0
129F3C 00 00 0
129F3E 00 00 0
129F40 00 00 0
129F42 00 00 0
129F44 00 00 0
129F46 00 00 0
129F48 00 00 0
129F4A 00 00 0
129F4C 00 00 0
129F4E 00 00 0
129F50 00 00 0
129F52 00 00 0
129F54 00 00 0
129F56 00 00 0
129F58 00 00 0
129F5A 00 00 0
129F5C 00 00 0
129F5E 00 00 0
129F60 00 00 0
129F62 00 00 0
129F64 00 00 0
129F66 00 00 0
129F68 00 00 0
129F6A 00 00 0
129F6C 00 00 0
129F6E 00 00 0
129F70 00 00 0
129F72 00 00 0
129F74 00 00 0
129F76 00 00 0
129F78 00 00 0
129F7A 00 00 0
129F7C 00 00 0
129F7E 00 00 0
129F80 00 00 0
129F82 00 00 0
129F84 00 00 0
129F86 00 00 0
129F88 00 00 0
129F8A 00 00 0
129F8C 00 00 0
129F8E 00 00 0
129F90 00 00 0
129F92 00 00 0
129F94 00 00 0
129F96 00 00 0
129F98 00 00 0
129F9A 00 00 0
129F9C 00 00 0
129F9E 00 00 0
129FA0 00 00 0
129FA2 00 00 0
129FA4 00 00 0
129FA6 00 00 0
129FA8 00 00 0
129FAA 00 00 0
129FAC 00 00 0
129FAE 00 00 0
129FB0 00 00 0
129FB2 00 00 0
129FB4 00 00 0
129FB6 00 00 0
129FB8 00 00 0
129FBA 00 00 0
129FBC 00 00 0
129FBE 00 00 0
129FC0 00 00 0
129FC2 00 00 0
129FC4 00 00 0
129FC6 00 00 0
129FC8 00 00 0
129FCA 00 00 0
129FCC 00 00 0
129FCE 00 00 0
129FD0 00 00 0
129FD2 00 00 0
129FD4 00 00 0
129FD6 00 00 0
129FD8 00 00 0
129FDA 00 00 0
129FDC 00 00 0
129FDE 00 00 0
129FE0 00 00 0
129FE2 00 00 0
129FE4 00 00 0
129FE6 00 00 0
129FE8 00 00 0
129FEA 00 00 0
129FEC 00 00 0
129FEE 00 00 0
129FF0 00 00 0
129FF2 00 00 0
129FF4 00 00 0
129FF6 00 00 0
129FF8 00 00 0
129FFA 00 00 0
129FFC 00 00 0
129FFE 00 00 0
12A000 00 00 0
12A002 00 00 0
12A004 00 00 0
12A006 00 00 0
12A008 00 00 0
12A00A 00 00 0
12A00C 00 00 0
12A00E 00 00 0
12A010 00 00 0
12A012 00 00 0
12A014 00 00 0
12A016 00 00 0
12A018 00 00 0
12A01A 00 00 0
12A01C 00 00 0
12A01E 00 00 0
12A020 00 00 0
12A022 00 00 0
12A024 00 00 0
12A026 00 00 0
12A028 00 00 0
12A02A 00 00 0
12A02C 00 00 0
12A02E 00 00 0
12A030 00 00 0
12A032 00 00 0
12A034 00 00 0
12A036 00 00 0
12A038 00 00 0
12A03A 00 00 0
12A03C 00 00 0
12A03E 00 00 0
12A040 00 00 0
12A042 00 00 0
12A044 00 00 0
12A046 00 00 0
12A048 00 00 0
12A04A 00 00 0
12A04C 00 00 0
12A04E 00 00 0
12A050 00 00 0
12A052 00 00 0
12A054 00 00 0
12A056 00 00 0
12A058 00 00 0
12A05A 00 00 0
12A05C 00 00 0
12A05E 00 00 0
12A060 00 00 0
12A062 00 00 0
12A064 00 00 0
12A066 00 00 0
12A068 00 00 0
12A06A 00 00 0
12A06C 00 00 0
12A06E 00 00 0
12A070 00 00 0
12A072 00 00 0
12A074 00 00 0
12A076 00 00 0
12A078 00 00 0
12A07A 00 00 0
12A07C 00 00 0
12A07E 00 00 0
12A080 00 00 0
12A082 00 00 0
12A084 00 00 0
12A086 00 00 0
12A088 00 00 0
12A08A 00 00 0
12A08C 00 00 0
12A08E 00 00 0
12A090 00 00 0
12A092 00 00 0
12A094 00 00 0
12A096 00 00 0
12A098 00 00 0
12A09A 00 00 0
12A09C 00 00 0
12A09E 00 00 0
12A0A0 00 00 0
12A0A2 00 00 0
12A0A4 00 00 0
12A0A6 00 00 0
12A0A8 00 00 0
12A0AA 00 00 0
12A0AC 00 00 0
12A0AE 00 00 0
12A0B0 00 00 0
12A0B2 00 00 0
12A0B4 00 00 0
12A0B6 00 00 0
12A0B8 00 00 0
12A0BA 00 00 0
12A0BC 00 00 0
12A0BE 00 00 0
12A0C0 00 00 0
12A0C2 00 00 0
12A0C4 00 00 0
12A0C6 00 00 0
12A0C8 00 00 0
12A0CA 00 00 0
12A0CC 00 00 0
12A0CE 00 00 0
12A0D0 00 00 0
12A0D2 00 00 0
12A0D4 00 00 0
12A0D6 00 00 0
12A0D8 00 00 0
12A0DA 00 00 0
12A0DC 00 00 0
12A0DE 00 00 0
12A0E0 00 00 0
12A0E2 00 00 0
12A0E4 00 00 0
12A0E6 00 00 0
12A0E8 00 00 0
12A0EA 00 00 0
12A0EC 00 00 0
12A0EE 00 00 0
12A0F0 00 00 0
12A0F2 00 00 0
12A0F4 00 00 0
12A0F6 00 00 0
12A0F8 00 00 0
12A0FA 00 00 0
12A0FC 00 00 0
12A0FE 00 00 0
12A100 00 00 0
12A102 00 00 0
12A104 00 00 0
12A106 00 00 0
12A108 00 00 0
12A10A 00 00 0
12A10C 00 00 0
12A10E 00 00 0
12A110 00 00 0
12A112 00 00 0
12A114 00 00 0
12A116 00 00 0
12A118 00 00 0
12A11A 00 00 0
12A11C 00 00 0
12A11E 00 00 0
12A120 00 00 0
12A122 00 00 0
12A124 00 00 0
12A126 00 00 0
12A128 00 00 0
12A12A 00 00 0
12A12C 00 00 0
12A12E 00 00 0
12A130 00 00 0
12A132 00 00 0
12A134 00 00 0
12A136 00 00 0
12A138 00 00 0
12A13A 00 00 0
12A13C 00 00 0
12A13E 00 00 0
12A140 00 00 0
12A142 00 00 0
12A144 00 00 0
12A146 00 00 0
12A148 00 00 0
12A14A 00 00 0
12A14C 00 00 0
12A14E 00 00 0
12A150 00 00 0
12A152 00 00 0
12A154 00 00 0
12A156 00 00 0
12A158 00 00 0
12A15A 00 00 0
12A15C 00 00 0
12A15E 00 00 0
12A160 00 00 0
12A162 00 00 0
12A164 00 00 0
12A166 00 00 0
12A168 00 00 0
12A16A 00 00 0
12A16C 00 00 0
12A16E 00 00 0
12A170 00 00 0
12A172 00 00 0
12A174 00 00 0
12A176 00 00 0
12A178 00 00 0
12A17A 00 00 0
12A17C 00 00 0
12A17E 00 00 0
12A180 00 00 0
12A182 00 00 0
12A184 00 00 0
12A186 00 00 0
12A188 00 00 0
12A18A 00 00 0
12A18C 00 00 0
12A18E 00 00 0
12A190 00 00 0
12A192 00 00 0
12A194 00 00 0
12A196 00 00 0
12A198 00 00 0
12A19A 00 00 0
12A19C 00 00 0
12A19E 00 00 0
12A1A0 00 00 0
12A1A2 00 00 0
12A1A4 00 00 0
12A1A6 00 00 0
12A1A8 00 00 0
12A1AA 00 00 0
12A1AC 00 00 0
12A1AE 00 00 0
12A1B0 00 00 0
12A1B2 00 00 0
12A1B4 00 00 0
12A1B6 00 00 0
12A1B8 00 00 0
12A1BA 00 00 0
12A1BC 00 00 0
12A1BE 00 00 0
12A1C0 00 00 0
12A1C2 00 00 0
12A1C4 00 00 0
12A1C6 00 00 0
12A1C8 00 00 0
12A1CA 00 00 0
12A1CC 00 00 0
12A1CE 00 00 0
12A1D0 00 00 0
12A1D2 00 00 0
12A1D4 00 00 0
12A1D6 00 00 0
12A1D8 00 00 0
12A1DA 00 00 0
12A1DC 00 00 0
12A1DE 00 00 0
12A1E0 00 00 0
12A1E2 00 00 0
12A1E4 00 00 0
12A1E6 00 00 0
12A1E8 00 00 0
12A1EA 00 00 0
12A1EC 00 00 0
12A1EE 00 00 0
12A1F0 00 00 0
12A1F2 00 00 0
12A1F4 00 00 0
12A1F6 00 00 0
12A1F8 00 00 0
12A1FA 00 00 0
12A1FC 00 00 0
12A1FE 00 00 0
12A200 00 00 0
12A202 00 00 0
12A204 00 00 0
12A206 00 00 0
12A208 00 00 0
12A20A 00 00 0
12A20C 00 00 0
12A20E 00 00 0
12A210 00 00 0
12A212 00 00 0
12A214 00 00 0
12A216 00 00 0
12A218 00 00 0
12A21A 00 00 0
12A21C 00 00 0
12A21E 00 00 0
12A220 00 00 0
12A222 00 00 0
12A224 00 00 0
12A226 00 00 0
12A228 00 00 0
12A22A 00 00 0
12A22C 00 00 0
12A22E 00 00 0
12A230 00 00 0
12A232 00 00 0
12A234 00 00 0
12A236 00 00 0
12A238 00 00 0
12A23A 00 00 0
12A23C 00 00 0
12A23E 00 00 0
12A240 00 00 0
12A242 00 00 0
12A244 00 00 0
12A246 00 00 0
12A248 00 00 0
12A24A 00 00 0
12A24C 00 00 0
12A24E 00 00 0
12A250 00 00 0
12A252 00 00 0
12A254 00 00 0
12A256 00 00 0
12A258 00 00 0
12A25A 00 00 0
12A25C 00 00 0
12A25E 00 00 0
12A260 00 00 0
12A262 00 00 0
12A264 00 00 0
12A266 00 00 0
12A268 00 00 0
12A26A 00 00 0
12A26C 00 00 0
12A26E 00 00 0
12A270 00 00 0
12A272 00 00 0
12A274 00 00 0
12A276 00 00 0
12A278 00 00 0
12A27A 00 00 0
12A27C 00 00 0
12A27E 00 00 0
12A280 00 00 0
12A282 00 00 0
12A284 00 00 0
12A286 00 00 0
12A288 00 00 0
12A28A 00 00 0
12A28C 00 00 0
12A28E 00 00 0
12A290 00 00 0
12A292 00 00 0
12A294 00 00 0
12A296 00 00 0
12A298 00 00 0
12A29A 00 00 0
12A29C 00 00 0
12A29E 00 00 0
12A2A0 00 00 0
12A2A2 00 00 0
12A2A4 00 00 0
12A2A6 00 00 0
12A2A8 00 00 0
12A2AA 00 00 0
12A2AC 00 00 0
12A2AE 00 00 0
12A2B0 00 00 0
12A2B2 00 00 0
12A2B4 00 00 0
12A2B6 00 00 0
12A2B8 00 00 0
12A2BA 00 00 0
12A2BC 00 00 0
12A2BE 00 00 0
12A2C0 00 00 0
12A2C2 00 00 0
12A2C4 00 00 0
12A2C6 00 00 0
12A2C8 00 00 0
12A2CA 00 00 0
12A2CC 00 00 0
12A2CE 00 00 0
12A2D0 00 00 0
12A2D2 00 00 0
12A2D4 00 00 0
12A2D6 00 00 0
12A2D8 00 00 0
12A2DA 00 00 0
12A2DC 00 00 0
12A2DE 00 00 0
12A2E0 00 00 0
12A2E2 00 00 0
12A2E4 00 00 0
12A2E6 00 00 0
12A2E8 00 00 0
12A2EA 00 00 0
12A2EC 00 00 0
12A2EE 00 00 0
12A2F0 00 00 0
12A2F2 00 00 0
12A2F4 00 00 0
12A2F6 00 00 0
12A2F8 00 00 0
12A2FA 00 00 0
12A2FC 00 00 0
12A2FE 00 00 0
12A300 00 00 0
12A302 00 00 0
12A304 00 00 0
12A306 00 00 0
12A308 00 00 0
12A30A 00 00 0
12A30C 00 00 0
12A30E 00 00 0
12A310 00 00 0
12A312 00 00 0
12A314 00 00 0
12A316 00 00 0
12A318 00 00 0
12A31A 00 00 0
12A31C 00 00 0
12A31E 00 00 0
12A320 00 00 0
12A322 00 00 0
12A324 00 00 0
12A326 00 00 0
12A328 00 00 0
12A32A 00 00 0
12A32C 00 00 0
12A32E 00 00 0
12A330 00 00 0
12A332 00 00 0
12A334 00 00 0
12A336 00 00 0
12A338 00 00 0
12A33A 00 00 0
12A33C 00 00 0
12A33E 00 00 0
12A340 00 00 0
12A342 00 00 0
12A344 00 00 0
12A346 00 00 0
12A348 00 00 0
12A34A 00 00 0
12A34C 00 00 0
12A34E 00 00 0
12A350 00 00 0
12A352 00 00 0
12A354 00 00 0
12A356 00 00 0
12A358 00 00 0
12A35A 00 00 0
12A35C 00 00 0
12A35E 00 00 0
12A360 00 00 0
12A362 00 00 0
12A364 00 00 0
12A366 00 00 0
12A368 00 00 0
12A36A 00 00 0
12A36C 00 00 0
12A36E 00 00 0
12A370 00 00 0
12A372 00 00 0
12A374 00 00 0
12A376 00 00 0
12A378 00 00 0
12A37A 00 00 0
12A37C 00 00 0
12A37E 00 00 0
12A380 00 00 0
12A382 00 00 0
12A384 00 00 0
12A386 00 00 0
12A388 00 00 0
12A38A 00 00 0
12A38C 00 00 0
12A38E 00 00 0
12A390 00 00 0
12A392 00 00 0
12A394 00 00 0
12A396 00 00 0
12A398 00 00 0
12A39A 00 00 0
12A39C 00 00 0
12A39E 00 00 0
12A3A0 00 00 0
12A3A2 00 00 0
12A3A4 00 00 0
12A3A6 00 00 0
12A3A8 00 00 0
12A3AA 00 00 0
12A3AC 00 00 0
12A3AE 00 00 0
12A3B0 00 00 0
12A3B2 00 00 0
12A3B4 00 00 0
12A3B6 00 00 0
12A3B8 00 00 0
12A3BA 00 00 0
12A3BC 00 00 0
12A3BE 00 00 0
12A3C0 00 00 0
12A3C2 00 00 0
12A3C4 00 00 0
12A3C6 00 00 0
12A3C8 00 00 0
12A3CA 00 00 0
12A3CC 00 00 0
12A3CE 00 00 0
12A3D0 00 00 0
12A3D2 00 00 0
12A3D4 00 00 0
12A3D6 00 00 0
12A3D8 00 00 0
12A3DA 00 00 0
12A3DC 00 00 0
12A3DE 00 00 0
12A3E0 00 00 0
12A3E2 00 00 0
12A3E4 00 00 0
12A3E6 00 00 0
12A3E8 00 00 0
12A3EA 00 00 0
12A3EC 00 00 0
12A3EE 00 00 0
12A3F0 00 00 0
12A3F2 00 00 0
12A3F4 00 00 0
12A3F6 00 00 0
12A3F8 00 00 0
12A3FA 00 00 0
12A3FC 00 00 0
12A3FE 00 00 0
12A400 00 00 0
12A402 00 00 0
12A404 00 00 0
12A406 00 00 0
12A408 00 00 0
12A40A 00 00 0
12A40C 00 00 0
12A40E 00 00 0
12A410 00 00 0
12A412 00 00 0
12A414 00 00 0
12A416 00 00 0
12A418 00 00 0
12A41A 00 00 0
12A41C 00 00 0
12A41E 00 00 0
12A420 00 00 0
12A422 00 00 0
12A424 00 00 0
12A426 00 00 0
12A428 00 00 0
12A42A 00 00 0
12A42C 00 00 0
12A42E 00 00 0
12A430 00 00 0
12A432 00 00 0
12A434 00 00 0
12A436 00 00 0
12A438 00 00 0
12A43A 00 00 0
12A43C 00 00 0
12A43E 00 00 0
12A440 00 00 0
12A442 00 00 0
12A444 00 00 0
12A446 00 00 0
12A448 00 00 0
12A44A 00 00 0
12A44C 00 00 0
12A44E 00 00 0
12A450 00 00 0
12A452 00 00 0
12A454 00 00 0
12A456 00 00 0
12A458 00 00 0
12A45A 00 00 0
12A45C 00 00 0
12A45E 00 00 0
12A460 00 00 0
12A462 00 00 0
12A464 00 00 0
12A466 00 00 0
12A468 00 00 0
12A46A 00 00 0
12A46C 00 00 0
12A46E 00 00 0
12A470 00 00 0
12A472 00 00 0
12A474 00 00 0
12A476 00 00 0
12A478 00 00 0
12A47A 00 00 0
12A47C 00 00 0
12A47E 00 00 0
12A480 00 00 0
12A482 00 00 0
12A484 00 00 0
12A486 00 00 0
12A488 00 00 0
12A48A 00 00 0
12A48C 00 00 0
12A48E 00 00 0
12A490 00 00 0
12A492 00 00 0
12A494 00 00 0
12A496 00 00 0
12A498 00 00 0
12A49A 00 00 0
12A49C 00 00 0
12A49E 00 00 0
12A4A0 00 00 0
12A4A2 00 00 0
12A4A4 00 00 0
12A4A6 00 00 0
12A4A8 00 00 0
12A4AA 00 00 0
12A4AC 00 00 0
12A4AE 00 00 0
12A4B0 00 00 0
12A4B2 00 00 0
12A4B4 00 00 0
12A4B6 00 00 0
12A4B8 00 00 0
12A4BA 00 00 0
12A4BC 00 00 0
12A4BE 00 00 0
12A4C0 00 00 0
12A4C2 00 00 0
12A4C4 00 00 0
12A4C6 00 00 0
12A4C8 00 00 0
12A4CA 00 00 0
12A4CC 00 00 0
12A4CE 00 00 0
12A4D0 00 00 0
12A4D2 00 00 0
12A4D4 00 00 0
12A4D6 00 00 0
12A4D8 00 00 0
12A4DA 00 00 0
12A4DC 00 00 0
12A4DE 00 00 0
12A4E0 00 00 0
12A4E2 00 00 0
12A4E4 00 00 0
12A4E6 00 00 0
12A4E8 00 00 0
12A4EA 00 00 0
12A4EC 00 00 0
12A4EE 00 00 0
12A4F0 00 00 0
12A4F2 00 00 0
12A4F4 00 00 0
12A4F6 00 00 0
12A4F8 00 00 0
12A4FA 00 00 0
12A4FC 00 00 0
12A4FE 00 00 0
12A500 00 00 0
12A502 00 00 0
12A504 00 00 0
12A506 00 00 0
12A508 00 00 0
12A50A 00 00 0
12A50C 00 00 0
12A50E 00 00 0
12A510 00 00 0
12A512 00 00 0
12A514 00 00 0
12A516 00 00 0
12A518 00 00 0
12A51A 00 00 0
12A51C 00 00 0
12A51E 00 00 0
12A520 00 00 0
12A522 00 00 0
12A524 00 00 0
12A526 00 00 0
12A528 00 00 0
12A52A 00 00 0
12A52C 00 00 0
12A52E 00 00 0
12A530 00 00 0
12A532 00 00 0
12A534 00 00 0
12A536 00 00 0
12A538 00 00 0
12A53A 00 00 0
12A53C 00 00 0
12A53E 00 00 0
12A540 00 00 0
12A542 00 00 0
12A544 00 00 0
12A546 00 00 0
12A548 00 00 0
12A54A 00 00 0
12A54C 00 00 0
12A54E 00 00 0
12A550 00 00 0
12A552 00 00 0
12A554 00 00 0
12A556 00 00 0
12A558 00 00 0
12A55A 00 00 0
12A55C 00 00 0
12A55E 00 00 0
12A560 00 00 0
12A562 00 00 0
12A564 00 00 0
12A566 00 00 0
12A568 00 00 0
12A56A 00 00 0
12A56C 00 00 0
12A56E 00 00 0
12A570 00 00 0
12A572 00 00 0
12A574 00 00 0
12A576 00 00 0
12A578 00 00 0
12A57A 00 00 0
12A57C 00 00 0
12A57E 00 00 0
12A580 00 00 0
12A582 00 00 0
12A584 00 00 0
12A586 00 00 0
12A588 00 00 0
12A58A 00 00 0
12A58C 00 00 0
12A58E 00 00 0
12A590 00 00 0
12A592 00 00 0
12A594 00 00 0
12A596 00 00 0
12A598 00 00 0
12A59A 00 00 0
12A59C 00 00 0
12A59E 00 00 0
12A5A0 00 00 0
12A5A2 00 00 0
12A5A4 00 00 0
12A5A6 00 00 0
12A5A8 00 00 0
12A5AA 00 00 0
12A5AC 00 00 0
12A5AE 00 00 0
12A5B0 00 00 0
12A5B2 00 00 0
12A5B4 00 00 0
12A5B6 00 00 0
12A5B8 00 00 0
12A5BA 00 00 0
12A5BC 00 00 0
12A5BE 00 00 0
12A5C0 00 00 0
12A5C2 00 00 0
12A5C4 00 00 0
12A5C6 00 00 0
12A5C8 00 00 0
12A5CA 00 00 0
12A5CC 00 00 0
12A5CE 00 00 0
12A5D0 00 00 0
12A5D2 00 00 0
12A5D4 00 00 0
12A5D6 00 00 0
12A5D8 00 00 0
12A5DA 00 00 0
12A5DC 00 00 0
12A5DE 00 00 0
12A5E0 00 00 0
12A5E2 00 00 0
12A5E4 00 00 0
12A5E6 00 00 0
12A5E8 00 00 0
12A5EA 00 00 0
12A5EC 00 00 0
12A5EE 00 00 0
12A5F0 00 00 0
12A5F2 00 00 0
12A5F4 00 00 0
12A5F6 00 00 0
12A5F8 00 00 0
12A5FA 00 00 0
12A5FC 00 00 0
12A5FE 00 00 0
12A600 00 00 0
12A602 00 00 0
12A604 00 00 0
12A606 00 00 0
12A608 00 00 0
12A60A 00 00 0
12A60C 00 00 0
12A60E 00 00 0
12A610 00 00 0
12A612 00 00 0
12A614 00 00 0
12A616 00 00 0
12A618 00 00 0
12A61A 00 00 0
12A61C 00 00 0
12A61E 00 00 0
12A620 00 00 0
12A622 00 00 0
12A624 00 00 0
12A626 00 00 0
12A628 00 00 0
12A62A 00 00 0
12A62C 00 00 0
12A62E 00 00 0
12A630 00 00 0
12A632 00 00 0
12A634 00 00 0
12A636 00 00 0
12A638 00 00 0
12A63A 00 00 0
12A63C 00 00 0
12A63E 00 00 0
12A640 00 00 0
12A642 00 00 0
12A644 00 00 0
12A646 00 00 0
12A648 00 00 0
12A64A 00 00 0
12A64C 00 00 0
12A64E 00 00 0
12A650 00 00 0
12A652 00 00 0
12A654 00 00 0
12A656 00 00 0
12A658 00 00 0
12A65A 00 00 0
12A65C 00 00 0
12A65E 00 00 0
12A660 00 00 0
12A662 00 00 0
12A664 00 00 0
12A666 00 00 0
12A668 00 00 0
12A66A 00 00 0
12A66C 00 00 0
12A66E 00 00 0
12A670 00 00 0
12A672 00 00 0
12A674 00 00 0
12A676 00 00 0
12A678 00 00 0
12A67A 00 00 0
12A67C 00 00 0
12A67E 00 00 0
12A680 00 00 0
12A682 00 00 0
12A684 00 00 0
12A686 00 00 0
12A688 00 00 0
12A68A 00 00 0
12A68C 00 00 0
12A68E 00 00 0
12A690 00 00 0
12A692 00 00 0
12A694 00 00 0
12A696 00 00 0
12A698 00 00 0
12A69A 00 00 0
12A69C 00 00 0
12A69E 00 00 0
12A6A0 00 00 0
12A6A2 00 00 0
12A6A4 00 00 0
12A6A6 00 00 0
12A6A8 00 00 0
12A6AA 00 00 0
12A6AC 00 00 0
12A6AE 00 00 0
12A6B0 00 00 0
12A6B2 00 00 0
12A6B4 00 00 0
12A6B6 00 00 0
12A6B8 00 00 0
12A6BA 00 00 0
12A6BC 00 00 0
12A6BE 00 00 0
12A6C0 00 00 0
12A6C2 00 00 0
12A6C4 00 00 0
12A6C6 00 00 0
12A6C8 00 00 0
12A6CA 00 00 0
12A6CC 00 00 0
12A6CE 00 00 0
12A6D0 00 00 0
12A6D2 00 00 0
12A6D4 00 00 0
12A6D6 00 00 0
12A6D8 00 00 0
12A6DA 00 00 0
12A6DC 00 00 0
12A6DE 00 00 0
12A6E0 00 00 0
12A6E2 00 00 0
12A6E4 00 00 0
12A6E6 00 00 0
12A6E8 00 00 0
12A6EA 00 00 0
12A6EC 00 00 0
12A6EE 00 00 0
12A6F0 00 00 0
12A6F2 00 00 0
12A6F4 00 00 0
12A6F6 00 00 0
12A6F8 00 00 0
12A6FA 00 00 0
12A6FC 00 00 0
12A6FE 00 00 0
12A700 00 00 0
12A702 00 00 0
12A704 00 00 0
12A706 00 00 0
12A708 00 00 0
12A70A 00 00 0
12A70C 00 00 0
12A70E 00 00 0
12A710 00 00 0
12A712 00 00 0
12A714 00 00 0
12A716 00 00 0
12A718 00 00 0
12A71A 00 00 0
12A71C 00 00 0
12A71E 00 00 0
12A720 00 00 0
12A722 00 00 0
12A724 00 00 0
12A726 00 00 0
12A728 00 00 0
12A72A 00 00 0
12A72C 00 00 0
12A72E 00 00 0
12A730 00 00 0
12A732 00 00 0
12A734 00 00 0
12A736 00 00 0
12A738 00 00 0
12A73A 00 00 0
12A73C 00 00 0
12A73E 00 00 0
12A740 00 00 0
12A742 00 00 0
12A744 00 00 0
12A746 00 00 0
12A748 00 00 0
12A74A 00 00 0
12A74C 00 00 0
12A74E 00 00 0
12A750 00 00 0
12A752 00 00 0
12A754 00 00 0
12A756 00 00 0
12A758 00 00 0
12A75A 00 00 0
12A75C 00 00 0
12A75E 00 00 0
12A760 00 00 0
12A762 00 00 0
12A764 00 00 0
12A766 00 00 0
12A768 00 00 0
12A76A 00 00 0
12A76C 00 00 0
12A76E 00 00 0
12A770 00 00 0
12A772 00 00 0
12A774 00 00 0
12A776 00 00 0
12A778 00 00 0
12A77A 00 00 0
12A77C 00 00 0
12A77E 00 00 0
12A780 00 00 0
12A782 00 00 0
12A784 00 00 0
12A786 00 00 0
12A788 00 00 0
12A78A 00 00 0
12A78C 00 00 0
12A78E 00 00 0
12A790 00 00 0
12A792 00 00 0
12A794 00 00 0
12A796 00 00 0
12A798 00 00 0
12A79A 00 00 0
12A79C 00 00 0
12A79E 00 00 0
12A7A0 00 00 0
12A7A2 00 00 0
12A7A4 00 00 0
12A7A6 00 00 0
12A7A8 00 00 0
12A7AA 00 00 0
12A7AC 00 00 0
12A7AE 00 00 0
12A7B0 00 00 0
12A7B2 00 00 0
12A7B4 00 00 0
12A7B6 00 00 0
12A7B8 00 00 0
12A7BA 00 00 0
12A7BC 00 00 0
12A7BE 00 00 0
12A7C0 00 00 0
12A7C2 00 00 0
12A7C4 00 00 0
12A7C6 00 00 0
12A7C8 00 00 0
12A7CA 00 00 0
12A7CC 00 00 0
12A7CE 00 00 0
12A7D0 00 00 0
12A7D2 00 00 0
12A7D4 00 00 0
12A7D6 00 00 0
12A7D8 00 00 0
12A7DA 00 00 0
12A7DC 00 00 0
12A7DE 00 00 0
12A7E0 00 00 0
12A7E2 00 00 0
12A7E4 00 00 0
12A7E6 00 00 0
12A7E8 00 00 0
12A7EA 00 00 0
12A7EC 00 00 0
12A7EE 00 00 0
12A7F0 00 00 0
12A7F2 00 00 0
12A7F4 00 00 0
12A7F6 00 00 0
12A7F8 00 00 0
12A7FA 00 00 0
12A7FC 00 00 0
12A7FE 00 00 0
12A800 00 00 0
12A802 00 00 0
12A804 00 00 0
12A806 00 00 0
12A808 00 00 0
12A80A 00 00 0
12A80C 00 00 0
12A80E 00 00 0
12A810 00 00 0
12A812 00 00 0
12A814 00 00 0
12A816 00 00 0
12A818 00 00 0
12A81A 00 00 0
12A81C 00 00 0
12A81E 00 00 0
12A820 00 00 0
12A822 00 00 0
12A824 00 00 0
12A826 00 00 0
12A828 00 00 0
12A82A 00 00 0
12A82C 00 00 0
12A82E 00 00 0
12A830 00 00 0
12A832 00 00 0
12A834 00 00 0
12A836 00 00 0
12A838 00 00 0
12A83A 00 00 0
12A83C 00 00 0
12A83E 00 00 0
12A840 00 00 0
12A842 00 00 0
12A844 00 00 0
12A846 00 00 0
12A848 00 00 0
12A84A 00 00 0
12A84C 00 00 0
12A84E 00 00 0
12A850 00 00 0
12A852 00 00 0
12A854 00 00 0
12A856 00 00 0
12A858 00 00 0
12A85A 00 00 0
12A85C 00 00 0
12A85E 00 00 0
12A860 00 00 0
12A862 00 00 0
12A864 00 00 0
12A866 00 00 0
12A868 00 00 0
12A86A 00 00 0
12A86C 00 00 0
12A86E 00 00 0
12A870 00 00 0
12A872 00 00 0
12A874 00 00 0
12A876 00 00 0
12A878 00 00 0
12A87A 00 00 0
12A87C 00 00 0
12A87E 00 00 0
12A880 00 00 0
12A882 00 00 0
12A884 00 12 18
12A886 1E C8 7880
12A888 00 00 0
12A88A 00 00 0
12A88C 00 00 0
12A88E 07 7E 1918
12A890 00 00 0
12A892 00 00 0
12A894 00 00 0
12A896 00 00 0
12A898 00 00 0
12A89A 00 00 0
12A89C 00 00 0
12A89E 00 00 0
12A8A0 00 00 0
12A8A2 00 00 0
12A8A4 00 00 0
12A8A6 00 00 0
12A8A8 00 00 0
12A8AA 00 00 0
12A8AC 00 00 0
12A8AE 00 00 0
12A8B0 00 00 0
12A8B2 00 00 0
12A8B4 00 00 0
12A8B6 00 00 0
12A8B8 00 00 0
12A8BA 00 00 0
12A8BC 00 00 0
12A8BE 00 00 0
12A8C0 00 00 0
12A8C2 00 00 0
12A8C4 00 00 0
12A8C6 00 00 0
12A8C8 00 00 0
12A8CA 00 00 0
12A8CC 00 00 0
12A8CE 00 00 0
12A8D0 00 00 0
12A8D2 00 00 0
12A8D4 00 00 0
12A8D6 00 00 0
12A8D8 00 00 0
12A8DA 00 00 0
12A8DC 00 00 0
12A8DE 00 00 0
12A8E0 00 00 0
12A8E2 00 00 0
12A8E4 00 00 0
12A8E6 00 00 0
12A8E8 00 00 0
12A8EA 00 00 0
12A8EC 00 00 0
12A8EE 00 00 0
12A8F0 00 00 0
12A8F2 00 00 0
12A8F4 00 00 0
12A8F6 00 00 0
12A8F8 00 00 0
12A8FA 00 00 0
12A8FC 00 00 0
12A8FE 00 00 0
12A900 00 00 0
12A902 00 00 0
12A904 00 00 0
12A906 00 00 0
12A908 00 00 0
12A90A 00 00 0
12A90C 00 00 0
12A90E 00 00 0
12A910 00 00 0
12A912 00 00 0
12A914 00 00 0
12A916 00 00 0
12A918 00 00 0
12A91A 00 00 0
12A91C 00 00 0
12A91E 00 00 0
12A920 00 00 0
12A922 00 00 0
12A924 00 00 0
12A926 00 00 0
12A928 00 00 0
12A92A 00 00 0
12A92C 00 00 0
12A92E 00 00 0
12A930 00 00 0
12A932 00 00 0
12A934 00 00 0
12A936 00 00 0
12A938 00 00 0
12A93A 00 00 0
12A93C 00 00 0
12A93E 00 00 0
12A940 00 00 0
12A942 00 00 0
12A944 00 00 0
12A946 00 00 0
12A948 00 00 0
12A94A 00 00 0
12A94C 00 00 0
12A94E 00 00 0
12A950 00 00 0
12A952 00 00 0
12A954 00 00 0
12A956 00 00 0
12A958 00 00 0
12A95A 00 00 0
12A95C 00 00 0
12A95E 00 00 0
12A960 00 00 0
12A962 00 00 0
12A964 00 00 0
12A966 00 00 0
12A968 00 00 0
12A96A 00 00 0
12A96C 00 00 0
12A96E 00 00 0
12A970 00 00 0
12A972 00 00 0
12A974 00 00 0
12A976 00 00 0
12A978 00 00 0
12A97A 00 00 0
12A97C 00 00 0
12A97E 00 00 0
12A980 00 00 0
12A982 00 00 0
12A984 00 00 0
12A986 00 00 0
12A988 00 00 0
12A98A 00 00 0
12A98C 00 00 0
12A98E 00 00 0
12A990 00 00 0
12A992 00 00 0
12A994 00 00 0
12A996 00 00 0
12A998 00 00 0
12A99A 00 00 0
12A99C 00 00 0
12A99E 00 00 0
12A9A0 00 00 0
12A9A2 00 00 0
12A9A4 00 00 0
12A9A6 00 00 0
12A9A8 00 00 0
12A9AA 00 00 0
12A9AC 00 00 0
12A9AE 00 00 0
12A9B0 00 00 0
12A9B2 00 00 0
12A9B4 00 00 0
12A9B6 00 00 0
12A9B8 00 00 0
12A9BA 00 00 0
12A9BC 00 00 0
12A9BE 00 00 0
12A9C0 00 00 0
12A9C2 00 00 0
12A9C4 00 00 0
12A9C6 00 00 0
12A9C8 00 00 0
12A9CA 00 00 0
12A9CC 00 00 0
12A9CE 00 00 0
12A9D0 00 00 0
12A9D2 00 00 0
12A9D4 00 00 0
12A9D6 00 00 0
12A9D8 00 00 0
12A9DA 00 00 0
12A9DC 00 00 0
12A9DE 00 00 0
12A9E0 00 00 0
12A9E2 00 00 0
12A9E4 00 00 0
12A9E6 00 00 0
12A9E8 00 00 0
12A9EA 00 00 0
12A9EC 00 00 0
12A9EE 00 00 0
12A9F0 00 00 0
12A9F2 00 00 0
12A9F4 00 00 0
12A9F6 00 00 0
12A9F8 00 00 0
12A9FA 00 00 0
12A9FC 00 00 0
12A9FE 00 00 0
12AA00 00 00 0
12AA02 00 00 0
12AA04 00 00 0
12AA06 00 00 0
12AA08 00 00 0
12AA0A 00 00 0
12AA0C 00 00 0
12AA0E 00 00 0
12AA10 00 00 0
12AA12 00 00 0
12AA14 00 00 0
12AA16 00 00 0
12AA18 00 00 0
12AA1A 00 00 0
12AA1C 00 00 0
12AA1E 00 00 0
12AA20 00 00 0
12AA22 00 00 0
12AA24 00 00 0
12AA26 00 00 0
12AA28 00 00 0
12AA2A 00 00 0
12AA2C 00 00 0
12AA2E 00 00 0
12AA30 00 00 0
12AA32 00 00 0
12AA34 00 00 0
12AA36 00 00 0
12AA38 00 00 0
12AA3A 00 00 0
12AA3C 00 00 0
12AA3E 00 00 0
12AA40 00 00 0
12AA42 00 00 0
12AA44 00 00 0
12AA46 00 00 0
12AA48 00 00 0
12AA4A 00 00 0
12AA4C 00 00 0
12AA4E 00 00 0
12AA50 00 00 0
12AA52 00 00 0
12AA54 00 00 0
12AA56 00 00 0
12AA58 00 00 0
12AA5A 00 00 0
12AA5C 00 00 0
12AA5E 00 00 0
12AA60 00 00 0
12AA62 00 00 0
12AA64 00 00 0
12AA66 00 00 0
12AA68 00 00 0
12AA6A 00 00 0
12AA6C 00 00 0
12AA6E 00 00 0
12AA70 00 00 0
12AA72 00 00 0
12AA74 00 00 0
12AA76 00 00 0
12AA78 00 00 0
12AA7A 00 00 0
12AA7C 00 00 0
12AA7E 00 00 0
12AA80 00 00 0
12AA82 00 00 0
12AA84 00 00 0
12AA86 00 00 0
12AA88 00 00 0
12AA8A 00 00 0
12AA8C 00 00 0
12AA8E 00 00 0
12AA90 00 00 0
12AA92 00 00 0
12AA94 00 00 0
12AA96 00 00 0
12AA98 00 00 0
12AA9A 00 00 0
12AA9C 00 00 0
12AA9E 00 00 0
12AAA0 00 00 0
12AAA2 00 00 0
12AAA4 00 00 0
12AAA6 00 00 0
12AAA8 00 00 0
12AAAA 00 00 0
12AAAC 00 00 0
12AAAE 00 00 0
12AAB0 00 00 0
12AAB2 00 00 0
12AAB4 00 00 0
12AAB6 00 00 0
12AAB8 00 00 0
12AABA 00 00 0
12AABC 00 00 0
12AABE 00 00 0
12AAC0 00 00 0
12AAC2 00 00 0
12AAC4 00 00 0
12AAC6 00 00 0
12AAC8 00 00 0
12AACA 00 00 0
12AACC 00 00 0
12AACE 00 00 0
12AAD0 00 00 0
12AAD2 00 00 0
12AAD4 00 00 0
12AAD6 00 00 0
12AAD8 00 00 0
12AADA 00 00 0
12AADC 00 00 0
12AADE 00 00 0
12AAE0 00 00 0
12AAE2 00 00 0
12AAE4 00 00 0
12AAE6 00 00 0
12AAE8 00 00 0
12AAEA 00 00 0
12AAEC 00 00 0
12AAEE 00 00 0
12AAF0 00 00 0
12AAF2 00 00 0
12AAF4 00 00 0
12AAF6 00 00 0
12AAF8 00 00 0
12AAFA 00 00 0
12AAFC 00 00 0
12AAFE 00 00 0
12AB00 00 00 0
12AB02 00 00 0
12AB04 00 00 0
12AB06 00 00 0
12AB08 00 00 0
12AB0A 00 00 0
12AB0C 00 00 0
12AB0E 00 00 0
12AB10 00 00 0
12AB12 00 00 0
12AB14 00 00 0
12AB16 00 00 0
12AB18 00 00 0
12AB1A 00 00 0
12AB1C 00 00 0
12AB1E 00 00 0
12AB20 00 00 0
12AB22 00 00 0
12AB24 00 00 0
12AB26 00 00 0
12AB28 00 00 0
12AB2A 00 00 0
12AB2C 00 00 0
12AB2E 00 00 0
12AB30 00 00 0
12AB32 00 00 0
12AB34 00 00 0
12AB36 00 00 0
12AB38 00 00 0
12AB3A 00 00 0
12AB3C 00 00 0
12AB3E 00 00 0
12AB40 00 00 0
12AB42 00 00 0
12AB44 00 00 0
12AB46 00 00 0
12AB48 00 00 0
12AB4A 00 00 0
12AB4C 00 00 0
12AB4E 00 00 0
12AB50 00 00 0
12AB52 00 00 0
12AB54 00 00 0
12AB56 00 00 0
12AB58 00 00 0
12AB5A 00 00 0
12AB5C 00 00 0
12AB5E 00 00 0
12AB60 00 00 0
12AB62 00 00 0
12AB64 00 00 0
12AB66 00 00 0
12AB68 00 00 0
12AB6A 00 00 0
12AB6C 00 00 0
12AB6E 00 00 0
12AB70 00 00 0
12AB72 00 00 0
12AB74 00 00 0
12AB76 00 00 0
12AB78 00 00 0
12AB7A 00 00 0
12AB7C 00 00 0
12AB7E 00 00 0
12AB80 00 00 0
12AB82 00 00 0
12AB84 00 00 0
12AB86 00 00 0
12AB88 00 00 0
12AB8A 00 00 0
12AB8C 00 00 0
12AB8E 00 00 0
12AB90 00 00 0
12AB92 00 00 0
12AB94 00 00 0
12AB96 00 00 0
12AB98 00 00 0
12AB9A 00 00 0
12AB9C 00 00 0
12AB9E 00 00 0
12ABA0 00 00 0
12ABA2 00 00 0
12ABA4 00 00 0
12ABA6 00 00 0
12ABA8 00 00 0
12ABAA 00 00 0
12ABAC 00 00 0
12ABAE 00 00 0
12ABB0 00 00 0
12ABB2 00 00 0
12ABB4 00 00 0
12ABB6 00 00 0
12ABB8 00 00 0
12ABBA 00 00 0
12ABBC 00 00 0
12ABBE 00 00 0
12ABC0 00 00 0
12ABC2 00 00 0
12ABC4 00 00 0
12ABC6 00 00 0
12ABC8 00 00 0
12ABCA 00 00 0
12ABCC 00 00 0
12ABCE 00 00 0
12ABD0 00 00 0
12ABD2 00 00 0
12ABD4 00 00 0
12ABD6 00 00 0
12ABD8 00 00 0
12ABDA 00 00 0
12ABDC 00 00 0
12ABDE 00 00 0
12ABE0 00 00 0
12ABE2 00 00 0
12ABE4 00 00 0
12ABE6 00 00 0
12ABE8 00 00 0
12ABEA 00 00 0
12ABEC 00 00 0
12ABEE 00 00 0
12ABF0 00 00 0
12ABF2 00 00 0
12ABF4 00 00 0
12ABF6 00 00 0
12ABF8 00 00 0
12ABFA 00 00 0
12ABFC 00 00 0
12ABFE 00 00 0
12AC00 00 00 0
12AC02 00 00 0
12AC04 00 00 0
12AC06 00 00 0
12AC08 00 00 0
12AC0A 00 00 0
12AC0C 00 00 0
12AC0E 00 00 0
12AC10 00 00 0
12AC12 00 00 0
12AC14 00 00 0
12AC16 00 00 0
12AC18 00 00 0
12AC1A 00 00 0
12AC1C 00 00 0
12AC1E 00 00 0
12AC20 00 00 0
12AC22 00 00 0
12AC24 00 00 0
12AC26 00 00 0
12AC28 00 00 0
12AC2A 00 00 0
12AC2C 00 00 0
12AC2E 00 00 0
12AC30 00 00 0
12AC32 00 00 0
12AC34 00 00 0
12AC36 00 00 0
12AC38 00 00 0
12AC3A 00 00 0
12AC3C 00 00 0
12AC3E 00 00 0
12AC40 00 00 0
12AC42 00 00 0
12AC44 00 00 0
12AC46 00 00 0
12AC48 00 00 0
12AC4A 00 00 0
12AC4C 00 00 0
12AC4E 00 00 0
12AC50 00 00 0
12AC52 00 00 0
12AC54 00 00 0
12AC56 00 00 0
12AC58 00 00 0
12AC5A 00 00 0
12AC5C 00 00 0
12AC5E 00 00 0
12AC60 00 00 0
12AC62 00 00 0
12AC64 00 00 0
12AC66 00 00 0
12AC68 00 00 0
12AC6A 00 00 0
12AC6C 00 00 0
12AC6E 00 00 0
12AC70 00 00 0
12AC72 00 00 0
12AC74 00 00 0
12AC76 00 00 0
12AC78 00 00 0
12AC7A 00 00 0
12AC7C 00 00 0
12AC7E 00 00 0
12AC80 00 00 0
12AC82 00 00 0
12AC84 00 00 0
12AC86 00 00 0
12AC88 00 00 0
12AC8A 00 00 0
12AC8C 00 00 0
12AC8E 00 00 0
12AC90 00 00 0
12AC92 00 00 0
12AC94 00 00 0
12AC96 00 00 0
12AC98 00 00 0
12AC9A 00 00 0
12AC9C 00 00 0
12AC9E 00 00 0
12ACA0 00 00 0
12ACA2 00 00 0
12ACA4 00 00 0
12ACA6 00 00 0
12ACA8 00 00 0
12ACAA 00 00 0
12ACAC 00 00 0
12ACAE 00 00 0
12ACB0 00 00 0
12ACB2 00 00 0
12ACB4 00 00 0
12ACB6 00 00 0
12ACB8 00 00 0
12ACBA 00 00 0
12ACBC 00 00 0
12ACBE 00 00 0
12ACC0 00 00 0
12ACC2 00 00 0
12ACC4 00 00 0
12ACC6 00 00 0
12ACC8 00 00 0
12ACCA 00 00 0
12ACCC 00 00 0
12ACCE 00 00 0
12ACD0 00 00 0
12ACD2 00 00 0
12ACD4 00 00 0
12ACD6 00 00 0
12ACD8 00 00 0
12ACDA 00 00 0
12ACDC 00 00 0
12ACDE 00 00 0
12ACE0 00 00 0
12ACE2 00 00 0
12ACE4 00 00 0
12ACE6 00 00 0
12ACE8 00 00 0
12ACEA 00 00 0
12ACEC 00 00 0
12ACEE 00 00 0
12ACF0 00 00 0
12ACF2 00 00 0
12ACF4 00 00 0
12ACF6 00 00 0
12ACF8 00 00 0
12ACFA 00 00 0
12ACFC 00 00 0
12ACFE 00 00 0
12AD00 00 00 0
12AD02 00 00 0
12AD04 00 00 0
12AD06 00 00 0
12AD08 00 00 0
12AD0A 00 00 0
12AD0C 00 00 0
12AD0E 00 00 0
12AD10 00 00 0
12AD12 00 00 0
12AD14 00 00 0
12AD16 00 00 0
12AD18 00 00 0
12AD1A 00 00 0
12AD1C 00 00 0
12AD1E 00 00 0
12AD20 00 00 0
12AD22 00 00 0
12AD24 00 00 0
12AD26 00 00 0
12AD28 00 00 0
12AD2A 00 00 0
12AD2C 00 00 0
12AD2E 00 00 0
12AD30 00 00 0
12AD32 00 00 0
12AD34 00 00 0
12AD36 00 00 0
12AD38 00 00 0
12AD3A 00 00 0
12AD3C 00 00 0
12AD3E 00 00 0
12AD40 00 00 0
12AD42 00 00 0
12AD44 00 00 0
12AD46 00 00 0
12AD48 00 00 0
12AD4A 00 00 0
12AD4C 00 00 0
12AD4E 00 00 0
12AD50 00 00 0
12AD52 00 00 0
12AD54 00 00 0
12AD56 00 00 0
12AD58 00 00 0
12AD5A 00 00 0
12AD5C 00 00 0
12AD5E 00 00 0
12AD60 00 00 0
12AD62 00 00 0
12AD64 00 00 0
12AD66 00 00 0
12AD68 00 00 0
12AD6A 00 00 0
12AD6C 00 00 0
12AD6E 00 00 0
12AD70 00 00 0
12AD72 00 00 0
12AD74 00 00 0
12AD76 00 00 0
12AD78 00 00 0
12AD7A 00 00 0
12AD7C 00 00 0
12AD7E 00 00 0
12AD80 00 00 0
12AD82 00 00 0
12AD84 00 00 0
12AD86 00 00 0
12AD88 00 00 0
12AD8A 00 00 0
12AD8C 00 00 0
12AD8E 00 00 0
12AD90 00 00 0
12AD92 00 00 0
12AD94 00 00 0
12AD96 00 00 0
12AD98 00 00 0
12AD9A 00 00 0
12AD9C 00 00 0
12AD9E 00 00 0
12ADA0 00 00 0
12ADA2 00 00 0
12ADA4 00 00 0
12ADA6 00 00 0
12ADA8 00 00 0
12ADAA 00 00 0
12ADAC 00 00 0
12ADAE 00 00 0
12ADB0 00 00 0
12ADB2 00 00 0
12ADB4 00 00 0
12ADB6 00 00 0
12ADB8 00 00 0
12ADBA 00 00 0
12ADBC 00 00 0
12ADBE 00 00 0
12ADC0 00 00 0
12ADC2 00 00 0
12ADC4 00 00 0
12ADC6 00 00 0
12ADC8 00 00 0
12ADCA 00 00 0
12ADCC 00 00 0
12ADCE 00 00 0
12ADD0 00 00 0
12ADD2 00 00 0
12ADD4 00 00 0
12ADD6 00 00 0
12ADD8 00 00 0
12ADDA 00 00 0
12ADDC 00 00 0
12ADDE 00 00 0
12ADE0 00 00 0
12ADE2 00 00 0
12ADE4 00 00 0
12ADE6 00 00 0
12ADE8 00 00 0
12ADEA 00 00 0
12ADEC 00 00 0
12ADEE 00 00 0
12ADF0 00 00 0
12ADF2 00 00 0
12ADF4 00 00 0
12ADF6 00 00 0
12ADF8 00 00 0
12ADFA 00 00 0
12ADFC 00 00 0
12ADFE 00 00 0
12AE00 00 00 0
12AE02 00 00 0
12AE04 00 00 0
12AE06 00 00 0
12AE08 00 00 0
12AE0A 00 00 0
12AE0C 00 00 0
12AE0E 00 00 0
12AE10 00 00 0
12AE12 00 00 0
12AE14 00 00 0
12AE16 00 00 0
12AE18 00 00 0
12AE1A 00 00 0
12AE1C 00 00 0
12AE1E 00 00 0
12AE20 00 00 0
12AE22 00 00 0
12AE24 00 00 0
12AE26 00 00 0
12AE28 00 00 0
12AE2A 00 00 0
12AE2C 00 00 0
12AE2E 00 00 0
12AE30 00 00 0
12AE32 00 00 0
12AE34 00 00 0
12AE36 00 00 0
12AE38 00 00 0
12AE3A 00 00 0
12AE3C 00 00 0
12AE3E 00 00 0
12AE40 00 00 0
12AE42 00 00 0
12AE44 00 00 0
12AE46 00 00 0
12AE48 00 00 0
12AE4A 00 00 0
12AE4C 00 00 0
12AE4E 00 00 0
12AE50 00 00 0
12AE52 00 00 0
12AE54 00 00 0
12AE56 00 00 0
12AE58 00 00 0
12AE5A 00 00 0
12AE5C 00 00 0
12AE5E 00 00 0
12AE60 00 00 0
12AE62 00 00 0
12AE64 00 00 0
12AE66 00 00 0
12AE68 00 00 0
12AE6A 00 00 0
12AE6C 00 00 0
12AE6E 00 00 0
12AE70 00 00 0
12AE72 00 00 0
12AE74 00 00 0
12AE76 00 00 0
12AE78 00 00 0
12AE7A 00 00 0
12AE7C 00 00 0
12AE7E 00 00 0
12AE80 00 00 0
12AE82 00 00 0
12AE84 00 00 0
12AE86 00 00 0
12AE88 00 00 0
12AE8A 00 00 0
12AE8C 00 00 0
12AE8E 00 00 0
12AE90 00 00 0
12AE92 00 00 0
12AE94 00 00 0
12AE96 00 00 0
12AE98 00 00 0
12AE9A 00 00 0
12AE9C 00 00 0
12AE9E 00 00 0
12AEA0 00 00 0
12AEA2 00 00 0
12AEA4 00 00 0
12AEA6 00 00 0
12AEA8 00 00 0
12AEAA 00 00 0
12AEAC 00 00 0
12AEAE 00 00 0
12AEB0 00 00 0
12AEB2 00 00 0
12AEB4 00 00 0
12AEB6 00 00 0
12AEB8 00 00 0
12AEBA 00 00 0
12AEBC 00 00 0
12AEBE 00 00 0
12AEC0 00 00 0
12AEC2 00 00 0
12AEC4 00 00 0
12AEC6 00 00 0
12AEC8 00 00 0
12AECA 00 00 0
12AECC 00 00 0
12AECE 00 00 0
12AED0 00 00 0
12AED2 00 00 0
12AED4 00 00 0
12AED6 00 00 0
12AED8 00 00 0
12AEDA 00 00 0
12AEDC 00 00 0
12AEDE 00 00 0
12AEE0 00 00 0
12AEE2 00 00 0
12AEE4 00 00 0
12AEE6 00 00 0
12AEE8 00 00 0
12AEEA 00 00 0
12AEEC 00 00 0
12AEEE 00 00 0
12AEF0 00 00 0
12AEF2 00 00 0
12AEF4 00 00 0
12AEF6 00 00 0
12AEF8 00 00 0
12AEFA 00 00 0
12AEFC 00 00 0
12AEFE 00 00 0
12AF00 00 00 0
12AF02 00 00 0
12AF04 00 00 0
12AF06 00 00 0
12AF08 00 00 0
12AF0A 00 00 0
12AF0C 00 00 0
12AF0E 00 00 0
12AF10 00 00 0
12AF12 00 00 0
12AF14 00 00 0
12AF16 00 00 0
12AF18 00 00 0
12AF1A 00 00 0
12AF1C 00 00 0
12AF1E 00 00 0
12AF20 00 00 0
12AF22 00 00 0
12AF24 00 00 0
12AF26 00 00 0
12AF28 00 00 0
12AF2A 00 00 0
12AF2C 00 00 0
12AF2E 00 00 0
12AF30 00 00 0
12AF32 00 00 0
12AF34 00 00 0
12AF36 00 00 0
12AF38 00 00 0
12AF3A 00 00 0
12AF3C 00 00 0
12AF3E 00 00 0
12AF40 00 00 0
12AF42 00 00 0
12AF44 00 00 0
12AF46 00 00 0
12AF48 00 00 0
12AF4A 00 00 0
12AF4C 00 00 0
12AF4E 00 00 0
12AF50 00 00 0
12AF52 00 00 0
12AF54 00 00 0
12AF56 00 00 0
12AF58 00 00 0
12AF5A 00 00 0
12AF5C 00 00 0
12AF5E 00 00 0
12AF60 00 00 0
12AF62 00 00 0
12AF64 00 00 0
12AF66 00 00 0
12AF68 00 00 0
12AF6A 00 00 0
12AF6C 00 00 0
12AF6E 00 00 0
12AF70 00 00 0
12AF72 00 00 0
12AF74 00 00 0
12AF76 00 00 0
12AF78 00 00 0
12AF7A 00 00 0
12AF7C 00 00 0
12AF7E 00 00 0
12AF80 00 00 0
12AF82 00 00 0
12AF84 00 00 0
12AF86 00 00 0
12AF88 00 00 0
12AF8A 00 00 0
12AF8C 00 00 0
12AF8E 00 00 0
12AF90 00 00 0
12AF92 00 00 0
12AF94 00 00 0
12AF96 00 00 0
12AF98 00 00 0
12AF9A 00 00 0
12AF9C 00 00 0
12AF9E 00 00 0
12AFA0 00 00 0
12AFA2 00 00 0
12AFA4 00 00 0
12AFA6 00 00 0
12AFA8 00 00 0
12AFAA 00 00 0
12AFAC 00 00 0
12AFAE 00 00 0
12AFB0 00 00 0
12AFB2 00 00 0
12AFB4 00 00 0
12AFB6 00 00 0
12AFB8 00 00 0
12AFBA 00 00 0
12AFBC 00 00 0
12AFBE 00 00 0
12AFC0 00 00 0
12AFC2 00 00 0
12AFC4 00 00 0
12AFC6 00 00 0
12AFC8 00 00 0
12AFCA 00 00 0
12AFCC 00 00 0
12AFCE 00 00 0
12AFD0 00 00 0
12AFD2 00 00 0
12AFD4 00 00 0
12AFD6 00 00 0
12AFD8 00 00 0
12AFDA 00 00 0
12AFDC 00 00 0
12AFDE 00 00 0
12AFE0 00 00 0
12AFE2 00 00 0
12AFE4 00 00 0
12AFE6 00 00 0
12AFE8 00 00 0
12AFEA 00 00 0
12AFEC 00 00 0
12AFEE 00 00 0
12AFF0 00 00 0
12AFF2 00 00 0
12AFF4 00 00 0
12AFF6 00 00 0
12AFF8 00 00 0
12AFFA 00 00 0
12AFFC 00 00 0
12AFFE 00 00 0
12B000 00 00 0
12B002 00 00 0
12B004 00 00 0
12B006 01 12 274
12B008 00 00 0
12B00A 00 00 0
12B00C 00 01 1
12B00E 00 00 0
12B010 00 00 0
12B012 00 00 0
12B014 00 00 0
12B016 00 04 4
12B018 53 54 21332
12B01A 41 54 16724
12B01C 45 30 17712
12B01E 00 CB 203
12B020 41 A9 16809
12B022 00 07 7
12B024 00 04 4
12B026 00 00 0
12B028 00 00 0
12B02A 00 00 0
12B02C 00 12 18
12B02E B0 32 -20430
12B030 00 00 0
12B032 00 04 4
12B034 01 01 257
12B036 01 01 257
12B038 00 00 0
12B03A 00 01 1
12B03C 00 01 1
12B03E 07 02 1794
12B040 01 01 257
12B042 04 00 1024
12B044 01 09 265
12B046 01 01 257
12B048 01 00 256
12B04A 01 00 256
12B04C 04 00 1024
12B04E 00 00 0
12B050 00 41 65
12B052 7F FF 32767
12B054 18 06 6150
12B056 40 F6 16630
12B058 00 04 4
12B05A 00 00 0
12B05C 00 00 0
12B05E 00 01 1
12B060 00 00 0
12B062 00 01 1
12B064 00 00 0
12B066 00 00 0
12B068 00 00 0
12B06A 00 04 4
12B06C 00 00 0
12B06E 09 89 2441
12B070 00 00 0
12B072 00 14 20
12B074 00 1E 30
12B076 84 80 -31616
12B078 00 00 0
12B07A 00 00 0
12B07C 00 19 25
12B07E 6E 6E 28270
12B080 00 00 0
12B082 00 14 20
12B084 00 00 0
12B086 00 00 0
12B088 00 00 0
12B08A 00 01 1
12B08C 2E 21 11809
12B08E 2E 93 11923
12B090 BF F0 -16400
12B092 00 00 0
12B094 00 00 0
12B096 00 00 0
12B098 00 00 0
12B09A 00 00 0
12B09C 00 00 0
12B09E 00 00 0
12B0A0 00 00 0
12B0A2 00 00 0
12B0A4 00 00 0
12B0A6 00 00 0
12B0A8 3F F0 16368
12B0AA 00 00 0
12B0AC 00 00 0
12B0AE 00 00 0
12B0B0 40 49 16457
12B0B2 00 00 0
12B0B4 00 00 0
12B0B6 00 00 0
12B0B8 3F F0 16368
12B0BA 00 00 0
12B0BC 00 00 0
12B0BE 00 00 0
12B0C0 3F F0 16368
12B0C2 00 00 0
12B0C4 00 00 0
12B0C6 00 00 0
12B0C8 00 00 0
12B0CA 00 00 0
12B0CC 00 00 0
12B0CE 00 00 0
12B0D0 00 00 0
12B0D2 00 00 0
12B0D4 00 00 0
12B0D6 00 00 0
12B0D8 00 0A 10
12B0DA FF FF -1
12B0DC FF FF -1
12B0DE 00 00 0
12B0E0 04 00 1024
12B0E2 0A 38 2616
12B0E4 00 00 0
12B0E6 00 02 2
12B0E8 00 07 7
12B0EA 01 00 256
12B0EC 00 00 0
12B0EE 01 00 256
12B0F0 00 55 85
12B0F2 00 00 0
12B0F4 00 00 0
12B0F6 00 00 0
12B0F8 00 00 0
12B0FA 00 00 0
12B0FC 00 00 0
12B0FE 00 00 0
12B100 01 78 376
12B102 BF F0 -16400
12B104 00 00 0
12B106 00 00 0
12B108 00 00 0
12B10A 00 01 1
12B10C 00 01 1
12B10E 00 19 25
12B110 6E 6E 28270
12B112 00 00 0
12B114 00 00 0
12B116 14 BA 5306
12B118 41 A9 16809
12B11A C8 DD -14115
12B11C 41 A9 16809
12B11E C8 DD -14115
12B120 41 A9 16809
12B122 97 CB -26677
12B124 41 A9 16809
12B126 97 CB -26677
12B128 41 A9 16809
12B12A 97 CB -26677
12B12C 41 A9 16809
12B12E C8 DD -14115
12B130 41 A9 16809
12B132 F9 EF -1553
12B134 41 A9 16809
12B136 97 CB -26677
12B138 41 A9 16809
12B13A 97 CB -26677
12B13C 41 A9 16809
12B13E C8 DD -14115
12B140 41 A9 16809
12B142 97 CB -26677
12B144 41 A9 16809
12B146 C8 DD -14115
12B148 41 A9 16809
12B14A 97 CB -26677
12B14C 41 A9 16809
12B14E C8 DD -14115
12B150 41 A9 16809
12B152 97 CB -26677
12B154 41 A9 16809
12B156 C8 DD -14115
12B158 41 A9 16809
12B15A 66 B8 26296
12B15C 41 A9 16809
12B15E C8 DD -14115
12B160 41 A9 16809
12B162 C8 DD -14115
12B164 41 A9 16809
12B166 C8 DD -14115
12B168 41 A9 16809
12B16A 97 CB -26677
12B16C 41 A9 16809
12B16E 97 CB -26677
12B170 41 A9 16809
12B172 97 CB -26677
12B174 41 A9 16809
12B176 97 CB -26677
12B178 41 A9 16809
12B17A C8 DD -14115
12B17C 41 A9 16809
12B17E C8 DD -14115
12B180 41 A9 16809
12B182 F9 EF -1553
12B184 41 A9 16809
12B186 F9 EF -1553
12B188 41 A9 16809
12B18A 97 CB -26677
12B18C 41 A9 16809
12B18E C8 DD -14115
12B190 41 A9 16809
12B192 C8 DD -14115
12B194 41 A9 16809
12B196 F9 EF -1553
12B198 41 A9 16809
12B19A C8 DD -14115
12B19C 41 A9 16809
12B19E C8 DD -14115
12B1A0 41 A9 16809
12B1A2 F9 EF -1553
12B1A4 41 A9 16809
12B1A6 C8 DD -14115
12B1A8 41 A9 16809
12B1AA F9 EF -1553
12B1AC 41 A9 16809
12B1AE 97 CB -26677
12B1B0 41 A9 16809
12B1B2 97 CB -26677
12B1B4 41 A9 16809
12B1B6 97 CB -26677
12B1B8 41 A9 16809
12B1BA F9 EF -1553
12B1BC 41 A9 16809
12B1BE 66 B8 26296
12B1C0 41 A9 16809
12B1C2 97 CB -26677
12B1C4 41 A9 16809
12B1C6 C8 DD -14115
12B1C8 41 A9 16809
12B1CA C8 DD -14115
12B1CC 41 A9 16809
12B1CE 97 CB -26677
12B1D0 41 A9 16809
12B1D2 66 B8 26296
12B1D4 41 A9 16809
12B1D6 C8 DD -14115
12B1D8 41 A9 16809
12B1DA 97 CB -26677
12B1DC 41 A9 16809
12B1DE 97 CB -26677
12B1E0 41 A9 16809
12B1E2 C8 DD -14115
12B1E4 41 A9 16809
12B1E6 C8 DD -14115
12B1E8 41 A9 16809
12B1EA C8 DD -14115
12B1EC 41 A9 16809
12B1EE C8 DD -14115
12B1F0 41 A9 16809
12B1F2 C8 DD -14115
12B1F4 41 A9 16809
12B1F6 97 CB -26677
12B1F8 41 A9 16809
12B1FA 97 CB -26677
12B1FC 41 A9 16809
12B1FE 97 CB -26677
12B200 41 A9 16809
12B202 97 CB -26677
12B204 41 A9 16809
12B206 97 CB -26677
12B208 41 A9 16809
12B20A 97 CB -26677
12B20C 41 A9 16809
12B20E 97 CB -26677
12B210 41 A9 16809
12B212 C8 DD -14115
12B214 41 A9 16809
12B216 97 CB -26677
12B218 41 A9 16809
12B21A A4 0F -23537
12B21C 41 A9 16809
12B21E C8 DD -14115
12B220 41 A9 16809
12B222 97 CB -26677
12B224 41 A9 16809
12B226 F9 EF -1553
12B228 41 A9 16809
12B22A 97 CB -26677
12B22C 41 A9 16809
12B22E C8 DD -14115
12B230 41 A9 16809
12B232 97 CB -26677
12B234 41 A9 16809
12B236 97 CB -26677
12B238 41 A9 16809
12B23A C8 DD -14115
12B23C 41 A9 16809
12B23E 97 CB -26677
12B240 41 A9 16809
12B242 97 CB -26677
12B244 41 A9 16809
12B246 97 CB -26677
12B248 41 A9 16809
12B24A F9 EF -1553
12B24C 41 A9 16809
12B24E C8 DD -14115
12B250 41 A9 16809
12B252 C8 DD -14115
12B254 41 A9 16809
12B256 C8 DD -14115
12B258 41 A9 16809
12B25A C8 DD -14115
12B25C 41 A9 16809
12B25E F9 EF -1553
12B260 41 A9 16809
12B262 97 CB -26677
12B264 41 A9 16809
12B266 97 CB -26677
12B268 41 A9 16809
12B26A F9 EF -1553
12B26C 41 A9 16809
12B26E C8 DD -14115
12B270 41 A9 16809
12B272 97 CB -26677
12B274 41 A9 16809
12B276 C8 DD -14115
12B278 41 A9 16809
12B27A 97 CB -26677
12B27C 41 A9 16809
12B27E 97 CB -26677
12B280 41 A9 16809
12B282 F9 EF -1553
12B284 41 A9 16809
12B286 66 B8 26296
12B288 41 A9 16809
12B28A 66 B8 26296
12B28C 41 A9 16809
12B28E 66 B8 26296
12B290 41 A9 16809
12B292 97 CB -26677
12B294 41 A9 16809
12B296 97 CB -26677
12B298 41 A9 16809
12B29A 97 CB -26677
12B29C 41 A9 16809
12B29E C8 DD -14115
12B2A0 41 A9 16809
12B2A2 C8 DD -14115
12B2A4 41 A9 16809
12B2A6 C8 DD -14115
12B2A8 41 A9 16809
12B2AA C8 DD -14115
12B2AC 41 A9 16809
12B2AE 97 CB -26677
12B2B0 41 A9 16809
12B2B2 C8 DD -14115
12B2B4 41 A9 16809
12B2B6 F9 EF -1553
12B2B8 41 A9 16809
12B2BA F9 EF -1553
12B2BC 41 A9 16809
12B2BE 97 CB -26677
12B2C0 41 A9 16809
12B2C2 97 CB -26677
12B2C4 41 A9 16809
12B2C6 97 CB -26677
12B2C8 41 A9 16809
12B2CA 97 CB -26677
12B2CC 41 A9 16809
12B2CE 97 CB -26677
12B2D0 41 A9 16809
12B2D2 97 CB -26677
12B2D4 41 A9 16809
12B2D6 97 CB -26677
12B2D8 41 A9 16809
12B2DA 66 B8 26296
12B2DC 41 A9 16809
12B2DE 97 CB -26677
12B2E0 41 A9 16809
12B2E2 97 CB -26677
12B2E4 41 A9 16809
12B2E6 97 CB -26677
12B2E8 41 A9 16809
12B2EA 97 CB -26677
12B2EC 41 A9 16809
12B2EE 66 B8 26296
12B2F0 41 A9 16809
12B2F2 97 CB -26677
12B2F4 41 A9 16809
12B2F6 C8 DD -14115
12B2F8 41 A9 16809
12B2FA 97 CB -26677
12B2FC 41 A9 16809
12B2FE C8 DD -14115
12B300 41 A9 16809
12B302 C8 DD -14115
12B304 41 A9 16809
12B306 C8 DD -14115
12B308 41 A9 16809
12B30A 97 CB -26677
12B30C 41 A9 16809
12B30E C8 DD -14115
12B310 41 A9 16809
12B312 F9 EF -1553
12B314 41 A9 16809
12B316 C8 DD -14115
12B318 41 A9 16809
12B31A 97 CB -26677
12B31C 41 AA 16810
12B31E 12 78 4728
12B320 41 A9 16809
12B322 97 CB -26677
12B324 41 A9 16809
12B326 F9 EF -1553
12B328 41 A9 16809
12B32A 97 CB -26677
12B32C 41 A9 16809
12B32E C8 DD -14115
12B330 41 A9 16809
12B332 97 CB -26677
12B334 41 A9 16809
12B336 66 B8 26296
12B338 41 A9 16809
12B33A 97 CB -26677
12B33C 41 A9 16809
12B33E C8 DD -14115
12B340 41 A9 16809
12B342 C8 DD -14115
12B344 41 A9 16809
12B346 97 CB -26677
12B348 41 A9 16809
12B34A 97 CB -26677
12B34C 41 A9 16809
12B34E 97 CB -26677
12B350 41 A9 16809
12B352 C8 DD -14115
12B354 41 A9 16809
12B356 C8 DD -14115
12B358 41 A9 16809
12B35A BC 98 -17256
12B35C 41 A9 16809
12B35E 97 CB -26677
12B360 41 A9 16809
12B362 97 CB -26677
12B364 41 AA 16810
12B366 2B 01 11009
12B368 41 A9 16809
12B36A C8 DD -14115
12B36C 41 A9 16809
12B36E C8 DD -14115
12B370 41 A9 16809
12B372 C8 DD -14115
12B374 41 A9 16809
12B376 C8 DD -14115
12B378 41 A9 16809
12B37A F9 EF -1553
12B37C 41 A9 16809
12B37E F9 EF -1553
12B380 41 A9 16809
12B382 97 CB -26677
12B384 41 A9 16809
12B386 C8 DD -14115
12B388 41 A9 16809
12B38A C8 DD -14115
12B38C 41 A9 16809
12B38E F9 EF -1553
12B390 41 A9 16809
12B392 66 B8 26296
12B394 41 A9 16809
12B396 BC 98 -17256
12B398 41 A9 16809
12B39A 97 CB -26677
12B39C 41 A9 16809
12B39E C8 DD -14115
12B3A0 41 A9 16809
12B3A2 97 CB -26677
12B3A4 41 A9 16809
12B3A6 97 CB -26677
12B3A8 41 A9 16809
12B3AA C8 DD -14115
12B3AC 41 A9 16809
12B3AE 97 CB -26677
12B3B0 41 A9 16809
12B3B2 97 CB -26677
12B3B4 41 A9 16809
12B3B6 C8 DD -14115
12B3B8 41 A9 16809
12B3BA ED AB -4693
12B3BC 41 A9 16809
12B3BE C8 DD -14115
12B3C0 41 A9 16809
12B3C2 C8 DD -14115
12B3C4 41 A9 16809
12B3C6 C8 DD -14115
12B3C8 41 A9 16809
12B3CA C8 DD -14115
12B3CC 41 A9 16809
12B3CE C8 DD -14115
12B3D0 41 A9 16809
12B3D2 C8 DD -14115
12B3D4 41 A9 16809
12B3D6 F9 EF -1553
12B3D8 41 A9 16809
12B3DA 97 CB -26677
12B3DC 41 A9 16809
12B3DE 97 CB -26677
12B3E0 41 A9 16809
12B3E2 F9 EF -1553
12B3E4 41 A9 16809
12B3E6 C8 DD -14115
12B3E8 41 A9 16809
12B3EA 97 CB -26677
12B3EC 41 A9 16809
12B3EE 97 CB -26677
12B3F0 41 A9 16809
12B3F2 97 CB -26677
12B3F4 41 A9 16809
12B3F6 C8 DD -14115
12B3F8 41 A9 16809
12B3FA C8 DD -14115
12B3FC 41 A9 16809
12B3FE 97 CB -26677
12B400 41 A9 16809
12B402 97 CB -26677
12B404 41 A9 16809
12B406 97 CB -26677
12B408 41 A9 16809
12B40A 97 CB -26677
12B40C 41 A9 16809
12B40E 97 CB -26677
12B410 41 A9 16809
12B412 66 B8 26296
12B414 41 A9 16809
12B416 F9 EF -1553
12B418 41 A9 16809
12B41A C8 DD -14115
12B41C 41 A9 16809
12B41E C8 DD -14115
12B420 41 A9 16809
12B422 97 CB -26677
12B424 41 A9 16809
12B426 C8 DD -14115
12B428 41 A9 16809
12B42A C8 DD -14115
12B42C 41 A9 16809
12B42E 97 CB -26677
12B430 41 A9 16809
12B432 C8 DD -14115
12B434 41 A9 16809
12B436 F9 EF -1553
12B438 41 A9 16809
12B43A F9 EF -1553
12B43C 41 A9 16809
12B43E C8 DD -14115
12B440 41 A9 16809
12B442 C8 DD -14115
12B444 41 A9 16809
12B446 C8 DD -14115
12B448 41 A9 16809
12B44A F9 EF -1553
12B44C 41 A9 16809
12B44E 97 CB -26677
12B450 41 A9 16809
12B452 C8 DD -14115
12B454 41 A9 16809
12B456 97 CB -26677
12B458 41 A9 16809
12B45A 97 CB -26677
12B45C 41 A9 16809
12B45E C8 DD -14115
12B460 41 A9 16809
12B462 97 CB -26677
12B464 41 A9 16809
12B466 97 CB -26677
12B468 41 A9 16809
12B46A ED AB -4693
12B46C 41 A9 16809
12B46E 97 CB -26677
12B470 41 A9 16809
12B472 66 B8 26296
12B474 41 A9 16809
12B476 C8 DD -14115
12B478 41 A9 16809
12B47A C8 DD -14115
12B47C 41 A9 16809
12B47E C8 DD -14115
12B480 41 A9 16809
12B482 F9 EF -1553
12B484 41 A9 16809
12B486 C8 DD -14115
12B488 41 A9 16809
12B48A 97 CB -26677
12B48C 41 A9 16809
12B48E 66 B8 26296
12B490 41 A9 16809
12B492 97 CB -26677
12B494 41 A9 16809
12B496 C8 DD -14115
12B498 41 A9 16809
12B49A C8 DD -14115
12B49C 41 A9 16809
12B49E C8 DD -14115
12B4A0 41 A9 16809
12B4A2 C8 DD -14115
12B4A4 41 A9 16809
12B4A6 97 CB -26677
12B4A8 41 A9 16809
12B4AA 97 CB -26677
12B4AC 41 A9 16809
12B4AE 97 CB -26677
12B4B0 41 A9 16809
12B4B2 97 CB -26677
12B4B4 41 A9 16809
12B4B6 C8 DD -14115
12B4B8 41 A9 16809
12B4BA 97 CB -26677
12B4BC 41 A9 16809
12B4BE C8 DD -14115
12B4C0 41 A9 16809
12B4C2 97 CB -26677
12B4C4 41 A9 16809
12B4C6 97 CB -26677
12B4C8 41 A9 16809
12B4CA 97 CB -26677
12B4CC 41 A9 16809
12B4CE 66 B8 26296
12B4D0 41 A9 16809
12B4D2 C8 DD -14115
12B4D4 41 A9 16809
12B4D6 66 B8 26296
12B4D8 41 A9 16809
12B4DA 97 CB -26677
12B4DC 41 A9 16809
12B4DE 97 CB -26677
12B4E0 41 A9 16809
12B4E2 C8 DD -14115
12B4E4 41 A9 16809
12B4E6 F9 EF -1553
12B4E8 41 A9 16809
12B4EA C8 DD -14115
12B4EC 41 A9 16809
12B4EE C8 DD -14115
12B4F0 41 A9 16809
12B4F2 C8 DD -14115
12B4F4 41 A9 16809
12B4F6 C8 DD -14115
12B4F8 41 A9 16809
12B4FA F9 EF -1553
12B4FC 41 A9 16809
12B4FE C8 DD -14115
12B500 41 A9 16809
12B502 97 CB -26677
12B504 41 A9 16809
12B506 C8 DD -14115
12B508 41 A9 16809
12B50A C8 DD -14115
12B50C 41 A9 16809
12B50E 97 CB -26677
12B510 41 A9 16809
12B512 97 CB -26677
12B514 41 A9 16809
12B516 97 CB -26677
12B518 41 A9 16809
12B51A 97 CB -26677
12B51C 41 A9 16809
12B51E 97 CB -26677
12B520 41 A9 16809
12B522 66 B8 26296
12B524 41 A9 16809
12B526 97 CB -26677
12B528 41 A9 16809
12B52A 97 CB -26677
12B52C 41 A9 16809
12B52E C8 DD -14115
12B530 41 A9 16809
12B532 97 CB -26677
12B534 41 A9 16809
12B536 97 CB -26677
12B538 41 A9 16809
12B53A C8 DD -14115
12B53C 41 A9 16809
12B53E 66 B8 26296
12B540 41 A9 16809
12B542 F9 EF -1553
12B544 41 A9 16809
12B546 F9 EF -1553
12B548 41 A9 16809
12B54A 97 CB -26677
12B54C 41 A9 16809
12B54E C8 DD -14115
12B550 41 A9 16809
12B552 C8 DD -14115
12B554 41 A9 16809
12B556 C8 DD -14115
12B558 41 A9 16809
12B55A C8 DD -14115
12B55C 41 A9 16809
12B55E C8 DD -14115
12B560 41 A9 16809
12B562 C8 DD -14115
12B564 41 A9 16809
12B566 F9 EF -1553
12B568 41 A9 16809
12B56A 97 CB -26677
12B56C 41 A9 16809
12B56E 97 CB -26677
12B570 41 A9 16809
12B572 97 CB -26677
12B574 41 A9 16809
12B576 97 CB -26677
12B578 41 A9 16809
12B57A C8 DD -14115
12B57C 41 A9 16809
12B57E C8 DD -14115
12B580 41 A9 16809
12B582 97 CB -26677
12B584 41 A9 16809
12B586 97 CB -26677
12B588 41 A9 16809
12B58A 97 CB -26677
12B58C 41 A9 16809
12B58E 97 CB -26677
12B590 41 A9 16809
12B592 97 CB -26677
12B594 41 A9 16809
12B596 C8 DD -14115
12B598 41 A9 16809
12B59A 97 CB -26677
12B59C 41 A9 16809
12B59E C8 DD -14115
12B5A0 41 A9 16809
12B5A2 C8 DD -14115
12B5A4 41 A9 16809
12B5A6 97 CB -26677
12B5A8 41 A9 16809
12B5AA C8 DD -14115
12B5AC 41 A9 16809
12B5AE C8 DD -14115
12B5B0 41 A9 16809
12B5B2 F9 EF -1553
12B5B4 41 AA 16810
12B5B6 2B 01 11009
12B5B8 41 A9 16809
12B5BA C8 DD -14115
12B5BC 41 A9 16809
12B5BE F9 EF -1553
12B5C0 41 A9 16809
12B5C2 C8 DD -14115
12B5C4 41 A9 16809
12B5C6 C8 DD -14115
12B5C8 41 A9 16809
12B5CA F9 EF -1553
12B5CC 41 A9 16809
12B5CE C8 DD -14115
12B5D0 41 A9 16809
12B5D2 97 CB -26677
12B5D4 41 A9 16809
12B5D6 C8 DD -14115
12B5D8 41 A9 16809
12B5DA C8 DD -14115
12B5DC 41 A9 16809
12B5DE 97 CB -26677
12B5E0 41 A9 16809
12B5E2 97 CB -26677
12B5E4 41 A9 16809
12B5E6 97 CB -26677
12B5E8 41 A9 16809
12B5EA 97 CB -26677
12B5EC 41 A9 16809
12B5EE 97 CB -26677
12B5F0 41 A9 16809
12B5F2 97 CB -26677
12B5F4 41 A9 16809
12B5F6 97 CB -26677
12B5F8 41 A9 16809
12B5FA C8 DD -14115
12B5FC 41 A9 16809
12B5FE F9 EF -1553
12B600 41 A9 16809
12B602 97 CB -26677
12B604 41 A9 16809
12B606 C8 DD -14115
12B608 41 A9 16809
12B60A F9 EF -1553
12B60C 41 A9 16809
12B60E C8 DD -14115
12B610 41 A9 16809
12B612 C8 DD -14115
12B614 41 A9 16809
12B616 F9 EF -1553
12B618 41 A9 16809
12B61A 7F 42 32578
12B61C 41 A9 16809
12B61E F9 EF -1553
12B620 41 A9 16809
12B622 F9 EF -1553
12B624 41 A9 16809
12B626 97 CB -26677
12B628 41 A9 16809
12B62A 97 CB -26677
12B62C 41 A9 16809
12B62E C8 DD -14115
12B630 41 A9 16809
12B632 97 CB -26677
12B634 41 A9 16809
12B636 97 CB -26677
12B638 41 A9 16809
12B63A 97 CB -26677
12B63C 41 A9 16809
12B63E 97 CB -26677
12B640 41 A9 16809
12B642 97 CB -26677
12B644 41 A9 16809
12B646 97 CB -26677
12B648 41 A9 16809
12B64A 97 CB -26677
12B64C 41 A9 16809
12B64E 97 CB -26677
12B650 41 A9 16809
12B652 97 CB -26677
12B654 41 A9 16809
12B656 97 CB -26677
12B658 41 A9 16809
12B65A 97 CB -26677
12B65C 41 A9 16809
12B65E 97 CB -26677
12B660 41 A9 16809
12B662 C8 DD -14115
12B664 41 A9 16809
12B666 C8 DD -14115
12B668 41 A9 16809
12B66A 97 CB -26677
12B66C 41 A9 16809
12B66E E1 66 -7834
12B670 41 A9 16809
12B672 C8 DD -14115
12B674 41 A9 16809
12B676 C8 DD -14115
12B678 41 A9 16809
12B67A 97 CB -26677
12B67C 41 A9 16809
12B67E C8 DD -14115
12B680 41 A9 16809
12B682 F9 EF -1553
12B684 41 A9 16809
12B686 C8 DD -14115
12B688 41 A9 16809
12B68A C8 DD -14115
12B68C 41 A9 16809
12B68E C8 DD -14115
12B690 41 A9 16809
12B692 97 CB -26677
12B694 41 A9 16809
12B696 C8 DD -14115
12B698 41 A9 16809
12B69A C8 DD -14115
12B69C 41 A9 16809
12B69E 66 B8 26296
12B6A0 41 A9 16809
12B6A2 97 CB -26677
12B6A4 41 A9 16809
12B6A6 97 CB -26677
12B6A8 41 A9 16809
12B6AA 97 CB -26677
12B6AC 41 A9 16809
12B6AE 97 CB -26677
12B6B0 41 A9 16809
12B6B2 97 CB -26677
12B6B4 41 A9 16809
12B6B6 97 CB -26677
12B6B8 41 A9 16809
12B6BA 66 B8 26296
12B6BC 41 A9 16809
12B6BE C8 DD -14115
12B6C0 41 A9 16809
12B6C2 C8 DD -14115
12B6C4 41 A9 16809
12B6C6 F9 EF -1553
12B6C8 41 A9 16809
12B6CA 97 CB -26677
12B6CC 41 A9 16809
12B6CE C8 DD -14115
12B6D0 41 A9 16809
12B6D2 C8 DD -14115
12B6D4 41 A9 16809
12B6D6 66 B8 26296
12B6D8 41 A9 16809
12B6DA C8 DD -14115
12B6DC 41 A9 16809
12B6DE C8 DD -14115
12B6E0 41 A9 16809
12B6E2 C8 DD -14115
12B6E4 41 A9 16809
12B6E6 97 CB -26677
12B6E8 41 A9 16809
12B6EA 97 CB -26677
12B6EC 41 A9 16809
12B6EE 97 CB -26677
12B6F0 41 A9 16809
12B6F2 C8 DD -14115
12B6F4 41 A9 16809
12B6F6 97 CB -26677
12B6F8 41 A9 16809
12B6FA 66 B8 26296
12B6FC 41 A9 16809
12B6FE 97 CB -26677
12B700 41 A9 16809
12B702 97 CB -26677
12B704 41 A9 16809
12B706 35 A6 13734
12B708 41 A9 16809
12B70A 97 CB -26677
12B70C 41 A9 16809
12B70E C8 DD -14115
12B710 41 A9 16809
12B712 97 CB -26677
12B714 41 A9 16809
12B716 C8 DD -14115
12B718 41 A9 16809
12B71A C8 DD -14115
12B71C 41 A9 16809
12B71E C8 DD -14115
12B720 41 A9 16809
12B722 C8 DD -14115
12B724 41 A9 16809
12B726 C8 DD -14115
12B728 41 A9 16809
12B72A C8 DD -14115
12B72C 41 A9 16809
12B72E 97 CB -26677
12B730 41 A9 16809
12B732 C8 DD -14115
12B734 41 A9 16809
12B736 C8 DD -14115
12B738 41 A9 16809
12B73A C8 DD -14115
12B73C 41 A9 16809
12B73E F9 EF -1553
12B740 41 A9 16809
12B742 C8 DD -14115
12B744 41 A9 16809
12B746 97 CB -26677
12B748 41 A9 16809
12B74A 97 CB -26677
12B74C 41 A9 16809
12B74E 97 CB -26677
12B750 41 A9 16809
12B752 97 CB -26677
12B754 41 A9 16809
12B756 C8 DD -14115
12B758 41 A9 16809
12B75A 97 CB -26677
12B75C 41 A9 16809
12B75E 66 B8 26296
12B760 41 A9 16809
12B762 97 CB -26677
12B764 41 A9 16809
12B766 97 CB -26677
12B768 41 A9 16809
12B76A C8 DD -14115
12B76C 41 A9 16809
12B76E 97 CB -26677
12B770 41 A9 16809
12B772 C8 DD -14115
12B774 41 A9 16809
12B776 F9 EF -1553
12B778 41 A9 16809
12B77A 97 CB -26677
12B77C 41 A9 16809
12B77E C8 DD -14115
12B780 41 A9 16809
12B782 97 CB -26677
12B784 41 A9 16809
12B786 C8 DD -14115
12B788 41 A9 16809
12B78A 97 CB -26677
12B78C 41 A9 16809
12B78E C8 DD -14115
12B790 41 A9 16809
12B792 C8 DD -14115
12B794 41 A9 16809
12B796 C8 DD -14115
12B798 41 A9 16809
12B79A F9 EF -1553
12B79C 41 A9 16809
12B79E C8 DD -14115
12B7A0 41 A9 16809
12B7A2 C8 DD -14115
12B7A4 41 AA 16810
12B7A6 2B 01 11009
12B7A8 41 A9 16809
12B7AA 97 CB -26677
12B7AC 41 A9 16809
12B7AE C8 DD -14115
12B7B0 41 A9 16809
12B7B2 97 CB -26677
12B7B4 41 A9 16809
12B7B6 97 CB -26677
12B7B8 41 A9 16809
12B7BA C8 DD -14115
12B7BC 41 A9 16809
12B7BE C8 DD -14115
12B7C0 41 A9 16809
12B7C2 C8 DD -14115
12B7C4 41 A9 16809
12B7C6 66 B8 26296
12B7C8 41 A9 16809
12B7CA 97 CB -26677
12B7CC 41 A9 16809
12B7CE 97 CB -26677
12B7D0 41 A9 16809
12B7D2 97 CB -26677
12B7D4 41 A9 16809
12B7D6 97 CB -26677
12B7D8 41 A9 16809
12B7DA F9 EF -1553
12B7DC 41 A9 16809
12B7DE F9 EF -1553
12B7E0 41 A9 16809
12B7E2 C8 DD -14115
12B7E4 41 A9 16809
12B7E6 C8 DD -14115
12B7E8 41 A9 16809
12B7EA C8 DD -14115
12B7EC 41 A9 16809
12B7EE C8 DD -14115
12B7F0 41 A9 16809
12B7F2 C8 DD -14115
12B7F4 41 A9 16809
12B7F6 C8 DD -14115
12B7F8 41 A9 16809
12B7FA F9 EF -1553
12B7FC 41 A9 16809
12B7FE C8 DD -14115
12B800 41 A9 16809
12B802 F9 EF -1553
12B804 41 A9 16809
12B806 C8 DD -14115
12B808 41 A9 16809
12B80A C8 DD -14115
12B80C 41 A9 16809
12B80E C8 DD -14115
12B810 41 A9 16809
12B812 F9 EF -1553
12B814 41 A9 16809
12B816 C8 DD -14115
12B818 41 A9 16809
12B81A 66 B8 26296
12B81C 41 A9 16809
12B81E C8 DD -14115
12B820 41 A9 16809
12B822 97 CB -26677
12B824 41 A9 16809
12B826 97 CB -26677
12B828 41 A9 16809
12B82A C8 DD -14115
12B82C 41 A9 16809
12B82E 97 CB -26677
12B830 41 A9 16809
12B832 97 CB -26677
12B834 41 A9 16809
12B836 97 CB -26677
12B838 41 A9 16809
12B83A 97 CB -26677
12B83C 41 A9 16809
12B83E C8 DD -14115
12B840 41 A9 16809
12B842 97 CB -26677
12B844 41 A9 16809
12B846 C8 DD -14115
12B848 41 A9 16809
12B84A C8 DD -14115
12B84C 41 A9 16809
12B84E F9 EF -1553
12B850 41 A9 16809
12B852 F9 EF -1553
12B854 41 A9 16809
12B856 F9 EF -1553
12B858 41 A9 16809
12B85A C8 DD -14115
12B85C 41 A9 16809
12B85E F9 EF -1553
12B860 41 A9 16809
12B862 D5 22 -10974
12B864 41 A9 16809
12B866 C8 DD -14115
12B868 41 A9 16809
12B86A F9 EF -1553
12B86C 41 A9 16809
12B86E C8 DD -14115
12B870 41 A9 16809
12B872 C8 DD -14115
12B874 41 A9 16809
12B876 C8 DD -14115
12B878 41 A9 16809
12B87A 97 CB -26677
12B87C 41 A9 16809
12B87E C8 DD -14115
12B880 41 A9 16809
12B882 97 CB -26677
12B884 41 A9 16809
12B886 C8 DD -14115
12B888 41 A9 16809
12B88A C8 DD -14115
12B88C 41 A9 16809
12B88E 97 CB -26677
12B890 41 A9 16809
12B892 97 CB -26677
12B894 41 A9 16809
12B896 97 CB -26677
12B898 41 A9 16809
12B89A 97 CB -26677
12B89C 41 A9 16809
12B89E C8 DD -14115
12B8A0 41 A9 16809
12B8A2 C8 DD -14115
12B8A4 41 A9 16809
12B8A6 C8 DD -14115
12B8A8 41 A9 16809
12B8AA C8 DD -14115
12B8AC 41 A9 16809
12B8AE 97 CB -26677
12B8B0 41 A9 16809
12B8B2 C8 DD -14115
12B8B4 41 A9 16809
12B8B6 A4 0F -23537
12B8B8 41 A9 16809
12B8BA C8 DD -14115
12B8BC 41 A9 16809
12B8BE F9 EF -1553
12B8C0 41 A9 16809
12B8C2 C8 DD -14115
12B8C4 41 A9 16809
12B8C6 C8 DD -14115
12B8C8 41 A9 16809
12B8CA C8 DD -14115
12B8CC 41 A9 16809
12B8CE 97 CB -26677
12B8D0 41 A9 16809
12B8D2 97 CB -26677
12B8D4 41 A9 16809
12B8D6 97 CB -26677
12B8D8 41 A9 16809
12B8DA C8 DD -14115
12B8DC 41 A9 16809
12B8DE 97 CB -26677
12B8E0 41 A9 16809
12B8E2 C8 DD -14115
12B8E4 41 A9 16809
12B8E6 97 CB -26677
12B8E8 41 A9 16809
12B8EA 97 CB -26677
12B8EC 41 A9 16809
12B8EE 97 CB -26677
12B8F0 41 A9 16809
12B8F2 97 CB -26677
12B8F4 41 A9 16809
12B8F6 C8 DD -14115
12B8F8 41 A9 16809
12B8FA 97 CB -26677
12B8FC 41 A9 16809
12B8FE 41 EB 16875
12B900 41 A9 16809
12B902 C8 DD -14115
12B904 41 A9 16809
12B906 C8 DD -14115
12B908 41 A9 16809
12B90A F9 EF -1553
12B90C 41 A9 16809
12B90E 97 CB -26677
12B910 41 A9 16809
12B912 C8 DD -14115
12B914 41 A9 16809
12B916 66 B8 26296
12B918 41 A9 16809
12B91A F9 EF -1553
12B91C 41 A9 16809
12B91E C8 DD -14115
12B920 41 A9 16809
12B922 C8 DD -14115
12B924 41 A9 16809
12B926 C8 DD -14115
12B928 41 A9 16809
12B92A C8 DD -14115
12B92C 41 A9 16809
12B92E C8 DD -14115
12B930 41 A9 16809
12B932 C8 DD -14115
12B934 41 A9 16809
12B936 C8 DD -14115
12B938 41 A9 16809
12B93A C8 DD -14115
12B93C 41 A9 16809
12B93E C8 DD -14115
12B940 41 A9 16809
12B942 66 B8 26296
12B944 41 A9 16809
12B946 C8 DD -14115
12B948 41 A9 16809
12B94A 97 CB -26677
12B94C 41 A9 16809
12B94E 66 B8 26296
12B950 41 A9 16809
12B952 97 CB -26677
12B954 41 A9 16809
12B956 97 CB -26677
12B958 41 A9 16809
12B95A 97 CB -26677
12B95C 41 A9 16809
12B95E F9 EF -1553
12B960 41 A9 16809
12B962 97 CB -26677
12B964 41 A9 16809
12B966 97 CB -26677
12B968 41 A9 16809
12B96A 97 CB -26677
12B96C 41 A9 16809
12B96E C8 DD -14115
12B970 41 A9 16809
12B972 C8 DD -14115
12B974 41 A9 16809
12B976 C8 DD -14115
12B978 41 A9 16809
12B97A C8 DD -14115
12B97C 41 A9 16809
12B97E F9 EF -1553
12B980 41 A9 16809
12B982 F9 EF -1553
12B984 41 A9 16809
12B986 F9 EF -1553
12B988 41 A9 16809
12B98A C8 DD -14115
12B98C 41 A9 16809
12B98E F9 EF -1553
12B990 41 A9 16809
12B992 97 CB -26677
12B994 41 A9 16809
12B996 97 CB -26677
12B998 41 A9 16809
12B99A F9 EF -1553
12B99C 41 A9 16809
12B99E C8 DD -14115
12B9A0 41 A9 16809
12B9A2 35 A6 13734
12B9A4 41 A9 16809
12B9A6 C8 DD -14115
12B9A8 41 A9 16809
12B9AA 97 CB -26677
12B9AC 41 A9 16809
12B9AE 97 CB -26677
12B9B0 41 A9 16809
12B9B2 97 CB -26677
12B9B4 41 A9 16809
12B9B6 66 B8 26296
12B9B8 41 A9 16809
12B9BA 97 CB -26677
12B9BC 41 A9 16809
12B9BE 97 CB -26677
12B9C0 41 A9 16809
12B9C2 97 CB -26677
12B9C4 41 A9 16809
12B9C6 97 CB -26677
12B9C8 41 A9 16809
12B9CA 97 CB -26677
12B9CC 41 A9 16809
12B9CE C8 DD -14115
12B9D0 41 A9 16809
12B9D2 C8 DD -14115
12B9D4 41 A9 16809
12B9D6 C8 DD -14115
12B9D8 41 A9 16809
12B9DA 97 CB -26677
12B9DC 41 A9 16809
12B9DE F9 EF -1553
12B9E0 41 A9 16809
12B9E2 C8 DD -14115
12B9E4 41 A9 16809
12B9E6 F9 EF -1553
12B9E8 41 A9 16809
12B9EA C8 DD -14115
12B9EC 41 A9 16809
12B9EE C8 DD -14115
12B9F0 41 A9 16809
12B9F2 97 CB -26677
12B9F4 41 A9 16809
12B9F6 C8 DD -14115
12B9F8 41 A9 16809
12B9FA C8 DD -14115
12B9FC 41 A9 16809
12B9FE C8 DD -14115
12BA00 41 A9 16809
12BA02 F9 EF -1553
12BA04 41 A9 16809
12BA06 C8 DD -14115
12BA08 41 A9 16809
12BA0A C8 DD -14115
12BA0C 41 A9 16809
12BA0E 97 CB -26677
12BA10 41 A9 16809
12BA12 97 CB -26677
12BA14 41 A9 16809
12BA16 97 CB -26677
12BA18 41 A9 16809
12BA1A C8 DD -14115
12BA1C 41 A9 16809
12BA1E 97 CB -26677
12BA20 41 A9 16809
12BA22 C8 DD -14115
12BA24 41 A9 16809
12BA26 C8 DD -14115
12BA28 41 A9 16809
12BA2A F9 EF -1553
12BA2C 41 A9 16809
12BA2E C8 DD -14115
12BA30 41 A9 16809
12BA32 F9 EF -1553
12BA34 41 A9 16809
12BA36 C8 DD -14115
12BA38 41 A9 16809
12BA3A C8 DD -14115
12BA3C 41 A9 16809
12BA3E C8 DD -14115
12BA40 41 A9 16809
12BA42 C8 DD -14115
12BA44 41 A9 16809
12BA46 C8 DD -14115
12BA48 41 A9 16809
12BA4A 97 CB -26677
12BA4C 41 A9 16809
12BA4E F9 EF -1553
12BA50 41 A9 16809
12BA52 F9 EF -1553
12BA54 41 A9 16809
12BA56 C8 DD -14115
12BA58 41 A9 16809
12BA5A C8 DD -14115
12BA5C 41 A9 16809
12BA5E C8 DD -14115
12BA60 41 A9 16809
12BA62 F9 EF -1553
12BA64 41 A9 16809
12BA66 C8 DD -14115
12BA68 41 A9 16809
12BA6A C8 DD -14115
12BA6C 41 A9 16809
12BA6E 66 B8 26296
12BA70 41 A9 16809
12BA72 97 CB -26677
12BA74 41 A9 16809
12BA76 97 CB -26677
12BA78 41 A9 16809
12BA7A F9 EF -1553
12BA7C 41 A9 16809
12BA7E 97 CB -26677
12BA80 41 A9 16809
12BA82 C8 DD -14115
12BA84 41 A9 16809
12BA86 C8 DD -14115
12BA88 41 A9 16809
12BA8A 97 CB -26677
12BA8C 41 A9 16809
12BA8E 97 CB -26677
12BA90 41 A9 16809
12BA92 F9 EF -1553
12BA94 41 A9 16809
12BA96 97 CB -26677
12BA98 41 A9 16809
12BA9A C8 DD -14115
12BA9C 41 A9 16809
12BA9E F9 EF -1553
12BAA0 41 A9 16809
12BAA2 C8 DD -14115
12BAA4 41 A9 16809
12BAA6 C8 DD -14115
12BAA8 41 A9 16809
12BAAA C8 DD -14115
12BAAC 41 A9 16809
12BAAE C8 DD -14115
12BAB0 41 A9 16809
12BAB2 C8 DD -14115
12BAB4 41 A9 16809
12BAB6 97 CB -26677
12BAB8 41 A9 16809
12BABA 97 CB -26677
12BABC 41 A9 16809
12BABE C8 DD -14115
12BAC0 41 A9 16809
12BAC2 C8 DD -14115
12BAC4 41 A9 16809
12BAC6 97 CB -26677
12BAC8 41 A9 16809
12BACA 97 CB -26677
12BACC 41 A9 16809
12BACE 97 CB -26677
12BAD0 41 A9 16809
12BAD2 C8 DD -14115
12BAD4 41 A9 16809
12BAD6 97 CB -26677
12BAD8 41 A9 16809
12BADA C8 DD -14115
12BADC 41 A9 16809
12BADE 97 CB -26677
12BAE0 41 A9 16809
12BAE2 C8 DD -14115
12BAE4 41 A9 16809
12BAE6 97 CB -26677
12BAE8 41 A9 16809
12BAEA F9 EF -1553
12BAEC 41 A9 16809
12BAEE C8 DD -14115
12BAF0 41 A9 16809
12BAF2 97 CB -26677
12BAF4 41 A9 16809
12BAF6 C8 DD -14115
12BAF8 41 A9 16809
12BAFA C8 DD -14115
12BAFC 41 A9 16809
12BAFE C8 DD -14115
12BB00 41 A9 16809
12BB02 F9 EF -1553
12BB04 41 A9 16809
12BB06 F9 EF -1553
12BB08 41 A9 16809
12BB0A C8 DD -14115
12BB0C 41 A9 16809
12BB0E F9 EF -1553
12BB10 41 A9 16809
12BB12 C8 DD -14115
12BB14 41 A9 16809
12BB16 C8 DD -14115
12BB18 41 A9 16809
12BB1A C8 DD -14115
12BB1C 41 A9 16809
12BB1E 97 CB -26677
12BB20 41 A9 16809
12BB22 C8 DD -14115
12BB24 41 A9 16809
12BB26 C8 DD -14115
12BB28 41 A9 16809
12BB2A C8 DD -14115
12BB2C 41 A9 16809
12BB2E 97 CB -26677
12BB30 41 A9 16809
12BB32 97 CB -26677
12BB34 41 A9 16809
12BB36 C8 DD -14115
12BB38 41 A9 16809
12BB3A 66 B8 26296
12BB3C 41 A9 16809
12BB3E 97 CB -26677
12BB40 41 A9 16809
12BB42 97 CB -26677
12BB44 41 A9 16809
12BB46 97 CB -26677
12BB48 41 A9 16809
12BB4A C8 DD -14115
12BB4C 41 A9 16809
12BB4E C8 DD -14115
12BB50 41 A9 16809
12BB52 C8 DD -14115
12BB54 41 A9 16809
12BB56 C8 DD -14115
12BB58 41 A9 16809
12BB5A F9 EF -1553
12BB5C 41 A9 16809
12BB5E C8 DD -14115
12BB60 41 A9 16809
12BB62 F9 EF -1553
12BB64 41 A9 16809
12BB66 97 CB -26677
12BB68 41 A9 16809
12BB6A 97 CB -26677
12BB6C 41 A9 16809
12BB6E F9 EF -1553
12BB70 41 A9 16809
12BB72 C8 DD -14115
12BB74 41 A9 16809
12BB76 C8 DD -14115
12BB78 41 A9 16809
12BB7A C8 DD -14115
12BB7C 41 A9 16809
12BB7E C8 DD -14115
12BB80 41 A9 16809
12BB82 C8 DD -14115
12BB84 41 A9 16809
12BB86 97 CB -26677
12BB88 41 A9 16809
12BB8A 97 CB -26677
12BB8C 41 A9 16809
12BB8E 97 CB -26677
12BB90 41 A9 16809
12BB92 C8 DD -14115
12BB94 41 A9 16809
12BB96 97 CB -26677
12BB98 41 A9 16809
12BB9A 97 CB -26677
12BB9C 41 A9 16809
12BB9E C8 DD -14115
12BBA0 41 A9 16809
12BBA2 97 CB -26677
12BBA4 41 A9 16809
12BBA6 97 CB -26677
12BBA8 41 A9 16809
12BBAA 97 CB -26677
12BBAC 41 A9 16809
12BBAE F9 EF -1553
12BBB0 41 A9 16809
12BBB2 97 CB -26677
12BBB4 41 A9 16809
12BBB6 97 CB -26677
12BBB8 41 A9 16809
12BBBA F9 EF -1553
12BBBC 41 A9 16809
12BBBE C8 DD -14115
12BBC0 41 A9 16809
12BBC2 97 CB -26677
12BBC4 41 A9 16809
12BBC6 C8 DD -14115
12BBC8 41 AA 16810
12BBCA 2B 01 11009
12BBCC 41 A9 16809
12BBCE C8 DD -14115
12BBD0 41 A9 16809
12BBD2 F9 EF -1553
12BBD4 41 A9 16809
12BBD6 C8 DD -14115
12BBD8 41 A9 16809
12BBDA C8 DD -14115
12BBDC 41 A9 16809
12BBDE C8 DD -14115
12BBE0 41 A9 16809
12BBE2 97 CB -26677
12BBE4 41 A9 16809
12BBE6 97 CB -26677
12BBE8 41 A9 16809
12BBEA C8 DD -14115
12BBEC 41 A9 16809
12BBEE 97 CB -26677
12BBF0 41 A9 16809
12BBF2 97 CB -26677
12BBF4 41 A9 16809
12BBF6 C8 DD -14115
12BBF8 41 A9 16809
12BBFA F9 EF -1553
12BBFC 41 A9 16809
12BBFE 97 CB -26677
12BC00 41 A9 16809
12BC02 97 CB -26677
12BC04 41 A9 16809
12BC06 97 CB -26677
12BC08 41 A9 16809
12BC0A 97 CB -26677
12BC0C 41 A9 16809
12BC0E 97 CB -26677
12BC10 41 A9 16809
12BC12 C8 DD -14115
12BC14 41 A9 16809
12BC16 C8 DD -14115
12BC18 41 AA 16810
12BC1A 2B 01 11009
12BC1C 41 A9 16809
12BC1E C8 DD -14115
12BC20 41 A9 16809
12BC22 97 CB -26677
12BC24 41 A9 16809
12BC26 97 CB -26677
12BC28 41 A9 16809
12BC2A C8 DD -14115
12BC2C 41 A9 16809
12BC2E C8 DD -14115
12BC30 41 A9 16809
12BC32 C8 DD -14115
12BC34 41 A9 16809
12BC36 C8 DD -14115
12BC38 41 A9 16809
12BC3A C8 DD -14115
12BC3C 41 A9 16809
12BC3E F9 EF -1553
12BC40 41 A9 16809
12BC42 C8 DD -14115
12BC44 41 A9 16809
12BC46 C8 DD -14115
12BC48 41 A9 16809
12BC4A F9 EF -1553
12BC4C 41 A9 16809
12BC4E C8 DD -14115
12BC50 41 A9 16809
12BC52 C8 DD -14115
12BC54 41 A9 16809
12BC56 97 CB -26677
12BC58 41 A9 16809
12BC5A 97 CB -26677
12BC5C 41 A9 16809
12BC5E ED AB -4693
12BC60 41 A9 16809
12BC62 97 CB -26677
12BC64 41 A9 16809
12BC66 C8 DD -14115
12BC68 41 A9 16809
12BC6A C8 DD -14115
12BC6C 41 A9 16809
12BC6E 97 CB -26677
12BC70 41 A9 16809
12BC72 C8 DD -14115
12BC74 41 A9 16809
12BC76 97 CB -26677
12BC78 41 A9 16809
12BC7A C8 DD -14115
12BC7C 41 A9 16809
12BC7E C8 DD -14115
12BC80 41 A9 16809
12BC82 97 CB -26677
12BC84 41 A9 16809
12BC86 C8 DD -14115
12BC88 41 A9 16809
12BC8A F9 EF -1553
12BC8C 41 A9 16809
12BC8E C8 DD -14115
12BC90 41 A9 16809
12BC92 F9 EF -1553
12BC94 41 A9 16809
12BC96 C8 DD -14115
12BC98 41 A9 16809
12BC9A C8 DD -14115
12BC9C 41 A9 16809
12BC9E C8 DD -14115
12BCA0 41 A9 16809
12BCA2 C8 DD -14115
12BCA4 41 A9 16809
12BCA6 C8 DD -14115
12BCA8 41 A9 16809
12BCAA 97 CB -26677
12BCAC 41 A9 16809
12BCAE 97 CB -26677
12BCB0 41 A9 16809
12BCB2 97 CB -26677
12BCB4 41 A9 16809
12BCB6 C8 DD -14115
12BCB8 41 A9 16809
12BCBA 97 CB -26677
12BCBC 41 A9 16809
12BCBE 97 CB -26677
12BCC0 41 A9 16809
12BCC2 97 CB -26677
12BCC4 41 A9 16809
12BCC6 66 B8 26296
12BCC8 41 A9 16809
12BCCA C8 DD -14115
12BCCC 41 A9 16809
12BCCE C8 DD -14115
12BCD0 41 A9 16809
12BCD2 C8 DD -14115
12BCD4 41 A9 16809
12BCD6 C8 DD -14115
12BCD8 41 A9 16809
12BCDA C8 DD -14115
12BCDC 41 A9 16809
12BCDE C8 DD -14115
12BCE0 41 A9 16809
12BCE2 C8 DD -14115
12BCE4 41 A9 16809
12BCE6 C8 DD -14115
12BCE8 41 A9 16809
12BCEA 97 CB -26677
12BCEC 41 A9 16809
12BCEE C8 DD -14115
12BCF0 41 A9 16809
12BCF2 C8 DD -14115
12BCF4 41 A9 16809
12BCF6 C8 DD -14115
12BCF8 41 A9 16809
12BCFA C8 DD -14115
12BCFC 41 A9 16809
12BCFE C8 DD -14115
12BD00 41 A9 16809
12BD02 C8 DD -14115
12BD04 41 A9 16809
12BD06 A4 0F -23537
12BD08 41 A9 16809
12BD0A C8 DD -14115
12BD0C 41 A9 16809
12BD0E C8 DD -14115
12BD10 41 A9 16809
12BD12 8B 86 -29818
12BD14 41 A9 16809
12BD16 C8 DD -14115
12BD18 41 A9 16809
12BD1A C8 DD -14115
12BD1C 41 A9 16809
12BD1E C8 DD -14115
12BD20 41 A9 16809
12BD22 97 CB -26677
12BD24 41 A9 16809
12BD26 97 CB -26677
12BD28 41 A9 16809
12BD2A 97 CB -26677
12BD2C 41 A9 16809
12BD2E 66 B8 26296
12BD30 41 A9 16809
12BD32 C8 DD -14115
12BD34 41 A9 16809
12BD36 F9 EF -1553
12BD38 41 A9 16809
12BD3A C8 DD -14115
12BD3C 41 A9 16809
12BD3E C8 DD -14115
12BD40 41 A9 16809
12BD42 97 CB -26677
12BD44 41 A9 16809
12BD46 97 CB -26677
12BD48 41 A9 16809
12BD4A ED AB -4693
12BD4C 41 A9 16809
12BD4E C8 DD -14115
12BD50 41 A9 16809
12BD52 F9 EF -1553
12BD54 41 A9 16809
12BD56 97 CB -26677
12BD58 41 A9 16809
12BD5A C8 DD -14115
12BD5C 41 A9 16809
12BD5E 97 CB -26677
12BD60 41 A9 16809
12BD62 C8 DD -14115
12BD64 41 A9 16809
12BD66 97 CB -26677
12BD68 41 A9 16809
12BD6A C8 DD -14115
12BD6C 41 A9 16809
12BD6E C8 DD -14115
12BD70 41 A9 16809
12BD72 97 CB -26677
12BD74 41 A9 16809
12BD76 C8 DD -14115
12BD78 41 A9 16809
12BD7A C8 DD -14115
12BD7C 41 A9 16809
12BD7E 97 CB -26677
12BD80 41 A9 16809
12BD82 C8 DD -14115
12BD84 41 A9 16809
12BD86 C8 DD -14115
12BD88 41 A9 16809
12BD8A 66 B8 26296
12BD8C 41 A9 16809
12BD8E 66 B8 26296
12BD90 41 A9 16809
12BD92 97 CB -26677
12BD94 41 A9 16809
12BD96 F9 EF -1553
12BD98 41 A9 16809
12BD9A C8 DD -14115
12BD9C 41 A9 16809
12BD9E C8 DD -14115
12BDA0 41 A9 16809
12BDA2 C8 DD -14115
12BDA4 41 A9 16809
12BDA6 F9 EF -1553
12BDA8 41 A9 16809
12BDAA F9 EF -1553
12BDAC 41 A9 16809
12BDAE F9 EF -1553
12BDB0 41 A9 16809
12BDB2 C8 DD -14115
12BDB4 41 A9 16809
12BDB6 C8 DD -14115
12BDB8 41 A9 16809
12BDBA C8 DD -14115
12BDBC 41 A9 16809
12BDBE C8 DD -14115
12BDC0 41 A9 16809
12BDC2 97 CB -26677
12BDC4 41 A9 16809
12BDC6 C8 DD -14115
12BDC8 41 A9 16809
12BDCA C8 DD -14115
12BDCC 41 A9 16809
12BDCE C8 DD -14115
12BDD0 41 A9 16809
12BDD2 97 CB -26677
12BDD4 41 A9 16809
12BDD6 C8 DD -14115
12BDD8 41 A9 16809
12BDDA 97 CB -26677
12BDDC 41 A9 16809
12BDDE 97 CB -26677
12BDE0 41 A9 16809
12BDE2 66 B8 26296
12BDE4 41 A9 16809
12BDE6 97 CB -26677
12BDE8 41 A9 16809
12BDEA 97 CB -26677
12BDEC 41 A9 16809
12BDEE C8 DD -14115
12BDF0 41 A9 16809
12BDF2 C8 DD -14115
12BDF4 41 A9 16809
12BDF6 C8 DD -14115
12BDF8 41 A9 16809
12BDFA 97 CB -26677
12BDFC 41 A9 16809
12BDFE C8 DD -14115
12BE00 41 A9 16809
12BE02 C8 DD -14115
12BE04 41 A9 16809
12BE06 C8 DD -14115
12BE08 41 A9 16809
12BE0A F9 EF -1553
12BE0C 41 A9 16809
12BE0E C8 DD -14115
12BE10 41 A9 16809
12BE12 97 CB -26677
12BE14 41 A9 16809
12BE16 C8 DD -14115
12BE18 41 A9 16809
12BE1A F9 EF -1553
12BE1C 41 A9 16809
12BE1E F9 EF -1553
12BE20 41 A9 16809
12BE22 C8 DD -14115
12BE24 41 A9 16809
12BE26 97 CB -26677
12BE28 41 A9 16809
12BE2A F9 EF -1553
12BE2C 41 A9 16809
12BE2E C8 DD -14115
12BE30 41 A9 16809
12BE32 97 CB -26677
12BE34 41 A9 16809
12BE36 97 CB -26677
12BE38 41 A9 16809
12BE3A 97 CB -26677
12BE3C 41 A9 16809
12BE3E 97 CB -26677
12BE40 41 A9 16809
12BE42 97 CB -26677
12BE44 41 A9 16809
12BE46 97 CB -26677
12BE48 41 A9 16809
12BE4A 97 CB -26677
12BE4C 41 A9 16809
12BE4E 97 CB -26677
12BE50 41 A9 16809
12BE52 97 CB -26677
12BE54 41 A9 16809
12BE56 C8 DD -14115
12BE58 41 A9 16809
12BE5A 97 CB -26677
12BE5C 41 A9 16809
12BE5E 97 CB -26677
12BE60 41 A9 16809
12BE62 97 CB -26677
12BE64 41 A9 16809
12BE66 F9 EF -1553
12BE68 41 A9 16809
12BE6A 97 CB -26677
12BE6C 41 A9 16809
12BE6E 97 CB -26677
12BE70 41 A9 16809
12BE72 C8 DD -14115
12BE74 41 A9 16809
12BE76 C8 DD -14115
12BE78 41 A9 16809
12BE7A C8 DD -14115
12BE7C 41 A9 16809
12BE7E 97 CB -26677
12BE80 41 A9 16809
12BE82 C8 DD -14115
12BE84 41 A9 16809
12BE86 C8 DD -14115
12BE88 41 A9 16809
12BE8A C8 DD -14115
12BE8C 41 A9 16809
12BE8E 97 CB -26677
12BE90 41 A9 16809
12BE92 ED AB -4693
12BE94 41 A9 16809
12BE96 97 CB -26677
12BE98 41 A9 16809
12BE9A C8 DD -14115
12BE9C 41 A9 16809
12BE9E 97 CB -26677
12BEA0 41 A9 16809
12BEA2 97 CB -26677
12BEA4 41 A9 16809
12BEA6 97 CB -26677
12BEA8 41 A9 16809
12BEAA C8 DD -14115
12BEAC 41 A9 16809
12BEAE C8 DD -14115
12BEB0 41 A9 16809
12BEB2 97 CB -26677
12BEB4 41 A9 16809
12BEB6 97 CB -26677
12BEB8 41 A9 16809
12BEBA C8 DD -14115
12BEBC 41 A9 16809
12BEBE 97 CB -26677
12BEC0 41 A9 16809
12BEC2 C8 DD -14115
12BEC4 41 A9 16809
12BEC6 F9 EF -1553
12BEC8 41 A9 16809
12BECA C8 DD -14115
12BECC 41 A9 16809
12BECE C8 DD -14115
12BED0 41 A9 16809
12BED2 97 CB -26677
12BED4 41 A9 16809
12BED6 F9 EF -1553
12BED8 41 A9 16809
12BEDA C8 DD -14115
12BEDC 41 A9 16809
12BEDE F9 EF -1553
12BEE0 41 A9 16809
12BEE2 C8 DD -14115
12BEE4 41 A9 16809
12BEE6 C8 DD -14115
12BEE8 41 A9 16809
12BEEA 97 CB -26677
12BEEC 41 AA 16810
12BEEE 2B 01 11009
12BEF0 41 A9 16809
12BEF2 F9 EF -1553
12BEF4 41 A9 16809
12BEF6 66 B8 26296
12BEF8 41 A9 16809
12BEFA C8 DD -14115
12BEFC 41 A9 16809
12BEFE C8 DD -14115
12BF00 41 A9 16809
12BF02 66 B8 26296
12BF04 41 A9 16809
12BF06 97 CB -26677
12BF08 41 A9 16809
12BF0A C8 DD -14115
12BF0C 41 A9 16809
12BF0E 97 CB -26677
12BF10 41 A9 16809
12BF12 C8 DD -14115
12BF14 41 A9 16809
12BF16 97 CB -26677
12BF18 41 A9 16809
12BF1A 97 CB -26677
12BF1C 41 A9 16809
12BF1E F9 EF -1553
12BF20 41 A9 16809
12BF22 C8 DD -14115
12BF24 41 A9 16809
12BF26 C8 DD -14115
12BF28 41 A9 16809
12BF2A 97 CB -26677
12BF2C 41 A9 16809
12BF2E C8 DD -14115
12BF30 41 A9 16809
12BF32 C8 DD -14115
12BF34 41 A9 16809
12BF36 C8 DD -14115
12BF38 41 A9 16809
12BF3A ED AB -4693
12BF3C 41 A9 16809
12BF3E C8 DD -14115
12BF40 41 A9 16809
12BF42 F9 EF -1553
12BF44 41 A9 16809
12BF46 97 CB -26677
12BF48 41 A9 16809
12BF4A 97 CB -26677
12BF4C 41 A9 16809
12BF4E 97 CB -26677
12BF50 41 A9 16809
12BF52 97 CB -26677
12BF54 41 A9 16809
12BF56 97 CB -26677
12BF58 41 A9 16809
12BF5A 97 CB -26677
12BF5C 41 A9 16809
12BF5E 97 CB -26677
12BF60 41 A9 16809
12BF62 C8 DD -14115
12BF64 41 A9 16809
12BF66 97 CB -26677
12BF68 41 A9 16809
12BF6A 97 CB -26677
12BF6C 41 A9 16809
12BF6E C8 DD -14115
12BF70 41 A9 16809
12BF72 C8 DD -14115
12BF74 41 A9 16809
12BF76 F9 EF -1553
12BF78 41 A9 16809
12BF7A 97 CB -26677
12BF7C 41 A9 16809
12BF7E 97 CB -26677
12BF80 41 A9 16809
12BF82 F9 EF -1553
12BF84 41 A9 16809
12BF86 F9 EF -1553
12BF88 41 A9 16809
12BF8A F9 EF -1553
12BF8C 41 A9 16809
12BF8E C8 DD -14115
12BF90 41 A9 16809
12BF92 C8 DD -14115
12BF94 41 A9 16809
12BF96 C8 DD -14115
12BF98 41 A9 16809
12BF9A C8 DD -14115
12BF9C 41 A9 16809
12BF9E C8 DD -14115
12BFA0 41 A9 16809
12BFA2 97 CB -26677
12BFA4 41 A9 16809
12BFA6 C8 DD -14115
12BFA8 41 A9 16809
12BFAA C8 DD -14115
12BFAC 41 A9 16809
12BFAE 97 CB -26677
12BFB0 41 A9 16809
12BFB2 F9 EF -1553
12BFB4 41 A9 16809
12BFB6 C8 DD -14115
12BFB8 41 A9 16809
12BFBA 97 CB -26677
12BFBC 41 A9 16809
12BFBE 97 CB -26677
12BFC0 41 A9 16809
12BFC2 C8 DD -14115
12BFC4 41 A9 16809
12BFC6 97 CB -26677
12BFC8 41 A9 16809
12BFCA 97 CB -26677
12BFCC 41 A9 16809
12BFCE 97 CB -26677
12BFD0 41 A9 16809
12BFD2 97 CB -26677
12BFD4 41 A9 16809
12BFD6 C8 DD -14115
12BFD8 41 A9 16809
12BFDA C8 DD -14115
12BFDC 41 A9 16809
12BFDE 97 CB -26677
12BFE0 41 A9 16809
12BFE2 97 CB -26677
12BFE4 41 A9 16809
12BFE6 C8 DD -14115
12BFE8 41 A9 16809
12BFEA 97 CB -26677
12BFEC 41 A9 16809
12BFEE F9 EF -1553
12BFF0 41 A9 16809
12BFF2 ED AB -4693
12BFF4 41 A9 16809
12BFF6 F9 EF -1553
12BFF8 41 A9 16809
12BFFA F9 EF -1553
12BFFC 41 A9 16809
12BFFE C8 DD -14115
12C000 41 A9 16809
12C002 97 CB -26677
12C004 41 A9 16809
12C006 C8 DD -14115
12C008 41 A9 16809
12C00A 97 CB -26677
12C00C 41 A9 16809
12C00E C8 DD -14115
12C010 41 A9 16809
12C012 F9 EF -1553
12C014 41 A9 16809
12C016 C8 DD -14115
12C018 41 A9 16809
12C01A 97 CB -26677
12C01C 41 A9 16809
12C01E 97 CB -26677
12C020 41 A9 16809
12C022 C8 DD -14115
12C024 41 A9 16809
12C026 97 CB -26677
12C028 41 A9 16809
12C02A C8 DD -14115
12C02C 41 A9 16809
12C02E C8 DD -14115
12C030 41 A9 16809
12C032 97 CB -26677
12C034 41 A9 16809
12C036 F9 EF -1553
12C038 41 A9 16809
12C03A C8 DD -14115
12C03C 41 A9 16809
12C03E F9 EF -1553
12C040 41 A9 16809
12C042 97 CB -26677
12C044 41 A9 16809
12C046 C8 DD -14115
12C048 41 A9 16809
12C04A C8 DD -14115
12C04C 41 A9 16809
12C04E F9 EF -1553
12C050 41 A9 16809
12C052 C8 DD -14115
12C054 41 A9 16809
12C056 C8 DD -14115
12C058 41 A9 16809
12C05A F9 EF -1553
12C05C 41 A9 16809
12C05E C8 DD -14115
12C060 41 A9 16809
12C062 C8 DD -14115
12C064 41 A9 16809
12C066 C8 DD -14115
12C068 41 A9 16809
12C06A 97 CB -26677
12C06C 41 A9 16809
12C06E 97 CB -26677
12C070 41 A9 16809
12C072 C8 DD -14115
12C074 41 A9 16809
12C076 97 CB -26677
12C078 41 A9 16809
12C07A 66 B8 26296
12C07C 41 A9 16809
12C07E 97 CB -26677
12C080 41 A9 16809
12C082 97 CB -26677
12C084 41 A9 16809
12C086 97 CB -26677
12C088 41 A9 16809
12C08A 97 CB -26677
12C08C 41 A9 16809
12C08E 66 B8 26296
12C090 41 A9 16809
12C092 97 CB -26677
12C094 41 A9 16809
12C096 97 CB -26677
12C098 41 A9 16809
12C09A C8 DD -14115
12C09C 41 A9 16809
12C09E C8 DD -14115
12C0A0 41 A9 16809
12C0A2 97 CB -26677
12C0A4 41 A9 16809
12C0A6 C8 DD -14115
12C0A8 41 A9 16809
12C0AA 97 CB -26677
12C0AC 41 A9 16809
12C0AE 97 CB -26677
12C0B0 41 A9 16809
12C0B2 C8 DD -14115
12C0B4 41 A9 16809
12C0B6 C8 DD -14115
12C0B8 41 A9 16809
12C0BA 97 CB -26677
12C0BC 41 A9 16809
12C0BE 97 CB -26677
12C0C0 41 A9 16809
12C0C2 97 CB -26677
12C0C4 41 A9 16809
12C0C6 97 CB -26677
12C0C8 41 A9 16809
12C0CA C8 DD -14115
12C0CC 41 A9 16809
12C0CE 66 B8 26296
12C0D0 41 A9 16809
12C0D2 66 B8 26296
12C0D4 41 A9 16809
12C0D6 F9 EF -1553
12C0D8 41 A9 16809
12C0DA 97 CB -26677
12C0DC 41 A9 16809
12C0DE C8 DD -14115
12C0E0 41 A9 16809
12C0E2 97 CB -26677
12C0E4 41 A9 16809
12C0E6 97 CB -26677
12C0E8 41 A9 16809
12C0EA 66 B8 26296
12C0EC 41 A9 16809
12C0EE C8 DD -14115
12C0F0 41 A9 16809
12C0F2 97 CB -26677
12C0F4 41 A9 16809
12C0F6 97 CB -26677
12C0F8 41 A9 16809
12C0FA C8 DD -14115
12C0FC 41 A9 16809
12C0FE 97 CB -26677
12C100 41 A9 16809
12C102 C8 DD -14115
12C104 41 A9 16809
12C106 97 CB -26677
12C108 41 A9 16809
12C10A F9 EF -1553
12C10C 41 A9 16809
12C10E C8 DD -14115
12C110 41 A9 16809
12C112 C8 DD -14115
12C114 41 A9 16809
12C116 C8 DD -14115
12C118 41 A9 16809
12C11A C8 DD -14115
12C11C 41 A9 16809
12C11E 97 CB -26677
12C120 41 A9 16809
12C122 97 CB -26677
12C124 41 A9 16809
12C126 C8 DD -14115
12C128 41 A9 16809
12C12A C8 DD -14115
12C12C 41 A9 16809
12C12E C8 DD -14115
12C130 41 A9 16809
12C132 97 CB -26677
12C134 41 A9 16809
12C136 66 B8 26296
12C138 41 A9 16809
12C13A F9 EF -1553
12C13C 41 A9 16809
12C13E 97 CB -26677
12C140 41 A9 16809
12C142 A4 0F -23537
12C144 41 A9 16809
12C146 97 CB -26677
12C148 41 A9 16809
12C14A C8 DD -14115
12C14C 41 A9 16809
12C14E 97 CB -26677
12C150 41 A9 16809
12C152 97 CB -26677
12C154 41 A9 16809
12C156 C8 DD -14115
12C158 41 A9 16809
12C15A F9 EF -1553
12C15C 41 A9 16809
12C15E C8 DD -14115
12C160 41 A9 16809
12C162 C8 DD -14115
12C164 41 A9 16809
12C166 C8 DD -14115
12C168 41 A9 16809
12C16A C8 DD -14115
12C16C 41 A9 16809
12C16E C8 DD -14115
12C170 41 A9 16809
12C172 C8 DD -14115
12C174 41 A9 16809
12C176 F9 EF -1553
12C178 41 A9 16809
12C17A 97 CB -26677
12C17C 41 A9 16809
12C17E C8 DD -14115
12C180 41 A9 16809
12C182 97 CB -26677
12C184 41 A9 16809
12C186 C8 DD -14115
12C188 41 A9 16809
12C18A C8 DD -14115
12C18C 41 A9 16809
12C18E C8 DD -14115
12C190 41 A9 16809
12C192 97 CB -26677
12C194 41 A9 16809
12C196 C8 DD -14115
12C198 41 A9 16809
12C19A C8 DD -14115
12C19C 41 A9 16809
12C19E 66 B8 26296
12C1A0 41 A9 16809
12C1A2 97 CB -26677
12C1A4 41 A9 16809
12C1A6 97 CB -26677
12C1A8 41 A9 16809
12C1AA F9 EF -1553
12C1AC 41 A9 16809
12C1AE C8 DD -14115
12C1B0 41 A9 16809
12C1B2 97 CB -26677
12C1B4 41 A9 16809
12C1B6 C8 DD -14115
12C1B8 41 A9 16809
12C1BA F9 EF -1553
12C1BC 41 A9 16809
12C1BE C8 DD -14115
12C1C0 41 A9 16809
12C1C2 97 CB -26677
12C1C4 41 A9 16809
12C1C6 F9 EF -1553
12C1C8 41 A9 16809
12C1CA F9 EF -1553
12C1CC 41 A9 16809
12C1CE C8 DD -14115
12C1D0 41 A9 16809
12C1D2 C8 DD -14115
12C1D4 41 A9 16809
12C1D6 F9 EF -1553
12C1D8 41 A9 16809
12C1DA C8 DD -14115
12C1DC 41 A9 16809
12C1DE F9 EF -1553
12C1E0 41 A9 16809
12C1E2 97 CB -26677
12C1E4 41 A9 16809
12C1E6 C8 DD -14115
12C1E8 41 A9 16809
12C1EA C8 DD -14115
12C1EC 41 A9 16809
12C1EE C8 DD -14115
12C1F0 41 A9 16809
12C1F2 C8 DD -14115
12C1F4 41 A9 16809
12C1F6 66 B8 26296
12C1F8 41 A9 16809
12C1FA 97 CB -26677
12C1FC 41 A9 16809
12C1FE 66 B8 26296
12C200 41 A9 16809
12C202 C8 DD -14115
12C204 41 A9 16809
12C206 C8 DD -14115
12C208 41 A9 16809
12C20A 97 CB -26677
12C20C 41 A9 16809
12C20E 97 CB -26677
12C210 41 A9 16809
12C212 C8 DD -14115
12C214 41 A9 16809
12C216 C8 DD -14115
12C218 41 A9 16809
12C21A A4 0F -23537
12C21C 41 A9 16809
12C21E F9 EF -1553
12C220 41 A9 16809
12C222 97 CB -26677
12C224 41 A9 16809
12C226 C8 DD -14115
12C228 41 A9 16809
12C22A F9 EF -1553
12C22C 41 A9 16809
12C22E C8 DD -14115
12C230 41 A9 16809
12C232 C8 DD -14115
12C234 41 A9 16809
12C236 97 CB -26677
12C238 41 A9 16809
12C23A C8 DD -14115
12C23C 41 A9 16809
12C23E 97 CB -26677
12C240 41 A9 16809
12C242 F9 EF -1553
12C244 41 A9 16809
12C246 97 CB -26677
12C248 41 A9 16809
12C24A 97 CB -26677
12C24C 41 A9 16809
12C24E 66 B8 26296
12C250 41 A9 16809
12C252 97 CB -26677
12C254 41 A9 16809
12C256 97 CB -26677
12C258 41 A9 16809
12C25A 66 B8 26296
12C25C 41 A9 16809
12C25E 97 CB -26677
12C260 41 A9 16809
12C262 97 CB -26677
12C264 41 A9 16809
12C266 97 CB -26677
12C268 41 A9 16809
12C26A 66 B8 26296
12C26C 41 A9 16809
12C26E 97 CB -26677
12C270 41 A9 16809
12C272 97 CB -26677
12C274 41 A9 16809
12C276 F9 EF -1553
12C278 41 A9 16809
12C27A F9 EF -1553
12C27C 41 A9 16809
12C27E C8 DD -14115
12C280 41 A9 16809
12C282 C8 DD -14115
12C284 41 A9 16809
12C286 97 CB -26677
12C288 41 A9 16809
12C28A F9 EF -1553
12C28C 41 A9 16809
12C28E 66 B8 26296
12C290 41 A9 16809
12C292 C8 DD -14115
12C294 41 A9 16809
12C296 C8 DD -14115
12C298 41 A9 16809
12C29A F9 EF -1553
12C29C 41 A9 16809
12C29E F9 EF -1553
12C2A0 41 A9 16809
12C2A2 F9 EF -1553
12C2A4 41 A9 16809
12C2A6 C8 DD -14115
12C2A8 41 A9 16809
12C2AA 66 B8 26296
12C2AC 41 A9 16809
12C2AE F9 EF -1553
12C2B0 41 A9 16809
12C2B2 C8 DD -14115
12C2B4 41 A9 16809
12C2B6 C8 DD -14115
12C2B8 41 A9 16809
12C2BA C8 DD -14115
12C2BC 41 A9 16809
12C2BE C8 DD -14115
12C2C0 41 A9 16809
12C2C2 C8 DD -14115
12C2C4 41 A9 16809
12C2C6 97 CB -26677
12C2C8 41 A9 16809
12C2CA 41 EB 16875
12C2CC 41 A9 16809
12C2CE C8 DD -14115
12C2D0 41 A9 16809
12C2D2 C8 DD -14115
12C2D4 41 A9 16809
12C2D6 C8 DD -14115
12C2D8 41 A9 16809
12C2DA C8 DD -14115
12C2DC 41 A9 16809
12C2DE 97 CB -26677
12C2E0 41 A9 16809
12C2E2 F9 EF -1553
12C2E4 41 A9 16809
12C2E6 C8 DD -14115
12C2E8 41 A9 16809
12C2EA C8 DD -14115
12C2EC 41 A9 16809
12C2EE C8 DD -14115
12C2F0 41 A9 16809
12C2F2 C8 DD -14115
12C2F4 41 A9 16809
12C2F6 97 CB -26677
12C2F8 41 A9 16809
12C2FA F9 EF -1553
12C2FC 41 A9 16809
12C2FE C8 DD -14115
12C300 41 A9 16809
12C302 C8 DD -14115
12C304 41 A9 16809
12C306 C8 DD -14115
12C308 41 A9 16809
12C30A C8 DD -14115
12C30C 41 A9 16809
12C30E 97 CB -26677
12C310 41 A9 16809
12C312 97 CB -26677
12C314 41 A9 16809
12C316 66 B8 26296
12C318 41 A9 16809
12C31A 97 CB -26677
12C31C 41 A9 16809
12C31E 97 CB -26677
12C320 41 A9 16809
12C322 97 CB -26677
12C324 41 A9 16809
12C326 C8 DD -14115
12C328 41 A9 16809
12C32A C8 DD -14115
12C32C 41 A9 16809
12C32E 66 B8 26296
12C330 41 A9 16809
12C332 C8 DD -14115
12C334 41 A9 16809
12C336 C8 DD -14115
12C338 41 A9 16809
12C33A 97 CB -26677
12C33C 41 A9 16809
12C33E 97 CB -26677
12C340 41 A9 16809
12C342 97 CB -26677
12C344 41 A9 16809
12C346 C8 DD -14115
12C348 41 A9 16809
12C34A C8 DD -14115
12C34C 41 A9 16809
12C34E C8 DD -14115
12C350 41 A9 16809
12C352 C8 DD -14115
12C354 41 A9 16809
12C356 F9 EF -1553
12C358 41 A9 16809
12C35A C8 DD -14115
12C35C 41 A9 16809
12C35E C8 DD -14115
12C360 41 A9 16809
12C362 97 CB -26677
12C364 41 A9 16809
12C366 97 CB -26677
12C368 41 A9 16809
12C36A C8 DD -14115
12C36C 41 A9 16809
12C36E C8 DD -14115
12C370 41 A9 16809
12C372 C8 DD -14115
12C374 41 A9 16809
12C376 C8 DD -14115
12C378 41 A9 16809
12C37A 97 CB -26677
12C37C 41 A9 16809
12C37E 97 CB -26677
12C380 41 A9 16809
12C382 97 CB -26677
12C384 41 A9 16809
12C386 97 CB -26677
12C388 41 A9 16809
12C38A 97 CB -26677
12C38C 41 A9 16809
12C38E 66 B8 26296
12C390 41 A9 16809
12C392 97 CB -26677
12C394 41 A9 16809
12C396 C8 DD -14115
12C398 41 A9 16809
12C39A C8 DD -14115
12C39C 41 A9 16809
12C39E C8 DD -14115
12C3A0 41 A9 16809
12C3A2 F9 EF -1553
12C3A4 41 A9 16809
12C3A6 F9 EF -1553
12C3A8 41 A9 16809
12C3AA C8 DD -14115
12C3AC 41 A9 16809
12C3AE C8 DD -14115
12C3B0 41 A9 16809
12C3B2 F9 EF -1553
12C3B4 41 A9 16809
12C3B6 C8 DD -14115
12C3B8 41 A9 16809
12C3BA C8 DD -14115
12C3BC 41 A9 16809
12C3BE C8 DD -14115
12C3C0 41 A9 16809
12C3C2 C8 DD -14115
12C3C4 41 A9 16809
12C3C6 97 CB -26677
12C3C8 41 A9 16809
12C3CA C8 DD -14115
12C3CC 41 A9 16809
12C3CE 66 B8 26296
12C3D0 41 A9 16809
12C3D2 B0 54 -20396
12C3D4 41 A9 16809
12C3D6 C8 DD -14115
12C3D8 41 A9 16809
12C3DA 97 CB -26677
12C3DC 41 A9 16809
12C3DE 97 CB -26677
12C3E0 41 A9 16809
12C3E2 97 CB -26677
12C3E4 41 A9 16809
12C3E6 66 B8 26296
12C3E8 41 A9 16809
12C3EA 66 B8 26296
12C3EC 41 A9 16809
12C3EE 97 CB -26677
12C3F0 41 A9 16809
12C3F2 F9 EF -1553
12C3F4 41 A9 16809
12C3F6 A4 0F -23537
12C3F8 41 A9 16809
12C3FA C8 DD -14115
12C3FC 41 A9 16809
12C3FE C8 DD -14115
12C400 41 A9 16809
12C402 97 CB -26677
12C404 41 A9 16809
12C406 ED AB -4693
12C408 41 A9 16809
12C40A C8 DD -14115
12C40C 41 A9 16809
12C40E F9 EF -1553
12C410 41 A9 16809
12C412 C8 DD -14115
12C414 41 A9 16809
12C416 C8 DD -14115
12C418 41 A9 16809
12C41A 97 CB -26677
12C41C 41 A9 16809
12C41E 97 CB -26677
12C420 41 A9 16809
12C422 C8 DD -14115
12C424 41 A9 16809
12C426 97 CB -26677
12C428 41 A9 16809
12C42A 97 CB -26677
12C42C 41 A9 16809
12C42E 97 CB -26677
12C430 41 A9 16809
12C432 97 CB -26677
12C434 41 A9 16809
12C436 C8 DD -14115
12C438 41 A9 16809
12C43A 66 B8 26296
12C43C 41 A9 16809
12C43E 97 CB -26677
12C440 41 A9 16809
12C442 97 CB -26677
12C444 41 A9 16809
12C446 C8 DD -14115
12C448 41 A9 16809
12C44A C8 DD -14115
12C44C 41 A9 16809
12C44E 97 CB -26677
12C450 41 A9 16809
12C452 97 CB -26677
12C454 41 A9 16809
12C456 C8 DD -14115
12C458 41 A9 16809
12C45A 97 CB -26677
12C45C 41 A9 16809
12C45E C8 DD -14115
12C460 41 A9 16809
12C462 97 CB -26677
12C464 41 A9 16809
12C466 C8 DD -14115
12C468 41 A9 16809
12C46A C8 DD -14115
12C46C 41 A9 16809
12C46E C8 DD -14115
12C470 41 A9 16809
12C472 C8 DD -14115
12C474 41 A9 16809
12C476 C8 DD -14115
12C478 41 A9 16809
12C47A C8 DD -14115
12C47C 41 A9 16809
12C47E C8 DD -14115
12C480 41 A9 16809
12C482 97 CB -26677
12C484 41 A9 16809
12C486 F9 EF -1553
12C488 41 A9 16809
12C48A 97 CB -26677
12C48C 41 A9 16809
12C48E 97 CB -26677
12C490 41 A9 16809
12C492 C8 DD -14115
12C494 41 A9 16809
12C496 C8 DD -14115
12C498 41 A9 16809
12C49A 97 CB -26677
12C49C 41 A9 16809
12C49E 97 CB -26677
12C4A0 41 A9 16809
12C4A2 C8 DD -14115
12C4A4 41 A9 16809
12C4A6 97 CB -26677
12C4A8 41 A9 16809
12C4AA 97 CB -26677
12C4AC 41 A9 16809
12C4AE C8 DD -14115
12C4B0 41 A9 16809
12C4B2 C8 DD -14115
12C4B4 41 A9 16809
12C4B6 BC 98 -17256
12C4B8 41 A9 16809
12C4BA 97 CB -26677
12C4BC 41 A9 16809
12C4BE C8 DD -14115
12C4C0 41 A9 16809
12C4C2 C8 DD -14115
12C4C4 41 A9 16809
12C4C6 C8 DD -14115
12C4C8 41 A9 16809
12C4CA 97 CB -26677
12C4CC 41 A9 16809
12C4CE C8 DD -14115
12C4D0 41 A9 16809
12C4D2 C8 DD -14115
12C4D4 41 A9 16809
12C4D6 F9 EF -1553
12C4D8 41 A9 16809
12C4DA F9 EF -1553
12C4DC 41 A9 16809
12C4DE 97 CB -26677
12C4E0 41 A9 16809
12C4E2 C8 DD -14115
12C4E4 41 A9 16809
12C4E6 97 CB -26677
12C4E8 41 A9 16809
12C4EA 97 CB -26677
12C4EC 41 A9 16809
12C4EE C8 DD -14115
12C4F0 41 A9 16809
12C4F2 97 CB -26677
12C4F4 41 A9 16809
12C4F6 97 CB -26677
12C4F8 41 A9 16809
12C4FA 97 CB -26677
12C4FC 41 A9 16809
12C4FE 97 CB -26677
12C500 41 A9 16809
12C502 C8 DD -14115
12C504 41 A9 16809
12C506 C8 DD -14115
12C508 41 A9 16809
12C50A BC 98 -17256
12C50C 41 A9 16809
12C50E 97 CB -26677
12C510 41 A9 16809
12C512 C8 DD -14115
12C514 41 A9 16809
12C516 C8 DD -14115
12C518 41 A9 16809
12C51A C8 DD -14115
12C51C 41 A9 16809
12C51E C8 DD -14115
12C520 41 A9 16809
12C522 F9 EF -1553
12C524 41 A9 16809
12C526 C8 DD -14115
12C528 41 A9 16809
12C52A C8 DD -14115
12C52C 41 A9 16809
12C52E C8 DD -14115
12C530 41 A9 16809
12C532 97 CB -26677
12C534 41 A9 16809
12C536 C8 DD -14115
12C538 41 A9 16809
12C53A 97 CB -26677
12C53C 41 A9 16809
12C53E 97 CB -26677
12C540 41 A9 16809
12C542 97 CB -26677
12C544 41 A9 16809
12C546 97 CB -26677
12C548 41 A9 16809
12C54A C8 DD -14115
12C54C 41 A9 16809
12C54E 97 CB -26677
12C550 41 A9 16809
12C552 C8 DD -14115
12C554 41 A9 16809
12C556 66 B8 26296
12C558 41 A9 16809
12C55A 66 B8 26296
12C55C 41 A9 16809
12C55E C8 DD -14115
12C560 41 A9 16809
12C562 97 CB -26677
12C564 41 A9 16809
12C566 C8 DD -14115
12C568 41 A9 16809
12C56A C8 DD -14115
12C56C 41 A9 16809
12C56E 97 CB -26677
12C570 41 A9 16809
12C572 F9 EF -1553
12C574 41 A9 16809
12C576 C8 DD -14115
12C578 41 A9 16809
12C57A 97 CB -26677
12C57C 41 A9 16809
12C57E 97 CB -26677
12C580 41 A9 16809
12C582 C8 DD -14115
12C584 41 A9 16809
12C586 97 CB -26677
12C588 41 A9 16809
12C58A C8 DD -14115
12C58C 41 A9 16809
12C58E F9 EF -1553
12C590 41 A9 16809
12C592 F9 EF -1553
12C594 41 A9 16809
12C596 C8 DD -14115
12C598 41 A9 16809
12C59A 97 CB -26677
12C59C 41 A9 16809
12C59E C8 DD -14115
12C5A0 41 A9 16809
12C5A2 C8 DD -14115
12C5A4 41 A9 16809
12C5A6 66 B8 26296
12C5A8 41 A9 16809
12C5AA 97 CB -26677
12C5AC 41 A9 16809
12C5AE 97 CB -26677
12C5B0 41 A9 16809
12C5B2 97 CB -26677
12C5B4 41 A9 16809
12C5B6 97 CB -26677
12C5B8 41 A9 16809
12C5BA 97 CB -26677
12C5BC 41 A9 16809
12C5BE 66 B8 26296
12C5C0 41 A9 16809
12C5C2 C8 DD -14115
12C5C4 41 A9 16809
12C5C6 C8 DD -14115
12C5C8 41 A9 16809
12C5CA 97 CB -26677
12C5CC 41 A9 16809
12C5CE 97 CB -26677
12C5D0 41 A9 16809
12C5D2 97 CB -26677
12C5D4 41 A9 16809
12C5D6 C8 DD -14115
12C5D8 41 A9 16809
12C5DA C8 DD -14115
12C5DC 41 A9 16809
12C5DE C8 DD -14115
12C5E0 41 A9 16809
12C5E2 C8 DD -14115
12C5E4 41 A9 16809
12C5E6 C8 DD -14115
12C5E8 41 A9 16809
12C5EA C8 DD -14115
12C5EC 41 A9 16809
12C5EE F9 EF -1553
12C5F0 41 A9 16809
12C5F2 C8 DD -14115
12C5F4 41 A9 16809
12C5F6 C8 DD -14115
12C5F8 41 A9 16809
12C5FA F9 EF -1553
12C5FC 41 A9 16809
12C5FE 97 CB -26677
12C600 41 A9 16809
12C602 97 CB -26677
12C604 41 A9 16809
12C606 97 CB -26677
12C608 41 A9 16809
12C60A 97 CB -26677
12C60C 41 A9 16809
12C60E C8 DD -14115
12C610 41 A9 16809
12C612 97 CB -26677
12C614 41 A9 16809
12C616 66 B8 26296
12C618 41 A9 16809
12C61A 97 CB -26677
12C61C 41 A9 16809
12C61E C8 DD -14115
12C620 41 A9 16809
12C622 C8 DD -14115
12C624 41 A9 16809
12C626 97 CB -26677
12C628 41 A9 16809
12C62A C8 DD -14115
12C62C 41 A9 16809
12C62E C8 DD -14115
12C630 41 A9 16809
12C632 C8 DD -14115
12C634 41 A9 16809
12C636 C8 DD -14115
12C638 41 A9 16809
12C63A F9 EF -1553
12C63C 41 A9 16809
12C63E 97 CB -26677
12C640 41 A9 16809
12C642 C8 DD -14115
12C644 41 A9 16809
12C646 C8 DD -14115
12C648 41 A9 16809
12C64A F9 EF -1553
12C64C 41 A9 16809
12C64E C8 DD -14115
12C650 41 A9 16809
12C652 F9 EF -1553
12C654 41 A9 16809
12C656 C8 DD -14115
12C658 41 A9 16809
12C65A 97 CB -26677
12C65C 41 A9 16809
12C65E 97 CB -26677
12C660 41 A9 16809
12C662 97 CB -26677
12C664 41 A9 16809
12C666 97 CB -26677
12C668 41 A9 16809
12C66A 97 CB -26677
12C66C 41 A9 16809
12C66E C8 DD -14115
12C670 41 A9 16809
12C672 C8 DD -14115
12C674 41 A9 16809
12C676 97 CB -26677
12C678 41 A9 16809
12C67A 97 CB -26677
12C67C 41 A9 16809
12C67E 97 CB -26677
12C680 41 A9 16809
12C682 F9 EF -1553
12C684 41 A9 16809
12C686 F9 EF -1553
12C688 41 A9 16809
12C68A 97 CB -26677
12C68C 41 A9 16809
12C68E 97 CB -26677
12C690 41 A9 16809
12C692 97 CB -26677
12C694 41 A9 16809
12C696 97 CB -26677
12C698 41 A9 16809
12C69A 66 B8 26296
12C69C 41 A9 16809
12C69E C8 DD -14115
12C6A0 41 A9 16809
12C6A2 C8 DD -14115
12C6A4 41 A9 16809
12C6A6 C8 DD -14115
12C6A8 41 A9 16809
12C6AA C8 DD -14115
12C6AC 41 A9 16809
12C6AE C8 DD -14115
12C6B0 41 A9 16809
12C6B2 C8 DD -14115
12C6B4 41 A9 16809
12C6B6 F9 EF -1553
12C6B8 41 A9 16809
12C6BA F9 EF -1553
12C6BC 41 A9 16809
12C6BE 97 CB -26677
12C6C0 41 A9 16809
12C6C2 F9 EF -1553
12C6C4 41 A9 16809
12C6C6 C8 DD -14115
12C6C8 41 A9 16809
12C6CA 97 CB -26677
12C6CC 41 A9 16809
12C6CE C8 DD -14115
12C6D0 41 A9 16809
12C6D2 97 CB -26677
12C6D4 41 A9 16809
12C6D6 97 CB -26677
12C6D8 41 A9 16809
12C6DA 97 CB -26677
12C6DC 41 A9 16809
12C6DE 97 CB -26677
12C6E0 41 A9 16809
12C6E2 C8 DD -14115
12C6E4 41 A9 16809
12C6E6 C8 DD -14115
12C6E8 41 A9 16809
12C6EA C8 DD -14115
12C6EC 41 A9 16809
12C6EE 97 CB -26677
12C6F0 41 A9 16809
12C6F2 C8 DD -14115
12C6F4 41 A9 16809
12C6F6 97 CB -26677
12C6F8 41 A9 16809
12C6FA C8 DD -14115
12C6FC 41 A9 16809
12C6FE 97 CB -26677
12C700 41 A9 16809
12C702 C8 DD -14115
12C704 41 A9 16809
12C706 C8 DD -14115
12C708 41 A9 16809
12C70A C8 DD -14115
12C70C 41 A9 16809
12C70E C8 DD -14115
12C710 41 A9 16809
12C712 C8 DD -14115
12C714 41 A9 16809
12C716 C8 DD -14115
12C718 41 A9 16809
12C71A 97 CB -26677
12C71C 41 A9 16809
12C71E 97 CB -26677
12C720 41 A9 16809
12C722 C8 DD -14115
12C724 41 A9 16809
12C726 C8 DD -14115
12C728 41 A9 16809
12C72A BC 98 -17256
12C72C 41 A9 16809
12C72E 97 CB -26677
12C730 41 A9 16809
12C732 97 CB -26677
12C734 41 A9 16809
12C736 C8 DD -14115
12C738 41 A9 16809
12C73A 97 CB -26677
12C73C 41 A9 16809
12C73E 97 CB -26677
12C740 41 A9 16809
12C742 97 CB -26677
12C744 41 A9 16809
12C746 97 CB -26677
12C748 41 A9 16809
12C74A C8 DD -14115
12C74C 41 A9 16809
12C74E 66 B8 26296
12C750 41 A9 16809
12C752 C8 DD -14115
12C754 41 A9 16809
12C756 97 CB -26677
12C758 41 A9 16809
12C75A C8 DD -14115
12C75C 41 A9 16809
12C75E F9 EF -1553
12C760 41 A9 16809
12C762 F9 EF -1553
12C764 41 A9 16809
12C766 97 CB -26677
12C768 41 A9 16809
12C76A C8 DD -14115
12C76C 41 A9 16809
12C76E C8 DD -14115
12C770 41 A9 16809
12C772 B0 54 -20396
12C774 41 A9 16809
12C776 C8 DD -14115
12C778 41 A9 16809
12C77A F9 EF -1553
12C77C 41 A9 16809
12C77E 97 CB -26677
12C780 41 A9 16809
12C782 97 CB -26677
12C784 41 A9 16809
12C786 C8 DD -14115
12C788 41 A9 16809
12C78A C8 DD -14115
12C78C 41 A9 16809
12C78E 66 B8 26296
12C790 41 A9 16809
12C792 F9 EF -1553
12C794 41 A9 16809
12C796 C8 DD -14115
12C798 41 A9 16809
12C79A C8 DD -14115
12C79C 41 A9 16809
12C79E 97 CB -26677
12C7A0 41 A9 16809
12C7A2 97 CB -26677
12C7A4 41 A9 16809
12C7A6 97 CB -26677
12C7A8 41 A9 16809
12C7AA 97 CB -26677
12C7AC 41 A9 16809
12C7AE F9 EF -1553
12C7B0 41 A9 16809
12C7B2 F9 EF -1553
12C7B4 41 A9 16809
12C7B6 C8 DD -14115
12C7B8 41 A9 16809
12C7BA C8 DD -14115
12C7BC 41 A9 16809
12C7BE 97 CB -26677
12C7C0 41 A9 16809
12C7C2 F9 EF -1553
12C7C4 41 A9 16809
12C7C6 97 CB -26677
12C7C8 41 A9 16809
12C7CA F9 EF -1553
12C7CC 41 A9 16809
12C7CE C8 DD -14115
12C7D0 41 A9 16809
12C7D2 F9 EF -1553
12C7D4 41 A9 16809
12C7D6 C8 DD -14115
12C7D8 41 A9 16809
12C7DA F9 EF -1553
12C7DC 41 A9 16809
12C7DE F9 EF -1553
12C7E0 41 A9 16809
12C7E2 97 CB -26677
12C7E4 41 A9 16809
12C7E6 F9 EF -1553
12C7E8 41 A9 16809
12C7EA 97 CB -26677
12C7EC 41 A9 16809
12C7EE 97 CB -26677
12C7F0 41 A9 16809
12C7F2 97 CB -26677
12C7F4 41 A9 16809
12C7F6 C8 DD -14115
12C7F8 41 A9 16809
12C7FA 97 CB -26677
12C7FC 41 A9 16809
12C7FE C8 DD -14115
12C800 41 A9 16809
12C802 97 CB -26677
12C804 41 A9 16809
12C806 97 CB -26677
12C808 41 A9 16809
12C80A C8 DD -14115
12C80C 41 A9 16809
12C80E 97 CB -26677
12C810 41 A9 16809
12C812 F9 EF -1553
12C814 41 A9 16809
12C816 C8 DD -14115
12C818 41 A9 16809
12C81A C8 DD -14115
12C81C 41 A9 16809
12C81E 97 CB -26677
12C820 41 A9 16809
12C822 C8 DD -14115
12C824 41 A9 16809
12C826 C8 DD -14115
12C828 41 AA 16810
12C82A 2B 01 11009
12C82C 41 A9 16809
12C82E C8 DD -14115
12C830 41 A9 16809
12C832 BC 98 -17256
12C834 41 A9 16809
12C836 F9 EF -1553
12C838 41 A9 16809
12C83A 97 CB -26677
12C83C 41 A9 16809
12C83E C8 DD -14115
12C840 41 A9 16809
12C842 C8 DD -14115
12C844 41 A9 16809
12C846 97 CB -26677
12C848 41 A9 16809
12C84A B0 54 -20396
12C84C 41 A9 16809
12C84E C8 DD -14115
12C850 41 A9 16809
12C852 F9 EF -1553
12C854 41 A9 16809
12C856 97 CB -26677
12C858 41 A9 16809
12C85A 66 B8 26296
12C85C 41 A9 16809
12C85E C8 DD -14115
12C860 41 A9 16809
12C862 97 CB -26677
12C864 41 A9 16809
12C866 97 CB -26677
12C868 41 A9 16809
12C86A C8 DD -14115
12C86C 41 A9 16809
12C86E C8 DD -14115
12C870 41 A9 16809
12C872 F9 EF -1553
12C874 41 A9 16809
12C876 C8 DD -14115
12C878 41 A9 16809
12C87A C8 DD -14115
12C87C 41 A9 16809
12C87E C8 DD -14115
12C880 41 A9 16809
12C882 C8 DD -14115
12C884 41 A9 16809
12C886 C8 DD -14115
12C888 41 A9 16809
12C88A C8 DD -14115
12C88C 41 A9 16809
12C88E 97 CB -26677
12C890 41 A9 16809
12C892 C8 DD -14115
12C894 41 A9 16809
12C896 F9 EF -1553
12C898 41 A9 16809
12C89A C8 DD -14115
12C89C 41 A9 16809
12C89E 97 CB -26677
12C8A0 41 A9 16809
12C8A2 97 CB -26677
12C8A4 41 A9 16809
12C8A6 97 CB -26677
12C8A8 41 A9 16809
12C8AA BC 98 -17256
12C8AC 41 A9 16809
12C8AE C8 DD -14115
12C8B0 41 A9 16809
12C8B2 97 CB -26677
12C8B4 41 A9 16809
12C8B6 97 CB -26677
12C8B8 41 A9 16809
12C8BA 97 CB -26677
12C8BC 41 A9 16809
12C8BE 97 CB -26677
12C8C0 41 A9 16809
12C8C2 97 CB -26677
12C8C4 41 A9 16809
12C8C6 97 CB -26677
12C8C8 41 A9 16809
12C8CA C8 DD -14115
12C8CC 41 A9 16809
12C8CE C8 DD -14115
12C8D0 41 A9 16809
12C8D2 97 CB -26677
12C8D4 41 A9 16809
12C8D6 C8 DD -14115
12C8D8 41 A9 16809
12C8DA C8 DD -14115
12C8DC 41 A9 16809
12C8DE F9 EF -1553
12C8E0 41 A9 16809
12C8E2 C8 DD -14115
12C8E4 41 A9 16809
12C8E6 C8 DD -14115
12C8E8 41 A9 16809
12C8EA F9 EF -1553
12C8EC 41 A9 16809
12C8EE C8 DD -14115
12C8F0 41 A9 16809
12C8F2 C8 DD -14115
12C8F4 41 A9 16809
12C8F6 C8 DD -14115
12C8F8 41 A9 16809
12C8FA C8 DD -14115
12C8FC 41 A9 16809
12C8FE F9 EF -1553
12C900 41 A9 16809
12C902 C8 DD -14115
12C904 41 A9 16809
12C906 C8 DD -14115
12C908 41 A9 16809
12C90A C8 DD -14115
12C90C 41 A9 16809
12C90E C8 DD -14115
12C910 41 A9 16809
12C912 C8 DD -14115
12C914 41 A9 16809
12C916 97 CB -26677
12C918 41 A9 16809
12C91A C8 DD -14115
12C91C 41 A9 16809
12C91E 97 CB -26677
12C920 41 A9 16809
12C922 97 CB -26677
12C924 41 A9 16809
12C926 97 CB -26677
12C928 41 A9 16809
12C92A 97 CB -26677
12C92C 41 A9 16809
12C92E C8 DD -14115
12C930 41 A9 16809
12C932 97 CB -26677
12C934 41 A9 16809
12C936 C8 DD -14115
12C938 41 A9 16809
12C93A 97 CB -26677
12C93C 41 A9 16809
12C93E C8 DD -14115
12C940 41 A9 16809
12C942 C8 DD -14115
12C944 41 A9 16809
12C946 F9 EF -1553
12C948 41 A9 16809
12C94A 97 CB -26677
12C94C 41 A9 16809
12C94E C8 DD -14115
12C950 41 A9 16809
12C952 C8 DD -14115
12C954 41 A9 16809
12C956 C8 DD -14115
12C958 41 A9 16809
12C95A 97 CB -26677
12C95C 41 A9 16809
12C95E C8 DD -14115
12C960 41 A9 16809
12C962 97 CB -26677
12C964 41 A9 16809
12C966 97 CB -26677
12C968 41 A9 16809
12C96A B0 54 -20396
12C96C 41 A9 16809
12C96E 97 CB -26677
12C970 41 A9 16809
12C972 C8 DD -14115
12C974 41 A9 16809
12C976 97 CB -26677
12C978 41 A9 16809
12C97A 97 CB -26677
12C97C 41 A9 16809
12C97E B0 54 -20396
12C980 41 A9 16809
12C982 97 CB -26677
12C984 41 A9 16809
12C986 C8 DD -14115
12C988 41 A9 16809
12C98A C8 DD -14115
12C98C 41 A9 16809
12C98E 97 CB -26677
12C990 41 A9 16809
12C992 C8 DD -14115
12C994 41 A9 16809
12C996 F9 EF -1553
12C998 41 A9 16809
12C99A C8 DD -14115
12C99C 41 A9 16809
12C99E C8 DD -14115
12C9A0 41 A9 16809
12C9A2 C8 DD -14115
12C9A4 41 A9 16809
12C9A6 C8 DD -14115
12C9A8 41 A9 16809
12C9AA C8 DD -14115
12C9AC 41 A9 16809
12C9AE C8 DD -14115
12C9B0 41 A9 16809
12C9B2 C8 DD -14115
12C9B4 41 A9 16809
12C9B6 97 CB -26677
12C9B8 41 A9 16809
12C9BA C8 DD -14115
12C9BC 41 A9 16809
12C9BE C8 DD -14115
12C9C0 41 A9 16809
12C9C2 C8 DD -14115
12C9C4 41 A9 16809
12C9C6 97 CB -26677
12C9C8 41 A9 16809
12C9CA C8 DD -14115
12C9CC 41 A9 16809
12C9CE 97 CB -26677
12C9D0 41 A9 16809
12C9D2 C8 DD -14115
12C9D4 41 A9 16809
12C9D6 C8 DD -14115
12C9D8 41 A9 16809
12C9DA 97 CB -26677
12C9DC 41 A9 16809
12C9DE C8 DD -14115
12C9E0 41 A9 16809
12C9E2 97 CB -26677
12C9E4 41 A9 16809
12C9E6 C8 DD -14115
12C9E8 41 A9 16809
12C9EA 97 CB -26677
12C9EC 41 A9 16809
12C9EE C8 DD -14115
12C9F0 41 A9 16809
12C9F2 C8 DD -14115
12C9F4 41 A9 16809
12C9F6 C8 DD -14115
12C9F8 41 A9 16809
12C9FA 97 CB -26677
12C9FC 41 A9 16809
12C9FE 97 CB -26677
12CA00 41 A9 16809
12CA02 C8 DD -14115
12CA04 41 A9 16809
12CA06 F9 EF -1553
12CA08 41 A9 16809
12CA0A C8 DD -14115
12CA0C 41 A9 16809
12CA0E F9 EF -1553
12CA10 41 A9 16809
12CA12 C8 DD -14115
12CA14 41 A9 16809
12CA16 C8 DD -14115
12CA18 41 A9 16809
12CA1A C8 DD -14115
12CA1C 41 A9 16809
12CA1E 97 CB -26677
12CA20 41 A9 16809
12CA22 C8 DD -14115
12CA24 41 A9 16809
12CA26 97 CB -26677
12CA28 41 A9 16809
12CA2A C8 DD -14115
12CA2C 41 A9 16809
12CA2E 97 CB -26677
12CA30 41 A9 16809
12CA32 C8 DD -14115
12CA34 41 A9 16809
12CA36 97 CB -26677
12CA38 41 A9 16809
12CA3A 97 CB -26677
12CA3C 41 A9 16809
12CA3E 97 CB -26677
12CA40 41 A9 16809
12CA42 97 CB -26677
12CA44 41 A9 16809
12CA46 97 CB -26677
12CA48 41 A9 16809
12CA4A 97 CB -26677
12CA4C 41 A9 16809
12CA4E 97 CB -26677
12CA50 41 A9 16809
12CA52 97 CB -26677
12CA54 41 AA 16810
12CA56 2B 01 11009
12CA58 41 A9 16809
12CA5A C8 DD -14115
12CA5C 41 A9 16809
12CA5E F9 EF -1553
12CA60 41 A9 16809
12CA62 C8 DD -14115
12CA64 41 A9 16809
12CA66 F9 EF -1553
12CA68 41 A9 16809
12CA6A F9 EF -1553
12CA6C 41 A9 16809
12CA6E F9 EF -1553
12CA70 41 A9 16809
12CA72 C8 DD -14115
12CA74 41 A9 16809
12CA76 97 CB -26677
12CA78 41 A9 16809
12CA7A 97 CB -26677
12CA7C 41 A9 16809
12CA7E C8 DD -14115
12CA80 41 A9 16809
12CA82 97 CB -26677
12CA84 41 A9 16809
12CA86 97 CB -26677
12CA88 41 A9 16809
12CA8A C8 DD -14115
12CA8C 41 A9 16809
12CA8E 97 CB -26677
12CA90 41 A9 16809
12CA92 97 CB -26677
12CA94 41 A9 16809
12CA96 C8 DD -14115
12CA98 41 A9 16809
12CA9A 97 CB -26677
12CA9C 41 A9 16809
12CA9E 97 CB -26677
12CAA0 41 A9 16809
12CAA2 72 FD 29437
12CAA4 41 A9 16809
12CAA6 66 B8 26296
12CAA8 41 A9 16809
12CAAA 97 CB -26677
12CAAC 41 A9 16809
12CAAE 97 CB -26677
12CAB0 41 A9 16809
12CAB2 C8 DD -14115
12CAB4 41 A9 16809
12CAB6 C8 DD -14115
12CAB8 41 A9 16809
12CABA F9 EF -1553
12CABC 41 A9 16809
12CABE F9 EF -1553
12CAC0 41 A9 16809
12CAC2 F9 EF -1553
12CAC4 41 A9 16809
12CAC6 C8 DD -14115
12CAC8 41 A9 16809
12CACA C8 DD -14115
12CACC 41 A9 16809
12CACE 97 CB -26677
12CAD0 41 A9 16809
12CAD2 F9 EF -1553
12CAD4 41 A9 16809
12CAD6 97 CB -26677
12CAD8 41 A9 16809
12CADA 97 CB -26677
12CADC 41 A9 16809
12CADE C8 DD -14115
12CAE0 41 A9 16809
12CAE2 97 CB -26677
12CAE4 41 A9 16809
12CAE6 97 CB -26677
12CAE8 41 A9 16809
12CAEA C8 DD -14115
12CAEC 41 A9 16809
12CAEE C8 DD -14115
12CAF0 41 A9 16809
12CAF2 F9 EF -1553
12CAF4 41 A9 16809
12CAF6 97 CB -26677
12CAF8 41 A9 16809
12CAFA 97 CB -26677
12CAFC 41 A9 16809
12CAFE C8 DD -14115
12CB00 41 A9 16809
12CB02 C8 DD -14115
12CB04 41 A9 16809
12CB06 C8 DD -14115
12CB08 41 A9 16809
12CB0A 97 CB -26677
12CB0C 41 A9 16809
12CB0E C8 DD -14115
12CB10 41 A9 16809
12CB12 C8 DD -14115
12CB14 41 A9 16809
12CB16 C8 DD -14115
12CB18 41 A9 16809
12CB1A F9 EF -1553
12CB1C 41 A9 16809
12CB1E C8 DD -14115
12CB20 41 A9 16809
12CB22 C8 DD -14115
12CB24 41 AA 16810
12CB26 2B 01 11009
12CB28 41 A9 16809
12CB2A F9 EF -1553
12CB2C 41 A9 16809
12CB2E 97 CB -26677
12CB30 41 A9 16809
12CB32 C8 DD -14115
12CB34 41 A9 16809
12CB36 C8 DD -14115
12CB38 41 A9 16809
12CB3A C8 DD -14115
12CB3C 41 A9 16809
12CB3E C8 DD -14115
12CB40 41 A9 16809
12CB42 66 B8 26296
12CB44 41 A9 16809
12CB46 97 CB -26677
12CB48 41 A9 16809
12CB4A 66 B8 26296
12CB4C 41 A9 16809
12CB4E C8 DD -14115
12CB50 41 A9 16809
12CB52 97 CB -26677
12CB54 41 A9 16809
12CB56 97 CB -26677
12CB58 41 A9 16809
12CB5A C8 DD -14115
12CB5C 41 A9 16809
12CB5E C8 DD -14115
12CB60 41 A9 16809
12CB62 97 CB -26677
12CB64 41 A9 16809
12CB66 97 CB -26677
12CB68 41 A9 16809
12CB6A 97 CB -26677
12CB6C 41 A9 16809
12CB6E C8 DD -14115
12CB70 41 A9 16809
12CB72 97 CB -26677
12CB74 41 A9 16809
12CB76 C8 DD -14115
12CB78 41 A9 16809
12CB7A C8 DD -14115
12CB7C 41 A9 16809
12CB7E C8 DD -14115
12CB80 41 A9 16809
12CB82 C8 DD -14115
12CB84 41 A9 16809
12CB86 C8 DD -14115
12CB88 41 A9 16809
12CB8A C8 DD -14115
12CB8C 41 A9 16809
12CB8E C8 DD -14115
12CB90 41 A9 16809
12CB92 C8 DD -14115
12CB94 41 A9 16809
12CB96 C8 DD -14115
12CB98 41 A9 16809
12CB9A C8 DD -14115
12CB9C 41 A9 16809
12CB9E C8 DD -14115
12CBA0 41 A9 16809
12CBA2 ED AB -4693
12CBA4 41 A9 16809
12CBA6 C8 DD -14115
12CBA8 41 A9 16809
12CBAA 97 CB -26677
12CBAC 41 A9 16809
12CBAE 97 CB -26677
12CBB0 41 A9 16809
12CBB2 97 CB -26677
12CBB4 41 A9 16809
12CBB6 97 CB -26677
12CBB8 41 A9 16809
12CBBA 97 CB -26677
12CBBC 41 A9 16809
12CBBE 97 CB -26677
12CBC0 41 A9 16809
12CBC2 97 CB -26677
12CBC4 41 A9 16809
12CBC6 66 B8 26296
12CBC8 41 A9 16809
12CBCA C8 DD -14115
12CBCC 41 A9 16809
12CBCE F9 EF -1553
12CBD0 41 A9 16809
12CBD2 97 CB -26677
12CBD4 41 A9 16809
12CBD6 F9 EF -1553
12CBD8 41 A9 16809
12CBDA C8 DD -14115
12CBDC 41 A9 16809
12CBDE F9 EF -1553
12CBE0 41 A9 16809
12CBE2 F9 EF -1553
12CBE4 41 A9 16809
12CBE6 97 CB -26677
12CBE8 41 A9 16809
12CBEA C8 DD -14115
12CBEC 41 A9 16809
12CBEE C8 DD -14115
12CBF0 41 A9 16809
12CBF2 F9 EF -1553
12CBF4 41 A9 16809
12CBF6 BC 98 -17256
12CBF8 41 A9 16809
12CBFA 97 CB -26677
12CBFC 41 A9 16809
12CBFE C8 DD -14115
12CC00 41 A9 16809
12CC02 97 CB -26677
12CC04 41 A9 16809
12CC06 C8 DD -14115
12CC08 41 A9 16809
12CC0A 97 CB -26677
12CC0C 41 A9 16809
12CC0E C8 DD -14115
12CC10 41 A9 16809
12CC12 97 CB -26677
12CC14 41 A9 16809
12CC16 97 CB -26677
12CC18 41 A9 16809
12CC1A 97 CB -26677
12CC1C 41 A9 16809
12CC1E 97 CB -26677
12CC20 41 A9 16809
12CC22 F9 EF -1553
12CC24 41 A9 16809
12CC26 97 CB -26677
12CC28 41 A9 16809
12CC2A 97 CB -26677
12CC2C 41 A9 16809
12CC2E 97 CB -26677
12CC30 41 A9 16809
12CC32 C8 DD -14115
12CC34 41 A9 16809
12CC36 C8 DD -14115
12CC38 41 A9 16809
12CC3A C8 DD -14115
12CC3C 41 A9 16809
12CC3E 97 CB -26677
12CC40 41 A9 16809
12CC42 C8 DD -14115
12CC44 41 A9 16809
12CC46 C8 DD -14115
12CC48 41 A9 16809
12CC4A C8 DD -14115
12CC4C 41 A9 16809
12CC4E C8 DD -14115
12CC50 41 A9 16809
12CC52 C8 DD -14115
12CC54 41 A9 16809
12CC56 C8 DD -14115
12CC58 41 A9 16809
12CC5A C8 DD -14115
12CC5C 41 A9 16809
12CC5E C8 DD -14115
12CC60 41 A9 16809
12CC62 F9 EF -1553
12CC64 41 A9 16809
12CC66 C8 DD -14115
12CC68 41 A9 16809
12CC6A 97 CB -26677
12CC6C 41 A9 16809
12CC6E F9 EF -1553
12CC70 41 A9 16809
12CC72 C8 DD -14115
12CC74 41 A9 16809
12CC76 97 CB -26677
12CC78 41 A9 16809
12CC7A 97 CB -26677
12CC7C 41 A9 16809
12CC7E 66 B8 26296
12CC80 41 A9 16809
12CC82 C8 DD -14115
12CC84 41 A9 16809
12CC86 97 CB -26677
12CC88 41 A9 16809
12CC8A 97 CB -26677
12CC8C 41 A9 16809
12CC8E 97 CB -26677
12CC90 41 A9 16809
12CC92 F9 EF -1553
12CC94 41 A9 16809
12CC96 97 CB -26677
12CC98 41 A9 16809
12CC9A 8B 86 -29818
12CC9C 41 A9 16809
12CC9E C8 DD -14115
12CCA0 41 A9 16809
12CCA2 C8 DD -14115
12CCA4 41 A9 16809
12CCA6 C8 DD -14115
12CCA8 41 A9 16809
12CCAA C8 DD -14115
12CCAC 41 A9 16809
12CCAE F9 EF -1553
12CCB0 41 A9 16809
12CCB2 F9 EF -1553
12CCB4 41 A9 16809
12CCB6 F9 EF -1553
12CCB8 41 A9 16809
12CCBA C8 DD -14115
12CCBC 41 A9 16809
12CCBE C8 DD -14115
12CCC0 41 A9 16809
12CCC2 C8 DD -14115
12CCC4 41 A9 16809
12CCC6 C8 DD -14115
12CCC8 41 A9 16809
12CCCA C8 DD -14115
12CCCC 41 A9 16809
12CCCE C8 DD -14115
12CCD0 41 A9 16809
12CCD2 97 CB -26677
12CCD4 41 A9 16809
12CCD6 F9 EF -1553
12CCD8 41 A9 16809
12CCDA 97 CB -26677
12CCDC 41 A9 16809
12CCDE 97 CB -26677
12CCE0 41 A9 16809
12CCE2 8B 86 -29818
12CCE4 41 A9 16809
12CCE6 97 CB -26677
12CCE8 41 A9 16809
12CCEA 97 CB -26677
12CCEC 41 A9 16809
12CCEE C8 DD -14115
12CCF0 41 A9 16809
12CCF2 97 CB -26677
12CCF4 41 A9 16809
12CCF6 C8 DD -14115
12CCF8 41 A9 16809
12CCFA 66 B8 26296
12CCFC 41 A9 16809
12CCFE 97 CB -26677
12CD00 41 A9 16809
12CD02 C8 DD -14115
12CD04 41 A9 16809
12CD06 F9 EF -1553
12CD08 41 A9 16809
12CD0A C8 DD -14115
12CD0C 41 A9 16809
12CD0E C8 DD -14115
12CD10 41 A9 16809
12CD12 C8 DD -14115
12CD14 41 A9 16809
12CD16 F9 EF -1553
12CD18 41 A9 16809
12CD1A C8 DD -14115
12CD1C 41 A9 16809
12CD1E 97 CB -26677
12CD20 41 A9 16809
12CD22 F9 EF -1553
12CD24 41 A9 16809
12CD26 C8 DD -14115
12CD28 41 A9 16809
12CD2A C8 DD -14115
12CD2C 41 A9 16809
12CD2E 97 CB -26677
12CD30 41 A9 16809
12CD32 97 CB -26677
12CD34 41 A9 16809
12CD36 97 CB -26677
12CD38 41 A9 16809
12CD3A 97 CB -26677
12CD3C 41 A9 16809
12CD3E C8 DD -14115
12CD40 41 A9 16809
12CD42 97 CB -26677
12CD44 41 A9 16809
12CD46 97 CB -26677
12CD48 41 A9 16809
12CD4A 97 CB -26677
12CD4C 41 AA 16810
12CD4E 2B 01 11009
12CD50 41 A9 16809
12CD52 F9 EF -1553
12CD54 41 A9 16809
12CD56 C8 DD -14115
12CD58 41 A9 16809
12CD5A 7F 42 32578
12CD5C 41 A9 16809
12CD5E F9 EF -1553
12CD60 41 A9 16809
12CD62 C8 DD -14115
12CD64 41 A9 16809
12CD66 C8 DD -14115
12CD68 41 A9 16809
12CD6A 97 CB -26677
12CD6C 41 A9 16809
12CD6E 97 CB -26677
12CD70 41 A9 16809
12CD72 C8 DD -14115
12CD74 41 A9 16809
12CD76 C8 DD -14115
12CD78 41 A9 16809
12CD7A C8 DD -14115
12CD7C 41 A9 16809
12CD7E C8 DD -14115
12CD80 41 A9 16809
12CD82 C8 DD -14115
12CD84 41 A9 16809
12CD86 97 CB -26677
12CD88 41 A9 16809
12CD8A C8 DD -14115
12CD8C 41 A9 16809
12CD8E F9 EF -1553
12CD90 41 A9 16809
12CD92 97 CB -26677
12CD94 41 A9 16809
12CD96 97 CB -26677
12CD98 41 A9 16809
12CD9A C8 DD -14115
12CD9C 41 A9 16809
12CD9E F9 EF -1553
12CDA0 41 A9 16809
12CDA2 97 CB -26677
12CDA4 41 A9 16809
12CDA6 BC 98 -17256
12CDA8 41 A9 16809
12CDAA C8 DD -14115
12CDAC 41 A9 16809
12CDAE 97 CB -26677
12CDB0 41 A9 16809
12CDB2 C8 DD -14115
12CDB4 41 A9 16809
12CDB6 C8 DD -14115
12CDB8 41 A9 16809
12CDBA F9 EF -1553
12CDBC 41 A9 16809
12CDBE 97 CB -26677
12CDC0 41 A9 16809
12CDC2 97 CB -26677
12CDC4 41 A9 16809
12CDC6 C8 DD -14115
12CDC8 41 A9 16809
12CDCA 97 CB -26677
12CDCC 41 A9 16809
12CDCE 97 CB -26677
12CDD0 41 A9 16809
12CDD2 97 CB -26677
12CDD4 41 A9 16809
12CDD6 C8 DD -14115
12CDD8 41 A9 16809
12CDDA 66 B8 26296
12CDDC 41 A9 16809
12CDDE C8 DD -14115
12CDE0 41 A9 16809
12CDE2 C8 DD -14115
12CDE4 41 A9 16809
12CDE6 97 CB -26677
12CDE8 41 A9 16809
12CDEA C8 DD -14115
12CDEC 41 A9 16809
12CDEE C8 DD -14115
12CDF0 41 A9 16809
12CDF2 ED AB -4693
12CDF4 41 A9 16809
12CDF6 C8 DD -14115
12CDF8 41 A9 16809
12CDFA 97 CB -26677
12CDFC 41 A9 16809
12CDFE C8 DD -14115
12CE00 41 A9 16809
12CE02 97 CB -26677
12CE04 41 A9 16809
12CE06 97 CB -26677
12CE08 41 A9 16809
12CE0A C8 DD -14115
12CE0C 41 A9 16809
12CE0E C8 DD -14115
12CE10 41 A9 16809
12CE12 C8 DD -14115
12CE14 41 A9 16809
12CE16 C8 DD -14115
12CE18 41 A9 16809
12CE1A C8 DD -14115
12CE1C 41 A9 16809
12CE1E A4 0F -23537
12CE20 41 A9 16809
12CE22 C8 DD -14115
12CE24 41 A9 16809
12CE26 97 CB -26677
12CE28 41 A9 16809
12CE2A 66 B8 26296
12CE2C 41 A9 16809
12CE2E C8 DD -14115
12CE30 41 A9 16809
12CE32 C8 DD -14115
12CE34 41 A9 16809
12CE36 97 CB -26677
12CE38 41 A9 16809
12CE3A 97 CB -26677
12CE3C 41 A9 16809
12CE3E 97 CB -26677
12CE40 41 A9 16809
12CE42 C8 DD -14115
12CE44 41 A9 16809
12CE46 97 CB -26677
12CE48 41 A9 16809
12CE4A C8 DD -14115
12CE4C 41 A9 16809
12CE4E C8 DD -14115
12CE50 41 A9 16809
12CE52 97 CB -26677
12CE54 41 A9 16809
12CE56 C8 DD -14115
12CE58 41 A9 16809
12CE5A C8 DD -14115
12CE5C 41 A9 16809
12CE5E F9 EF -1553
12CE60 41 A9 16809
12CE62 97 CB -26677
12CE64 41 A9 16809
12CE66 8B 86 -29818
12CE68 41 A9 16809
12CE6A C8 DD -14115
12CE6C 41 A9 16809
12CE6E 97 CB -26677
12CE70 41 A9 16809
12CE72 97 CB -26677
12CE74 41 A9 16809
12CE76 97 CB -26677
12CE78 41 A9 16809
12CE7A F9 EF -1553
12CE7C 41 A9 16809
12CE7E C8 DD -14115
12CE80 41 A9 16809
12CE82 C8 DD -14115
12CE84 41 A9 16809
12CE86 C8 DD -14115
12CE88 41 A9 16809
12CE8A C8 DD -14115
12CE8C 41 A9 16809
12CE8E F9 EF -1553
12CE90 41 A9 16809
12CE92 C8 DD -14115
12CE94 41 A9 16809
12CE96 97 CB -26677
12CE98 41 A9 16809
12CE9A C8 DD -14115
12CE9C 41 A9 16809
12CE9E 97 CB -26677
12CEA0 41 A9 16809
12CEA2 C8 DD -14115
12CEA4 41 A9 16809
12CEA6 97 CB -26677
12CEA8 41 A9 16809
12CEAA 97 CB -26677
12CEAC 41 A9 16809
12CEAE 97 CB -26677
12CEB0 41 A9 16809
12CEB2 C8 DD -14115
12CEB4 41 A9 16809
12CEB6 97 CB -26677
12CEB8 41 A9 16809
12CEBA 66 B8 26296
12CEBC 41 A9 16809
12CEBE C8 DD -14115
12CEC0 41 A9 16809
12CEC2 C8 DD -14115
12CEC4 41 A9 16809
12CEC6 C8 DD -14115
12CEC8 41 A9 16809
12CECA C8 DD -14115
12CECC 41 A9 16809
12CECE C8 DD -14115
12CED0 41 A9 16809
12CED2 97 CB -26677
12CED4 41 A9 16809
12CED6 C8 DD -14115
12CED8 41 A9 16809
12CEDA C8 DD -14115
12CEDC 41 A9 16809
12CEDE C8 DD -14115
12CEE0 41 A9 16809
12CEE2 97 CB -26677
12CEE4 41 A9 16809
12CEE6 97 CB -26677
12CEE8 41 A9 16809
12CEEA 97 CB -26677
12CEEC 41 A9 16809
12CEEE C8 DD -14115
12CEF0 41 A9 16809
12CEF2 66 B8 26296
12CEF4 41 A9 16809
12CEF6 C8 DD -14115
12CEF8 41 A9 16809
12CEFA C8 DD -14115
12CEFC 41 A9 16809
12CEFE C8 DD -14115
12CF00 41 A9 16809
12CF02 C8 DD -14115
12CF04 41 A9 16809
12CF06 97 CB -26677
12CF08 41 A9 16809
12CF0A ED AB -4693
12CF0C 41 A9 16809
12CF0E C8 DD -14115
12CF10 41 A9 16809
12CF12 97 CB -26677
12CF14 41 A9 16809
12CF16 F9 EF -1553
12CF18 41 A9 16809
12CF1A 97 CB -26677
12CF1C 41 A9 16809
12CF1E C8 DD -14115
12CF20 41 A9 16809
12CF22 C8 DD -14115
12CF24 41 A9 16809
12CF26 97 CB -26677
12CF28 41 A9 16809
12CF2A 97 CB -26677
12CF2C 41 A9 16809
12CF2E C8 DD -14115
12CF30 41 A9 16809
12CF32 F9 EF -1553
12CF34 41 A9 16809
12CF36 97 CB -26677
12CF38 41 A9 16809
12CF3A 97 CB -26677
12CF3C 41 A9 16809
12CF3E C8 DD -14115
12CF40 41 A9 16809
12CF42 97 CB -26677
12CF44 41 A9 16809
12CF46 66 B8 26296
12CF48 41 A9 16809
12CF4A 97 CB -26677
12CF4C 41 A9 16809
12CF4E 97 CB -26677
12CF50 41 A9 16809
12CF52 C8 DD -14115
12CF54 41 A9 16809
12CF56 C8 DD -14115
12CF58 41 A9 16809
12CF5A C8 DD -14115
12CF5C 41 A9 16809
12CF5E 97 CB -26677
12CF60 41 A9 16809
12CF62 97 CB -26677
12CF64 41 A9 16809
12CF66 C8 DD -14115
12CF68 41 A9 16809
12CF6A 97 CB -26677
12CF6C 41 A9 16809
12CF6E 97 CB -26677
12CF70 41 A9 16809
12CF72 97 CB -26677
12CF74 41 A9 16809
12CF76 C8 DD -14115
12CF78 41 A9 16809
12CF7A 97 CB -26677
12CF7C 41 A9 16809
12CF7E C8 DD -14115
12CF80 41 A9 16809
12CF82 C8 DD -14115
12CF84 41 A9 16809
12CF86 F9 EF -1553
12CF88 41 A9 16809
12CF8A 97 CB -26677
12CF8C 41 A9 16809
12CF8E C8 DD -14115
12CF90 41 A9 16809
12CF92 C8 DD -14115
12CF94 41 A9 16809
12CF96 97 CB -26677
12CF98 41 A9 16809
12CF9A C8 DD -14115
12CF9C 41 A9 16809
12CF9E F9 EF -1553
12CFA0 41 A9 16809
12CFA2 97 CB -26677
12CFA4 41 A9 16809
12CFA6 97 CB -26677
12CFA8 41 A9 16809
12CFAA C8 DD -14115
12CFAC 41 A9 16809
12CFAE F9 EF -1553
12CFB0 41 A9 16809
12CFB2 C8 DD -14115
12CFB4 41 A9 16809
12CFB6 97 CB -26677
12CFB8 41 A9 16809
12CFBA F9 EF -1553
12CFBC 41 A9 16809
12CFBE 97 CB -26677
12CFC0 41 A9 16809
12CFC2 97 CB -26677
12CFC4 41 A9 16809
12CFC6 C8 DD -14115
12CFC8 41 A9 16809
12CFCA C8 DD -14115
12CFCC 41 A9 16809
12CFCE C8 DD -14115
12CFD0 41 A9 16809
12CFD2 97 CB -26677
12CFD4 41 A9 16809
12CFD6 C8 DD -14115
12CFD8 41 A9 16809
12CFDA 97 CB -26677
12CFDC 41 A9 16809
12CFDE 97 CB -26677
12CFE0 41 A9 16809
12CFE2 C8 DD -14115
12CFE4 41 A9 16809
12CFE6 C8 DD -14115
12CFE8 41 A9 16809
12CFEA 97 CB -26677
12CFEC 41 A9 16809
12CFEE 97 CB -26677
12CFF0 41 A9 16809
12CFF2 C8 DD -14115
12CFF4 41 A9 16809
12CFF6 C8 DD -14115
12CFF8 41 A9 16809
12CFFA F9 EF -1553
12CFFC 43 A9 17321
12CFFE C8 DD -14115
12D000 41 A9 16809
12D002 C8 DD -14115
12D004 41 A9 16809
12D006 97 CB -26677
12D008 41 A9 16809
12D00A C8 DD -14115
12D00C 41 A9 16809
12D00E C8 DD -14115
12D010 41 A9 16809
12D012 C8 DD -14115
12D014 41 A9 16809
12D016 F9 EF -1553
12D018 41 A9 16809
12D01A F9 EF -1553
12D01C 41 A9 16809
12D01E 97 CB -26677
12D020 41 A9 16809
12D022 97 CB -26677
12D024 41 A9 16809
12D026 97 CB -26677
12D028 41 A9 16809
12D02A F9 EF -1553
12D02C 41 A9 16809
12D02E 97 CB -26677
12D030 41 A9 16809
12D032 C8 DD -14115
12D034 41 A9 16809
12D036 C8 DD -14115
12D038 41 A9 16809
12D03A 66 B8 26296
12D03C 41 A9 16809
12D03E 97 CB -26677
12D040 41 A9 16809
12D042 C8 DD -14115
12D044 41 A9 16809
12D046 F9 EF -1553
12D048 41 A9 16809
12D04A 97 CB -26677
12D04C 41 A9 16809
12D04E C8 DD -14115
12D050 41 A9 16809
12D052 C8 DD -14115
12D054 41 A9 16809
12D056 F9 EF -1553
12D058 41 A9 16809
12D05A C8 DD -14115
12D05C 41 A9 16809
12D05E 97 CB -26677
12D060 41 A9 16809
12D062 C8 DD -14115
12D064 41 A9 16809
12D066 97 CB -26677
12D068 41 A9 16809
12D06A 97 CB -26677
12D06C 41 A9 16809
12D06E C8 DD -14115
12D070 41 A9 16809
12D072 97 CB -26677
12D074 41 A9 16809
12D076 C8 DD -14115
12D078 41 A9 16809
12D07A C8 DD -14115
12D07C 41 A9 16809
12D07E C8 DD -14115
12D080 41 A9 16809
12D082 97 CB -26677
12D084 41 A9 16809
12D086 97 CB -26677
12D088 41 A9 16809
12D08A C8 DD -14115
12D08C 41 A9 16809
12D08E C8 DD -14115
12D090 41 A9 16809
12D092 BC 98 -17256
12D094 41 A9 16809
12D096 C8 DD -14115
12D098 41 A9 16809
12D09A C8 DD -14115
12D09C 41 A9 16809
12D09E C8 DD -14115
12D0A0 41 A9 16809
12D0A2 97 CB -26677
12D0A4 41 A9 16809
12D0A6 C8 DD -14115
12D0A8 41 A9 16809
12D0AA C8 DD -14115
12D0AC 41 A9 16809
12D0AE C8 DD -14115
12D0B0 41 A9 16809
12D0B2 C8 DD -14115
12D0B4 41 A9 16809
12D0B6 C8 DD -14115
12D0B8 41 A9 16809
12D0BA 66 B8 26296
12D0BC 41 A9 16809
12D0BE F9 EF -1553
12D0C0 41 A9 16809
12D0C2 F9 EF -1553
12D0C4 41 A9 16809
12D0C6 C8 DD -14115
12D0C8 41 A9 16809
12D0CA 97 CB -26677
12D0CC 41 A9 16809
12D0CE C8 DD -14115
12D0D0 41 A9 16809
12D0D2 C8 DD -14115
12D0D4 41 A9 16809
12D0D6 C8 DD -14115
12D0D8 41 A9 16809
12D0DA C8 DD -14115
12D0DC 41 A9 16809
12D0DE 97 CB -26677
12D0E0 41 A9 16809
12D0E2 C8 DD -14115
12D0E4 41 A9 16809
12D0E6 66 B8 26296
12D0E8 41 A9 16809
12D0EA F9 EF -1553
12D0EC 41 A9 16809
12D0EE F9 EF -1553
12D0F0 41 A9 16809
12D0F2 97 CB -26677
12D0F4 41 A9 16809
12D0F6 C8 DD -14115
12D0F8 41 A9 16809
12D0FA C8 DD -14115
12D0FC 41 A9 16809
12D0FE C8 DD -14115
12D100 41 A9 16809
12D102 97 CB -26677
12D104 41 A9 16809
12D106 97 CB -26677
12D108 41 A9 16809
12D10A 66 B8 26296
12D10C 41 A9 16809
12D10E C8 DD -14115
12D110 41 A9 16809
12D112 C8 DD -14115
12D114 41 A9 16809
12D116 F9 EF -1553
12D118 41 A9 16809
12D11A 97 CB -26677
12D11C 41 A9 16809
12D11E 97 CB -26677
12D120 41 A9 16809
12D122 C8 DD -14115
12D124 41 A9 16809
12D126 F9 EF -1553
12D128 41 A9 16809
12D12A C8 DD -14115
12D12C 41 A9 16809
12D12E 97 CB -26677
12D130 41 A9 16809
12D132 C8 DD -14115
12D134 41 A9 16809
12D136 C8 DD -14115
12D138 41 A9 16809
12D13A C8 DD -14115
12D13C 41 A9 16809
12D13E C8 DD -14115
12D140 41 A9 16809
12D142 97 CB -26677
12D144 41 A9 16809
12D146 66 B8 26296
12D148 41 A9 16809
12D14A C8 DD -14115
12D14C 41 A9 16809
12D14E C8 DD -14115
12D150 41 A9 16809
12D152 C8 DD -14115
12D154 41 A9 16809
12D156 97 CB -26677
12D158 41 A9 16809
12D15A 97 CB -26677
12D15C 41 A9 16809
12D15E F9 EF -1553
12D160 41 A9 16809
12D162 97 CB -26677
12D164 41 A9 16809
12D166 97 CB -26677
12D168 41 A9 16809
12D16A C8 DD -14115
12D16C 41 A9 16809
12D16E C8 DD -14115
12D170 41 A9 16809
12D172 C8 DD -14115
12D174 41 A9 16809
12D176 97 CB -26677
12D178 41 A9 16809
12D17A 97 CB -26677
12D17C 41 A9 16809
12D17E C8 DD -14115
12D180 41 A9 16809
12D182 97 CB -26677
12D184 41 A9 16809
12D186 F9 EF -1553
12D188 79 67 31079
12D18A 22 8E 8846
12D18C 00 00 0
12D18E 00 01 1
12D190 00 00 0
12D192 00 00 0
12D194 45 1B 17691
12D196 0B C3 3011
12D198 5B B2 23474
12D19A 64 48 25672
12D19C 00 00 0
12D19E 00 00 0
12D1A0 00 00 0
12D1A2 00 00 0
12D1A4 32 22 12834
12D1A6 69 6E 26990
12D1A8 34 4E 13390
12D1AA 08 60 2144
12D1AC 00 00 0
12D1AE 00 04 4
12D1B0 00 00 0
12D1B2 00 00 0
12D1B4 DC 9E -9058
12D1B6 A5 DF -23073
12D1B8 E9 3F -5825
12D1BA 18 79 6265
12D1BC 00 00 0
12D1BE 00 10 16
12D1C0 00 00 0
12D1C2 00 00 0
12D1C4 28 11 10257
12D1C6 52 45 21061
12D1C8 53 5E 21342
12D1CA 02 81 641
12D1CC 00 00 0
12D1CE 00 00 0
12D1D0 00 00 0
12D1D2 00 00 0
12D1D4 08 20 2080
12D1D6 7D B3 32179
12D1D8 5B FF 23551
12D1DA E1 4D -7859
12D1DC 00 00 0
12D1DE 00 02 2
12D1E0 00 00 0
12D1E2 00 00 0
12D1E4 44 51 17489
12D1E6 59 C7 22983
12D1E8 D2 5E -11682
12D1EA A1 20 -24288
12D1EC 00 00 0
12D1EE 00 00 0
12D1F0 00 00 0
12D1F2 00 00 0
12D1F4 30 3C 12348
12D1F6 4C 7B 19579
12D1F8 41 01 16641
12D1FA 03 0F 783
12D1FC 00 00 0
12D1FE 00 04 4
12D200 00 00 0
12D202 00 00 0
12D204 1B 04 6916
12D206 2C 8C 11404
12D208 FD 6A -662
12D20A 04 81 1153
12D20C 00 00 0
12D20E 00 00 0
12D210 00 00 0
12D212 00 00 0
12D214 EB 80 -5248
12D216 01 6A 362
12D218 F3 F3 -3085
12D21A 82 19 -32231
12D21C 00 00 0
12D21E 00 00 0
12D220 00 00 0
12D222 00 00 0
12D224 C2 A0 -15712
12D226 32 B4 12980
12D228 C6 21 -14815
12D22A 00 90 144
12D22C 00 00 0
12D22E 00 A0 160
12D230 00 40 64
12D232 00 00 0
12D234 40 51 16465
12D236 04 3B 1083
12D238 AF D8 -20520
12D23A 00 CF 207
12D23C 00 00 0
12D23E 01 04 260
12D240 00 00 0
12D242 00 00 0
12D244 DE 02 -8702
12D246 00 8F 143
12D248 9B AB -25685
12D24A 23 30 9008
12D24C 00 00 0
12D24E 02 05 517
12D250 00 04 4
12D252 00 00 0
12D254 48 22 18466
12D256 55 4C 21836
12D258 A5 81 -23167
12D25A 00 09 9
12D25C 00 00 0
12D25E 00 00 0
12D260 00 00 0
12D262 00 00 0
12D264 53 78 21368
12D266 04 C8 1224
12D268 4F 73 20339
12D26A 43 2A 17194
12D26C 00 00 0
12D26E 00 00 0
12D270 00 00 0
12D272 00 00 0
12D274 E9 00 -5888
12D276 12 03 4611
12D278 F1 E7 -3609
12D27A 10 4A 4170
12D27C 00 00 0
12D27E 00 00 0
12D280 00 00 0
12D282 00 00 0
12D284 EF 21 -4319
12D286 24 B5 9397
12D288 63 94 25492
12D28A 89 31 -30415
12D28C 00 00 0
12D28E 00 00 0
12D290 00 00 0
12D292 00 00 0
12D294 7D 34 32052
12D296 A8 DE -22306
12D298 F0 44 -4028
12D29A C0 46 -16314
12D29C 00 00 0
12D29E 00 00 0
12D2A0 00 00 0
12D2A2 00 00 0
12D2A4 33 CC 13260
12D2A6 06 5E 1630
12D2A8 E7 CB -6197
12D2AA 83 D2 -31790
12D2AC 00 00 0
12D2AE 00 00 0
12D2B0 00 02 2
12D2B2 00 00 0
12D2B4 AE C8 -20792
12D2B6 22 2C 8748
12D2B8 1B 83 7043
12D2BA 02 0E 526
12D2BC 00 00 0
12D2BE 00 04 4
12D2C0 00 00 0
12D2C2 00 00 0
12D2C4 91 80 -28288
12D2C6 26 E0 9952
12D2C8 FB 7E -1154
12D2CA 90 80 -28544
12D2CC 00 00 0
12D2CE 00 08 8
12D2D0 00 00 0
12D2D2 00 00 0
12D2D4 D0 15 -12267
12D2D6 3B 4C 15180
12D2D8 39 80 14720
12D2DA C8 64 -14236
12D2DC 00 00 0
12D2DE 00 80 128
12D2E0 00 00 0
12D2E2 00 00 0
12D2E4 6C 02 27650
12D2E6 25 DD 9693
12D2E8 F8 80 -1920
12D2EA 2D 00 11520
12D2EC 00 00 0
12D2EE 00 00 0
12D2F0 00 00 0
12D2F2 00 00 0
12D2F4 43 80 17280
12D2F6 1A A9 6825
12D2F8 CD 55 -12971
12D2FA 00 04 4
12D2FC 00 00 0
12D2FE 00 02 2
12D300 00 00 0
12D302 00 00 0
12D304 9C 0C -25588
12D306 49 DC 18908
12D308 98 A5 -26459
12D30A 30 C1 12481
12D30C 00 00 0
12D30E 00 00 0
12D310 00 00 0
12D312 01 00 256
12D314 C0 01 -16383
12D316 9A 5E -26018
12D318 15 CF 5583
12D31A 48 05 18437
12D31C 00 00 0
12D31E 00 00 0
12D320 00 00 0
12D322 00 20 32
12D324 20 46 8262
12D326 4E 4F 20047
12D328 C4 06 -15354
12D32A 80 88 -32632
12D32C 00 00 0
12D32E 00 20 32
12D330 00 00 0
12D332 00 00 0
12D334 B0 40 -20416
12D336 96 D5 -26923
12D338 70 D0 28880
12D33A 1C A6 7334
12D33C 00 00 0
12D33E 00 00 0
12D340 00 00 0
12D342 00 00 0
12D344 D1 12 -12014
12D346 8B 0B -29941
12D348 D5 CE -10802
12D34A 10 86 4230
12D34C 00 00 0
12D34E 00 00 0
12D350 00 00 0
12D352 00 00 0
12D354 B6 48 -18872
12D356 0F D5 4053
12D358 33 68 13160
12D35A 02 A0 672
12D35C 00 00 0
12D35E 00 00 0
12D360 00 00 0
12D362 00 00 0
12D364 48 24 18468
12D366 56 B7 22199
12D368 E7 B0 -6224
12D36A 28 CA 10442
12D36C 00 00 0
12D36E 00 00 0
12D370 00 00 0
12D372 00 00 0
12D374 0B 33 2867
12D376 1D 80 7552
12D378 1E 44 7748
12D37A 41 01 16641
12D37C 00 00 0
12D37E 00 00 0
12D380 00 00 0
12D382 00 00 0
12D384 CA F5 -13579
12D386 88 90 -30576
12D388 F8 73 -1933
12D38A 01 02 258
12D38C 00 00 0
12D38E 00 20 32
12D390 00 00 0
12D392 00 00 0
12D394 18 18 6168
12D396 84 0B -31733
12D398 A5 AF -23121
12D39A 00 20 32
12D39C 00 00 0
12D39E 08 00 2048
12D3A0 00 00 0
12D3A2 00 00 0
12D3A4 20 1E 8222
12D3A6 20 B7 8375
12D3A8 2C 0D 11277
12D3AA 04 42 1090
12D3AC 00 00 0
12D3AE 00 00 0
12D3B0 00 00 0
12D3B2 00 00 0
12D3B4 0C 18 3096
12D3B6 68 B5 26805
12D3B8 8D 47 -29369
12D3BA 90 3C -28612
12D3BC 00 00 0
12D3BE 00 00 0
12D3C0 00 00 0
12D3C2 00 00 0
12D3C4 6C 88 27784
12D3C6 51 EE 20974
12D3C8 1A 12 6674
12D3CA 23 00 8960
12D3CC 00 00 0
12D3CE 00 00 0
12D3D0 00 00 0
12D3D2 00 00 0
12D3D4 92 04 -28156
12D3D6 BA AA -17750
12D3D8 FE 6E -402
12D3DA 85 A1 -31327
12D3DC 00 00 0
12D3DE 00 08 8
12D3E0 00 00 0
12D3E2 00 00 0
12D3E4 50 54 20564
12D3E6 85 9F -31329
12D3E8 F5 90 -2672
12D3EA 24 5D 9309
12D3EC 00 04 4
12D3EE 00 00 0
12D3F0 00 00 0
12D3F2 00 00 0
12D3F4 14 8C 5260
12D3F6 A0 48 -24504
12D3F8 47 82 18306
12D3FA E0 90 -8048
12D3FC 00 00 0
12D3FE 00 00 0
12D400 00 00 0
12D402 00 00 0
12D404 1E 10 7696
12D406 80 7D -32643
12D408 FE 57 -425
12D40A 00 01 1
12D40C 00 00 0
12D40E 00 10 16
12D410 00 00 0
12D412 00 00 0
12D414 00 09 9
12D416 38 70 14448
12D418 5B 90 23440
12D41A 00 B6 182
12D41C 00 00 0
12D41E 00 00 0
12D420 00 00 0
12D422 00 00 0
12D424 53 02 21250
12D426 59 7E 22910
12D428 B9 11 -18159
12D42A 00 E6 230
12D42C 00 00 0
12D42E 00 00 0
12D430 00 00 0
12D432 00 00 0
12D434 D2 21 -11743
12D436 0D B7 3511
12D438 A4 E0 -23328
12D43A 10 04 4100
12D43C 00 00 0
12D43E 00 00 0
12D440 00 00 0
12D442 00 00 0
12D444 38 0D 14349
12D446 25 E4 9700
12D448 CD 36 -13002
12D44A 81 84 -32380
12D44C 00 00 0
12D44E 00 00 0
12D450 00 00 0
12D452 00 00 0
12D454 93 01 -27903
12D456 80 E3 -32541
12D458 F1 6C -3732
12D45A 00 40 64
12D45C 20 00 8192
12D45E 00 00 0
12D460 00 00 0
12D462 00 00 0
12D464 23 00 8960
12D466 C8 1C -14308
12D468 A8 F2 -22286
12D46A 20 25 8229
12D46C 00 00 0
12D46E 00 20 32
12D470 00 00 0
12D472 00 00 0
12D474 88 A1 -30559
12D476 9C 63 -25501
12D478 31 79 12665
12D47A 00 20 32
12D47C 10 00 4096
12D47E 00 22 34
12D480 00 00 0
12D482 00 00 0
12D484 86 1C -31204
12D486 80 39 -32711
12D488 56 F8 22264
12D48A 40 69 16489
12D48C 00 00 0
12D48E 00 00 0
12D490 20 00 8192
12D492 00 00 0
12D494 07 62 1890
12D496 43 A6 17318
12D498 70 C2 28866
12D49A C0 AE -16210
12D49C 00 00 0
12D49E 00 00 0
12D4A0 00 00 0
12D4A2 00 00 0
12D4A4 80 86 -32634
12D4A6 7C 8F 31887
12D4A8 A0 51 -24495
12D4AA 00 74 116
12D4AC 00 00 0
12D4AE 00 00 0
12D4B0 00 20 32
12D4B2 00 00 0
12D4B4 50 2A 20522
12D4B6 25 2F 9519
12D4B8 56 4C 22092
12D4BA 08 03 2051
12D4BC 00 00 0
12D4BE 00 00 0
12D4C0 00 80 128
12D4C2 00 00 0
12D4C4 70 79 28793
12D4C6 4E E7 20199
12D4C8 5F C4 24516
12D4CA 01 C0 448
12D4CC 00 00 0
12D4CE 00 40 64
12D4D0 00 00 0
12D4D2 00 00 0
12D4D4 1F 90 8080
12D4D6 3D E3 15843
12D4D8 A4 3C -23492
12D4DA 64 28 25640
12D4DC 00 00 0
12D4DE 00 40 64
12D4E0 00 00 0
12D4E2 00 00 0
12D4E4 55 50 21840
12D4E6 07 7F 1919
12D4E8 E7 31 -6351
12D4EA 00 00 0
12D4EC 00 00 0
12D4EE 00 10 16
12D4F0 00 00 0
12D4F2 00 00 0
12D4F4 49 02 18690
12D4F6 0F EC 4076
12D4F8 D6 D7 -10537
12D4FA 00 31 49
12D4FC 00 00 0
12D4FE 00 41 65
12D500 00 00 0
12D502 00 00 0
12D504 A2 11 -24047
12D506 4D 50 19792
12D508 AF 3D -20675
12D50A 01 04 260
12D50C 00 00 0
12D50E 00 00 0
12D510 00 00 0
12D512 00 00 0
12D514 44 C9 17609
12D516 58 6D 22637
12D518 F3 42 -3262
12D51A 9A 22 -26078
12D51C 00 00 0
12D51E 00 12 18
12D520 00 00 0
12D522 00 00 0
12D524 E0 41 -8127
12D526 16 FB 5883
12D528 9D 66 -25242
12D52A 00 66 102
12D52C 00 00 0
12D52E 00 00 0
12D530 00 80 128
12D532 00 00 0
12D534 9A E0 -25888
12D536 3A D9 15065
12D538 15 ED 5613
12D53A 00 0D 13
12D53C 00 00 0
12D53E 00 01 1
12D540 00 00 0
12D542 00 00 0
12D544 17 30 5936
12D546 BC 6A -17302
12D548 B3 AD -19539
12D54A 91 00 -28416
12D54C 00 00 0
12D54E 00 00 0
12D550 00 00 0
12D552 00 00 0
12D554 88 88 -30584
12D556 54 E4 21732
12D558 EE 31 -4559
12D55A 00 13 19
12D55C 00 00 0
12D55E 00 00 0
12D560 00 00 0
12D562 00 00 0
12D564 F0 8B -3957
12D566 0D 3A 3386
12D568 FD E2 -542
12D56A 10 79 4217
12D56C 00 00 0
12D56E 00 00 0
12D570 00 00 0
12D572 00 00 0
12D574 A0 1C -24548
12D576 8F E5 -28699
12D578 15 93 5523
12D57A 00 4C 76
12D57C 00 00 0
12D57E 00 A4 164
12D580 00 00 0
12D582 00 00 0
12D584 E8 36 -6090
12D586 AE 4D -20915
12D588 2A D7 10967
12D58A 10 40 4160
12D58C 00 00 0
12D58E 00 40 64
12D590 00 00 0
12D592 00 00 0
12D594 7E 03 32259
12D596 20 8A 8330
12D598 B0 E3 -20253
12D59A 21 10 8464
12D59C 00 00 0
12D59E 00 00 0
12D5A0 00 00 0
12D5A2 00 00 0
12D5A4 11 08 4360
12D5A6 18 AB 6315
12D5A8 C1 BB -15941
12D5AA 90 54 -28588
12D5AC 00 00 0
12D5AE 00 40 64
12D5B0 00 00 0
12D5B2 00 00 0
12D5B4 22 04 8708
12D5B6 41 1B 16667
12D5B8 0D 07 3335
12D5BA 8C 02 -29694
12D5BC 00 00 0
12D5BE 00 00 0
12D5C0 00 00 0
12D5C2 00 00 0
12D5C4 D0 FA -12038
12D5C6 92 83 -28029
12D5C8 E4 3E -7106
12D5CA 10 C6 4294
12D5CC 00 00 0
12D5CE 00 00 0
12D5D0 00 00 0
12D5D2 00 00 0
12D5D4 80 D1 -32559
12D5D6 F6 3F -2497
12D5D8 B6 55 -18859
12D5DA 00 48 72
12D5DC 00 00 0
12D5DE 00 00 0
12D5E0 00 00 0
12D5E2 00 00 0
12D5E4 04 3C 1084
12D5E6 C0 FD -16131
12D5E8 3E DC 16092
12D5EA 00 1E 30
12D5EC 00 00 0
12D5EE 00 86 134
12D5F0 00 00 0
12D5F2 00 00 0
12D5F4 30 B5 12469
12D5F6 A0 ED -24339
12D5F8 D1 EC -11796
12D5FA C0 04 -16380
12D5FC 00 00 0
12D5FE 00 00 0
12D600 00 00 0
12D602 00 00 0
12D604 54 14 21524
12D606 0C A4 3236
12D608 D2 F5 -11531
12D60A 06 51 1617
12D60C 00 00 0
12D60E 00 50 80
12D610 00 00 0
12D612 00 00 0
12D614 89 00 -30464
12D616 80 8F -32625
12D618 3F 63 16227
12D61A 48 83 18563
12D61C 00 00 0
12D61E 00 40 64
12D620 00 00 0
12D622 00 00 0
12D624 C2 B1 -15695
12D626 42 45 16965
12D628 33 26 13094
12D62A 84 00 -31744
12D62C 00 00 0
12D62E 00 02 2
12D630 00 40 64
12D632 00 00 0
12D634 75 60 30048
12D636 FC 0E -1010
12D638 3E 5F 15967
12D63A 22 90 8848
12D63C 00 00 0
12D63E 00 95 149
12D640 00 00 0
12D642 00 00 0
12D644 21 22 8482
12D646 32 62 12898
12D648 E7 12 -6382
12D64A 00 1C 28
12D64C 00 01 1
12D64E 00 00 0
12D650 00 00 0
12D652 00 00 0
12D654 B8 00 -18432
12D656 00 B3 179
12D658 F2 81 -3455
12D65A 40 18 16408
12D65C 00 00 0
12D65E 00 00 0
12D660 00 00 0
12D662 00 00 0
12D664 1A 62 6754
12D666 02 2E 558
12D668 77 5D 30557
12D66A 20 3A 8250
12D66C 00 00 0
12D66E 04 00 1024
12D670 00 00 0
12D672 00 00 0
12D674 01 6C 364
12D676 12 3F 4671
12D678 D8 8B -10101
12D67A 08 00 2048
12D67C 00 00 0
12D67E 00 22 34
12D680 00 00 0
12D682 00 00 0
12D684 30 93 12435
12D686 0F FD 4093
12D688 53 56 21334
12D68A 20 C4 8388
12D68C 00 00 0
12D68E 20 00 8192
12D690 00 00 0
12D692 00 00 0
12D694 F9 9C -1636
12D696 86 DC -31012
12D698 7F 4C 32588
12D69A 01 80 384
12D69C 00 00 0
12D69E 00 02 2
12D6A0 00 00 0
12D6A2 00 00 0
12D6A4 ED 2A -4822
12D6A6 A8 A9 -22359
12D6A8 24 D3 9427
12D6AA 09 20 2336
12D6AC 00 00 0
12D6AE 00 04 4
12D6B0 00 00 0
12D6B2 00 00 0
12D6B4 F0 00 -4096
12D6B6 A2 F2 -23822
12D6B8 F1 DA -3622
12D6BA A0 33 -24525
12D6BC 00 00 0
12D6BE 00 02 2
12D6C0 00 00 0
12D6C2 00 00 0
12D6C4 D0 20 -12256
12D6C6 09 54 2388
12D6C8 DB FC -9220
12D6CA 10 0C 4108
12D6CC 40 00 16384
12D6CE 00 00 0
12D6D0 00 00 0
12D6D2 00 00 0
12D6D4 7E 02 32258
12D6D6 18 D3 6355
12D6D8 3F 33 16179
12D6DA 04 80 1152
12D6DC 00 00 0
12D6DE 00 43 67
12D6E0 00 00 0
12D6E2 00 01 1
12D6E4 3F E9 16361
12D6E6 60 1E 24606
12D6E8 36 20 13856
12D6EA 88 82 -30590
12D6EC 00 00 0
12D6EE 00 20 32
12D6F0 00 20 32
12D6F2 00 00 0
12D6F4 88 48 -30648
12D6F6 57 99 22425
12D6F8 C0 A5 -16219
12D6FA 01 20 288
12D6FC 00 00 0
12D6FE 00 00 0
12D700 00 00 0
12D702 00 00 0
12D704 36 C4 14020
12D706 8E A2 -29022
12D708 D6 51 -10671
12D70A 02 0D 525
12D70C 00 00 0
12D70E 00 00 0
12D710 00 00 0
12D712 00 00 0
12D714 B1 80 -20096
12D716 6C 48 27720
12D718 D5 F1 -10767
12D71A 18 E0 6368
12D71C 00 00 0
12D71E 00 08 8
12D720 00 00 0
12D722 00 00 0
12D724 0C 22 3106
12D726 81 50 -32432
12D728 37 20 14112
12D72A 02 DC 732
12D72C 00 00 0
12D72E 00 80 128
12D730 00 00 0
12D732 00 00 0
12D734 26 C7 9927
12D736 21 6B 8555
12D738 4D AE 19886
12D73A 20 21 8225
12D73C 02 00 512
12D73E 00 09 9
12D740 00 00 0
12D742 00 00 0
12D744 6A 4C 27212
12D746 AD D5 -21035
12D748 7F CC 32716
12D74A 20 24 8228
12D74C 00 00 0
12D74E 00 00 0
12D750 00 00 0
12D752 00 00 0
12D754 D1 5E -11938
12D756 01 D8 472
12D758 5E 77 24183
12D75A 74 2D 29741
12D75C 00 00 0
12D75E 00 00 0
12D760 00 80 128
12D762 00 00 0
12D764 E4 82 -7038
12D766 0D 54 3412
12D768 65 05 25861
12D76A 62 2C 25132
12D76C 00 00 0
12D76E 00 28 40
12D770 00 00 0
12D772 00 00 0
12D774 44 04 17412
12D776 17 7D 6013
12D778 87 37 -30921
12D77A 80 48 -32696
12D77C 00 00 0
12D77E 00 01 1
12D780 00 00 0
12D782 00 00 0
12D784 60 00 24576
12D786 34 1C 13340
12D788 62 CA 25290
12D78A 00 89 137
12D78C 00 00 0
12D78E 00 40 64
12D790 00 04 4
12D792 00 00 0
12D794 55 83 21891
12D796 80 6C -32660
12D798 DA 95 -9579
12D79A 08 0E 2062
12D79C 00 00 0
12D79E 00 00 0
12D7A0 00 00 0
12D7A2 00 00 0
12D7A4 A0 11 -24559
12D7A6 8B A4 -29788
12D7A8 FD 08 -760
12D7AA 88 6E -30610
12D7AC 00 00 0
12D7AE 00 02 2
12D7B0 00 00 0
12D7B2 00 00 0
12D7B4 A0 02 -24574
12D7B6 C8 D3 -14125
12D7B8 3B F9 15353
12D7BA 00 41 65
12D7BC 00 00 0
12D7BE 00 10 16
12D7C0 00 00 0
12D7C2 00 00 0
12D7C4 92 3C -28100
12D7C6 4F 06 20230
12D7C8 57 9D 22429
12D7CA 20 C4 8388
12D7CC 00 00 0
12D7CE 00 08 8
12D7D0 00 00 0
12D7D2 00 00 0
12D7D4 48 9C 18588
12D7D6 E0 34 -8140
12D7D8 C9 CD -13875
12D7DA 10 40 4160
12D7DC 00 00 0
12D7DE 00 00 0
12D7E0 00 00 0
12D7E2 00 00 0
12D7E4 4E 30 20016
12D7E6 47 88 18312
12D7E8 B5 5C -19108
12D7EA 00 C9 201
12D7EC 00 00 0
12D7EE 00 40 64
12D7F0 00 00 0
12D7F2 00 00 0
12D7F4 00 7A 122
12D7F6 4A 67 19047
12D7F8 CA 41 -13759
12D7FA 80 16 -32746
12D7FC 00 00 0
12D7FE 00 00 0
12D800 00 00 0
12D802 00 00 0
12D804 B3 81 -19583
12D806 A0 FD -24323
12D808 95 20 -27360
12D80A 08 00 2048
12D80C 00 00 0
12D80E 40 A0 16544
12D810 00 00 0
12D812 00 00 0
12D814 23 0E 8974
12D816 C0 7F -16257
12D818 87 B0 -30800
12D81A 40 C2 16578
12D81C 00 00 0
12D81E 00 00 0
12D820 00 00 0
12D822 00 00 0
12D824 3A 4C 14924
12D826 08 A9 2217
12D828 DF AC -8276
12D82A 00 08 8
12D82C 00 00 0
12D82E 00 06 6
12D830 00 00 0
12D832 00 00 0
12D834 B3 02 -19710
12D836 8A 0E -30194
12D838 26 B3 9907
12D83A 20 89 8329
12D83C 00 00 0
12D83E 00 B4 180
12D840 00 00 0
12D842 00 40 64
12D844 47 0D 18189
12D846 60 EE 24814
12D848 1C 28 7208
12D84A 82 82 -32126
12D84C 00 00 0
12D84E 00 80 128
12D850 00 00 0
12D852 00 00 0
12D854 FA 20 -1504
12D856 2D 90 11664
12D858 FB 39 -1223
12D85A 60 A2 24738
12D85C 00 00 0
12D85E 00 04 4
12D860 00 00 0
12D862 00 00 0
12D864 F8 20 -2016
12D866 0B 3C 2876
12D868 5F F6 24566
12D86A 06 CC 1740
12D86C 00 00 0
12D86E 00 20 32
12D870 00 00 0
12D872 00 00 0
12D874 02 04 516
12D876 17 AD 6061
12D878 2B F6 11254
12D87A 01 33 307
12D87C 00 00 0
12D87E 00 00 0
12D880 00 00 0
12D882 00 00 0
12D884 92 24 -28124
12D886 E4 FC -6916
12D888 D7 3B -10437
12D88A 04 00 1024
12D88C 00 00 0
12D88E 00 00 0
12D890 00 00 0
12D892 00 00 0
12D894 F3 0B -3317
12D896 27 7E 10110
12D898 7E 83 32387
12D89A A0 90 -24432
12D89C 00 00 0
12D89E 02 00 512
12D8A0 00 00 0
12D8A2 00 00 0
12D8A4 56 13 22035
12D8A6 C1 66 -16026
12D8A8 D5 8A -10870
12D8AA 80 90 -32624
12D8AC 00 00 0
12D8AE 00 10 16
12D8B0 00 00 0
12D8B2 00 00 0
12D8B4 28 A1 10401
12D8B6 A2 D4 -23852
12D8B8 9A 8F -25969
12D8BA 44 98 17560
12D8BC 00 00 0
12D8BE 00 01 1
12D8C0 00 00 0
12D8C2 00 00 0
12D8C4 24 0C 9228
12D8C6 47 2D 18221
12D8C8 78 C2 30914
12D8CA 49 00 18688
12D8CC 00 00 0
12D8CE 00 00 0
12D8D0 00 00 0
12D8D2 00 00 0
12D8D4 F2 84 -3452
12D8D6 05 B9 1465
12D8D8 A7 36 -22730
12D8DA 04 14 1044
12D8DC 00 00 0
12D8DE 00 04 4
12D8E0 00 00 0
12D8E2 00 00 0
12D8E4 9B 10 -25840
12D8E6 40 FB 16635
12D8E8 29 20 10528
12D8EA 80 43 -32701
12D8EC 00 00 0
12D8EE 00 00 0
12D8F0 00 00 0
12D8F2 00 00 0
12D8F4 40 12 16402
12D8F6 10 43 4163
12D8F8 6E 80 28288
12D8FA 04 51 1105
12D8FC 00 00 0
12D8FE 00 00 0
12D900 00 00 0
12D902 00 00 0
12D904 01 00 256
12D906 A9 0D -22259
12D908 F7 DD -2083
12D90A 45 2C 17708
12D90C 00 00 0
12D90E 00 30 48
12D910 00 00 0
12D912 00 00 0
12D914 75 3B 30011
12D916 00 4B 75
12D918 9E 0B -25077
12D91A 04 9A 1178
12D91C 00 00 0
12D91E 00 00 0
12D920 00 00 0
12D922 00 00 0
12D924 04 58 1112
12D926 A9 BB -22085
12D928 92 1D -28131
12D92A 21 00 8448
12D92C 00 00 0
12D92E 00 00 0
12D930 00 00 0
12D932 00 00 0
12D934 08 05 2053
12D936 80 DD -32547
12D938 91 7F -28289
12D93A 74 63 29795
12D93C 00 00 0
12D93E 00 00 0
12D940 00 20 32
12D942 00 00 0
12D944 34 AE 13486
12D946 A8 0C -22516
12D948 86 D4 -31020
12D94A 08 80 2176
12D94C 00 00 0
12D94E 00 40 64
12D950 00 00 0
12D952 00 00 0
12D954 A1 29 -24279
12D956 3A B2 15026
12D958 77 3F 30527
12D95A 3D 08 15624
12D95C 00 00 0
12D95E 00 02 2
12D960 00 00 0
12D962 00 00 0
12D964 10 11 4113
12D966 82 B1 -32079
12D968 FA E0 -1312
12D96A 30 E5 12517
12D96C 00 00 0
12D96E 00 00 0
12D970 00 00 0
12D972 00 00 0
12D974 12 88 4744
12D976 D8 A5 -10075
12D978 B4 32 -19406
12D97A 44 33 17459
12D97C 00 00 0
12D97E 00 00 0
12D980 00 00 0
12D982 00 00 0
12D984 48 A4 18596
12D986 D9 2C -9940
12D988 10 FF 4351
12D98A 28 F0 10480
12D98C 00 00 0
12D98E 00 00 0
12D990 00 00 0
12D992 00 00 0
12D994 04 80 1152
12D996 66 96 26262
12D998 FF 14 -236
12D99A C0 02 -16382
12D99C 00 00 0
12D99E 00 20 32
12D9A0 00 00 0
12D9A2 00 00 0
12D9A4 5F 91 24465
12D9A6 8F 36 -28874
12D9A8 3C BB 15547
12D9AA 00 40 64
12D9AC 00 00 0
12D9AE 00 00 0
12D9B0 00 80 128
12D9B2 00 00 0
12D9B4 10 E0 4320
12D9B6 92 15 -28139
12D9B8 2B AA 11178
12D9BA 07 05 1797
12D9BC 00 00 0
12D9BE 00 10 16
12D9C0 00 10 16
12D9C2 00 00 0
12D9C4 5C 84 23684
12D9C6 5F 59 24409
12D9C8 C5 A3 -14941
12D9CA 10 1C 4124
12D9CC 00 00 0
12D9CE 00 00 0
12D9D0 00 00 0
12D9D2 00 00 0
12D9D4 08 02 2050
12D9D6 63 DB 25563
12D9D8 79 4E 31054
12D9DA 62 8A 25226
12D9DC 00 00 0
12D9DE 00 00 0
12D9E0 00 00 0
12D9E2 00 00 0
12D9E4 84 13 -31725
12D9E6 68 CF 26831
12D9E8 96 89 -26999
12D9EA 18 64 6244
12D9EC 00 00 0
12D9EE 00 00 0
12D9F0 00 00 0
12D9F2 00 00 0
12D9F4 80 00 -32768
12D9F6 48 A1 18593
12D9F8 BE 08 -16888
12D9FA A0 D0 -24368
12D9FC 00 00 0
12D9FE 00 00 0
12DA00 00 00 0
12DA02 00 00 0
12DA04 8D 44 -29372
12DA06 C6 B1 -14671
12DA08 6D 34 27956
12DA0A 04 D0 1232
12DA0C 00 00 0
12DA0E 20 80 8320
12DA10 00 00 0
12DA12 00 00 0
12DA14 52 04 20996
12DA16 84 42 -31678
12DA18 9D 57 -25257
12DA1A 00 C2 194
12DA1C 00 00 0
12DA1E 00 00 0
12DA20 00 00 0
12DA22 00 00 0
12DA24 76 EA 30442
12DA26 09 CB 2507
12DA28 A1 24 -24284
12DA2A 4A BC 19132
12DA2C 00 00 0
12DA2E 00 02 2
12DA30 00 00 0
12DA32 00 00 0
12DA34 25 10 9488
12DA36 48 39 18489
12DA38 F7 59 -2215
12DA3A 00 70 112
12DA3C 00 00 0
12DA3E 00 20 32
12DA40 00 00 0
12DA42 00 00 0
12DA44 25 CC 9676
12DA46 82 17 -32233
12DA48 36 87 13959
12DA4A 04 F1 1265
12DA4C 00 00 0
12DA4E 00 08 8
12DA50 00 00 0
12DA52 00 00 0
12DA54 52 00 20992
12DA56 08 B6 2230
12DA58 7F BD 32701
12DA5A 90 86 -28538
12DA5C 00 00 0
12DA5E 80 00 -32768
12DA60 00 00 0
12DA62 00 04 4
12DA64 1A 13 6675
12DA66 09 2B 2347
12DA68 70 0D 28685
12DA6A 12 C9 4809
12DA6C 00 00 0
12DA6E 00 00 0
12DA70 00 00 0
12DA72 00 00 0
12DA74 B1 21 -20191
12DA76 48 43 18499
12DA78 8B 75 -29835
12DA7A 11 80 4480
12DA7C 00 00 0
12DA7E 08 00 2048
12DA80 00 00 0
12DA82 00 00 0
12DA84 60 40 24640
12DA86 91 B2 -28238
12DA88 93 E3 -27677
12DA8A 40 00 16384
12DA8C 00 00 0
12DA8E 00 08 8
12DA90 00 00 0
12DA92 00 00 0
12DA94 83 0A -31990
12DA96 48 49 18505
12DA98 78 81 30849
12DA9A 10 1A 4122
12DA9C 00 00 0
12DA9E 00 00 0
12DAA0 00 00 0
12DAA2 00 00 0
12DAA4 0D 11 3345
12DAA6 98 FE -26370
12DAA8 4F D3 20435
12DAAA 00 C1 193
12DAAC 00 00 0
12DAAE 00 04 4
12DAB0 00 00 0
12DAB2 00 00 0
12DAB4 21 80 8576
12DAB6 E3 FF -7169
12DAB8 2F EC 12268
12DABA 42 21 16929
12DABC 00 00 0
12DABE 00 C4 196
12DAC0 00 00 0
12DAC2 00 00 0
12DAC4 1A CE 6862
12DAC6 90 F6 -28426
12DAC8 3F D6 16342
12DACA 31 20 12576
12DACC 00 00 0
12DACE 00 00 0
12DAD0 00 00 0
12DAD2 00 00 0
12DAD4 CA AC -13652
12DAD6 02 37 567
12DAD8 1E C3 7875
12DADA 01 E0 480
12DADC 00 00 0
12DADE 00 01 1
12DAE0 00 00 0
12DAE2 00 00 0
12DAE4 14 10 5136
12DAE6 0E 2E 3630
12DAE8 68 AC 26796
12DAEA 50 A8 20648
12DAEC 00 00 0
12DAEE 00 04 4
12DAF0 00 00 0
12DAF2 00 00 0
12DAF4 28 B0 10416
12DAF6 2A 78 10872
12DAF8 D4 9A -11110
12DAFA 41 48 16712
12DAFC 00 00 0
12DAFE 00 10 16
12DB00 00 00 0
12DB02 00 00 0
12DB04 02 40 576
12DB06 55 04 21764
12DB08 67 25 26405
12DB0A 24 A4 9380
12DB0C 00 00 0
12DB0E 00 40 64
12DB10 00 00 0
12DB12 00 00 0
12DB14 01 0E 270
12DB16 E9 7E -5762
12DB18 B7 E6 -18458
12DB1A 89 58 -30376
12DB1C 00 00 0
12DB1E 00 C0 192
12DB20 00 00 0
12DB22 00 00 0
12DB24 38 16 14358
12DB26 22 BF 8895
12DB28 F5 05 -2811
12DB2A 09 F0 2544
12DB2C 00 00 0
12DB2E 00 02 2
12DB30 00 00 0
12DB32 00 00 0
12DB34 02 50 592
12DB36 13 BE 5054
12DB38 6C 7E 27774
12DB3A 01 D0 464
12DB3C 00 00 0
12DB3E 00 40 64
12DB40 00 00 0
12DB42 00 00 0
12DB44 14 B9 5305
12DB46 03 EF 1007
12DB48 C2 FD -15619
12DB4A 38 28 14376
12DB4C 00 00 0
12DB4E 00 00 0
12DB50 00 00 0
12DB52 00 00 0
12DB54 64 39 25657
12DB56 F2 3F -3521
12DB58 73 5B 29531
12DB5A AA 38 -21960
12DB5C 00 00 0
12DB5E 00 01 1
12DB60 00 00 0
12DB62 00 00 0
12DB64 6C 80 27776
12DB66 B4 FB -19205
12DB68 43 58 17240
12DB6A 08 51 2129
12DB6C 00 00 0
12DB6E 00 02 2
12DB70 00 00 0
12DB72 00 00 0
12DB74 58 B5 22709
12DB76 50 F6 20726
12DB78 33 1F 13087
12DB7A 04 8E 1166
12DB7C 00 00 0
12DB7E 00 08 8
12DB80 00 00 0
12DB82 00 00 0
12DB84 DB 7A -9350
12DB86 12 FE 4862
12DB88 E2 9F -7521
12DB8A 6B 10 27408
12DB8C 00 00 0
12DB8E 00 40 64
12DB90 00 00 0
12DB92 00 00 0
12DB94 2B 00 11008
12DB96 D6 B0 -10576
12DB98 87 F0 -30736
12DB9A 00 60 96
12DB9C 00 00 0
12DB9E 00 02 2
12DBA0 00 00 0
12DBA2 00 00 0
12DBA4 05 11 1297
12DBA6 9F 97 -24681
12DBA8 74 0E 29710
12DBAA 20 C0 8384
12DBAC 00 00 0
12DBAE 00 00 0
12DBB0 00 00 0
12DBB2 00 00 0
12DBB4 CC F3 -13069
12DBB6 D4 DE -11042
12DBB8 74 63 29795
12DBBA 08 83 2179
12DBBC 00 00 0
12DBBE 00 00 0
12DBC0 00 00 0
12DBC2 00 00 0
12DBC4 18 01 6145
12DBC6 CC 82 -13182
12DBC8 4E 36 20022
12DBCA 18 2A 6186
12DBCC 00 00 0
12DBCE 00 00 0
12DBD0 00 00 0
12DBD2 00 00 0
12DBD4 14 80 5248
12DBD6 34 07 13319
12DBD8 99 C8 -26168
12DBDA 04 50 1104
12DBDC 00 00 0
12DBDE 00 04 4
12DBE0 00 00 0
12DBE2 00 00 0
12DBE4 38 20 14368
12DBE6 EA 92 -5486
12DBE8 A2 3C -24004
12DBEA 04 12 1042
12DBEC 00 00 0
12DBEE 00 00 0
12DBF0 00 00 0
12DBF2 00 00 0
12DBF4 0F 24 3876
12DBF6 85 AB -31317
12DBF8 13 3F 4927
12DBFA 48 97 18583
12DBFC 00 00 0
12DBFE 00 80 128
12DC00 00 00 0
12DC02 00 00 0
12DC04 AC 60 -21408
12DC06 A3 91 -23663
12DC08 B6 65 -18843
12DC0A 00 18 24
12DC0C 00 00 0
12DC0E 00 00 0
12DC10 00 00 0
12DC12 00 00 0
12DC14 50 01 20481
12DC16 21 FF 8703
12DC18 8C 54 -29612
12DC1A 0A E8 2792
12DC1C 00 00 0
12DC1E 00 00 0
12DC20 00 00 0
12DC22 00 00 0
12DC24 CF 4C -12468
12DC26 81 F2 -32270
12DC28 57 52 22354
12DC2A 00 08 8
12DC2C 00 00 0
12DC2E 00 06 6
12DC30 00 00 0
12DC32 00 00 0
12DC34 37 21 14113
12DC36 92 DA -27942
12DC38 BB 57 -17577
12DC3A 22 41 8769
12DC3C 00 00 0
12DC3E 20 00 8192
12DC40 00 00 0
12DC42 00 00 0
12DC44 92 69 -28055
12DC46 82 DE -32034
12DC48 13 F1 5105
12DC4A 40 12 16402
12DC4C 00 00 0
12DC4E 00 20 32
12DC50 00 00 0
12DC52 00 00 0
12DC54 65 20 25888
12DC56 18 FD 6397
12DC58 F7 92 -2158
12DC5A 80 10 -32752
12DC5C 00 00 0
12DC5E 00 00 0
12DC60 00 00 0
12DC62 00 00 0
12DC64 80 95 -32619
12DC66 5C 56 23638
12DC68 F3 75 -3211
12DC6A 48 E0 18656
12DC6C 00 00 0
12DC6E 00 20 32
12DC70 00 00 0
12DC72 00 00 0
12DC74 28 7C 10364
12DC76 68 D6 26838
12DC78 39 1C 14620
12DC7A 20 02 8194
12DC7C 00 00 0
12DC7E 00 00 0
12DC80 00 00 0
12DC82 00 00 0
12DC84 7D 4B 32075
12DC86 C5 76 -14986
12DC88 2E C0 11968
12DC8A 21 32 8498
12DC8C 00 00 0
12DC8E 00 40 64
12DC90 00 00 0
12DC92 00 00 0
12DC94 2E 44 11844
12DC96 7C 23 31779
12DC98 E6 EF -6417
12DC9A 18 65 6245
12DC9C 00 00 0
12DC9E 00 02 2
12DCA0 00 00 0
12DCA2 00 00 0
12DCA4 04 14 1044
12DCA6 87 BF -30785
12DCA8 31 22 12578
12DCAA 00 2E 46
12DCAC 00 00 0
12DCAE 00 10 16
12DCB0 00 00 0
12DCB2 00 00 0
12DCB4 42 04 16900
12DCB6 48 44 18500
12DCB8 10 78 4216
12DCBA 10 A2 4258
12DCBC 00 00 0
12DCBE 00 60 96
12DCC0 00 00 0
12DCC2 00 00 0
12DCC4 30 03 12291
12DCC6 1D 07 7431
12DCC8 61 FA 25082
12DCCA 03 41 833
12DCCC 00 00 0
12DCCE 08 00 2048
12DCD0 00 00 0
12DCD2 00 00 0
12DCD4 C8 AE -14162
12DCD6 2A DF 10975
12DCD8 EB F9 -5127
12DCDA 00 20 32
12DCDC 00 00 0
12DCDE 00 00 0
12DCE0 00 00 0
12DCE2 00 00 0
12DCE4 4A B2 19122
12DCE6 90 FA -28422
12DCE8 B5 59 -19111
12DCEA 80 02 -32766
12DCEC 00 00 0
12DCEE 00 04 4
12DCF0 00 00 0
12DCF2 00 00 0
12DCF4 07 89 1929
12DCF6 94 7A -27526
12DCF8 97 F2 -26638
12DCFA 02 42 578
12DCFC 00 00 0
12DCFE 00 40 64
12DD00 00 00 0
12DD02 00 00 0
12DD04 25 05 9477
12DD06 AA AB -21845
12DD08 F7 FF -2049
12DD0A 25 10 9488
12DD0C 00 00 0
12DD0E 00 00 0
12DD10 00 00 0
12DD12 00 00 0
12DD14 00 95 149
12DD16 5E DB 24283
12DD18 05 B3 1459
12DD1A 02 38 568
12DD1C 00 00 0
12DD1E 00 01 1
12DD20 00 00 0
12DD22 00 00 0
12DD24 0C 62 3170
12DD26 14 56 5206
12DD28 A9 5D -22179
12DD2A 00 40 64
12DD2C 00 00 0
12DD2E 00 00 0
12DD30 00 00 0
12DD32 00 00 0
12DD34 00 40 64
12DD36 B3 AC -19540
12DD38 36 CA 14026
12DD3A 80 9B -32613
12DD3C 00 00 0
12DD3E 00 00 0
12DD40 00 00 0
12DD42 00 00 0
12DD44 48 11 18449
12DD46 92 D5 -27947
12DD48 74 52 29778
12DD4A 26 47 9799
12DD4C 00 00 0
12DD4E 00 10 16
12DD50 00 00 0
12DD52 00 00 0
12DD54 21 3E 8510
12DD56 A4 70 -23440
12DD58 75 AB 30123
12DD5A 56 EB 22251
12DD5C 00 00 0
12DD5E 00 00 0
12DD60 00 00 0
12DD62 00 00 0
12DD64 0B A3 2979
12DD66 8C 3E -29634
12DD68 60 53 24659
12DD6A A5 13 -23277
12DD6C 00 00 0
12DD6E 00 01 1
12DD70 00 80 128
12DD72 00 00 0
12DD74 49 2C 18732
12DD76 A2 91 -23919
12DD78 67 EF 26607
12DD7A 30 82 12418
12DD7C 00 00 0
12DD7E 00 00 0
12DD80 00 00 0
12DD82 00 00 0
12DD84 40 17 16407
12DD86 B8 28 -18392
12DD88 06 6B 1643
12DD8A 1C 11 7185
12DD8C 00 00 0
12DD8E 00 00 0
12DD90 00 00 0
12DD92 00 00 0
12DD94 44 E9 17641
12DD96 27 40 10048
12DD98 43 CC 17356
12DD9A 38 52 14418
12DD9C 00 00 0
12DD9E 00 04 4
12DDA0 00 00 0
12DDA2 00 00 0
12DDA4 21 44 8516
12DDA6 C5 7F -14977
12DDA8 65 70 25968
12DDAA 80 1C -32740
12DDAC 00 00 0
12DDAE 00 00 0
12DDB0 00 00 0
12DDB2 00 00 0
12DDB4 00 19 25
12DDB6 1C FB 7419
12DDB8 F0 DC -3876
12DDBA 4D 08 19720
12DDBC 00 00 0
12DDBE 00 00 0
12DDC0 00 00 0
12DDC2 00 00 0
12DDC4 1C 69 7273
12DDC6 29 A2 10658
12DDC8 78 B6 30902
12DDCA 08 88 2184
12DDCC 00 00 0
12DDCE 00 00 0
12DDD0 00 00 0
12DDD2 00 00 0
12DDD4 06 BB 1723
12DDD6 57 F4 22516
12DDD8 02 E3 739
12DDDA 02 22 546
12DDDC 00 01 1
12DDDE 00 00 0
12DDE0 00 00 0
12DDE2 00 00 0
12DDE4 05 C2 1474
12DDE6 00 D3 211
12DDE8 64 23 25635
12DDEA 54 C6 21702
12DDEC 00 00 0
12DDEE 00 00 0
12DDF0 00 00 0
12DDF2 00 00 0
12DDF4 21 08 8456
12DDF6 D4 71 -11151
12DDF8 43 F2 17394
12DDFA 18 16 6166
12DDFC 00 00 0
12DDFE 00 00 0
12DE00 00 02 2
12DE02 00 00 0
12DE04 EA 49 -5559
12DE06 98 1C -26596
12DE08 5E 44 24132
12DE0A 81 14 -32492
12DE0C 00 00 0
12DE0E 00 20 32
12DE10 00 00 0
12DE12 00 00 0
12DE14 45 95 17813
12DE16 F6 6D -2451
12DE18 3C 37 15415
12DE1A 00 54 84
12DE1C 00 00 0
12DE1E 00 00 0
12DE20 00 00 0
12DE22 00 00 0
12DE24 32 A0 12960
12DE26 09 95 2453
12DE28 BE CB -16693
12DE2A 00 62 98
12DE2C 00 00 0
12DE2E 00 00 0
12DE30 00 00 0
12DE32 00 00 0
12DE34 A0 05 -24571
12DE36 69 B0 27056
12DE38 1B F6 7158
12DE3A 84 14 -31724
12DE3C 00 00 0
12DE3E 00 40 64
12DE40 00 00 0
12DE42 00 00 0
12DE44 3A 45 14917
12DE46 0C BA 3258
12DE48 EB 86 -5242
12DE4A 11 21 4385
12DE4C 00 00 0
12DE4E 00 01 1
12DE50 00 00 0
12DE52 00 00 0
12DE54 05 80 1408
12DE56 A1 59 -24231
12DE58 67 D7 26583
12DE5A 00 B1 177
12DE5C 00 00 0
12DE5E 00 84 132
12DE60 00 00 0
12DE62 00 00 0
12DE64 00 04 4
12DE66 08 97 2199
12DE68 3D BD 15805
12DE6A 80 E3 -32541
12DE6C 00 00 0
12DE6E 00 00 0
12DE70 00 00 0
12DE72 00 00 0
12DE74 04 8C 1164
12DE76 01 B1 433
12DE78 2A 3A 10810
12DE7A 81 32 -32462
12DE7C 00 00 0
12DE7E 00 02 2
12DE80 00 00 0
12DE82 00 00 0
12DE84 E0 04 -8188
12DE86 08 0A 2058
12DE88 BA 46 -17850
12DE8A 83 E9 -31767
12DE8C 00 00 0
12DE8E 00 04 4
12DE90 00 00 0
12DE92 00 00 0
12DE94 11 03 4355
12DE96 53 F7 21495
12DE98 75 7E 30078
12DE9A 01 D2 466
12DE9C 00 00 0
12DE9E 80 00 -32768
12DEA0 00 00 0
12DEA2 00 00 0
12DEA4 32 11 12817
12DEA6 4D F1 19953
12DEA8 AA 71 -21903
12DEAA C1 61 -16031
12DEAC 00 00 0
12DEAE 00 00 0
12DEB0 00 00 0
12DEB2 00 00 0
12DEB4 22 05 8709
12DEB6 E0 1C -8164
12DEB8 ED 44 -4796
12DEBA 40 19 16409
12DEBC 00 00 0
12DEBE 00 00 0
12DEC0 00 00 0
12DEC2 00 00 0
12DEC4 6F 08 28424
12DEC6 22 8C 8844
12DEC8 F8 AF -1873
12DECA 02 11 529
12DECC 00 00 0
12DECE 00 00 0
12DED0 00 00 0
12DED2 00 00 0
12DED4 90 43 -28605
12DED6 88 2E -30674
12DED8 FB EF -1041
12DEDA 40 B4 16564
12DEDC 00 00 0
12DEDE 00 00 0
12DEE0 00 00 0
12DEE2 00 00 0
12DEE4 20 40 8256
12DEE6 8F AA -28758
12DEE8 1E F0 7920
12DEEA 00 22 34
12DEEC 00 00 0
12DEEE 00 00 0
12DEF0 00 00 0
12DEF2 00 00 0
12DEF4 02 B3 691
12DEF6 43 A9 17321
12DEF8 ED 77 -4745
12DEFA 04 75 1141
12DEFC 20 00 8192
12DEFE 00 02 2
12DF00 00 00 0
12DF02 00 00 0
12DF04 A8 8B -22389
12DF06 99 D0 -26160
12DF08 B3 55 -19627
12DF0A 60 04 24580
12DF0C 00 00 0
12DF0E 00 00 0
12DF10 00 00 0
12DF12 00 00 0
12DF14 11 09 4361
12DF16 41 08 16648
12DF18 EB 31 -5327
12DF1A 82 11 -32239
12DF1C 00 00 0
12DF1E 00 00 0
12DF20 00 00 0
12DF22 00 00 0
12DF24 00 90 144
12DF26 4C BE 19646
12DF28 CB 93 -13421
12DF2A 00 17 23
12DF2C 00 00 0
12DF2E 00 04 4
12DF30 00 00 0
12DF32 00 00 0
12DF34 23 6B 9067
12DF36 79 4D 31053
12DF38 F5 22 -2782
12DF3A 02 48 584
12DF3C 00 00 0
12DF3E 00 0C 12
12DF40 00 00 0
12DF42 00 00 0
12DF44 11 14 4372
12DF46 9A 88 -25976
12DF48 E7 4D -6323
12DF4A B9 01 -18175
12DF4C 00 00 0
12DF4E 00 04 4
12DF50 00 00 0
12DF52 00 05 5
12DF54 5F FC 24572
12DF56 00 00 0
12DF58 00 04 4
12DF5A 00 00 0
12DF5C 00 97 151
12DF5E 00 00 0
12DF60 00 00 0
12DF62 00 00 0
12DF64 00 00 0
12DF66 00 00 0
12DF68 00 00 0
12DF6A 00 05 5
12DF6C 2D C8 11720
12DF6E 00 00 0
12DF70 00 10 16
12DF72 00 05 5
12DF74 2D C8 11720
12DF76 54 45 21573
12DF78 38 BE 14526
12DF7A 00 12 18
12DF7C DF D0 -8240
12DF7E 00 12 18
12DF80 DF E2 -8222
12DF82 00 00 0
12DF84 15 1A 5402
12DF86 00 12 18
12DF88 DF CA -8246
12DF8A 00 00 0
12DF8C 00 02 2
12DF8E 00 00 0
12DF90 00 00 0
12DF92 00 04 4
12DF94 28 80 10368
12DF96 D3 92 -11374
12DF98 20 17 8215
12DF9A 03 79 889
12DF9C 00 00 0
12DF9E 00 00 0
12DFA0 00 00 0
12DFA2 00 00 0
12DFA4 80 2A -32726
12DFA6 85 D5 -31275
12DFA8 5C 04 23556
12DFAA 83 C4 -31804
12DFAC 00 00 0
12DFAE 00 00 0
12DFB0 00 00 0
12DFB2 00 00 0
12DFB4 82 00 -32256
12DFB6 18 53 6227
12DFB8 7E C0 32448
12DFBA 30 4C 12364
12DFBC 00 00 0
12DFBE 00 00 0
12DFC0 00 00 0
12DFC2 00 00 0
12DFC4 47 4C 18252
12DFC6 8E 0E -29170
12DFC8 96 93 -26989
12DFCA 19 60 6496
12DFCC 00 00 0
12DFCE 00 00 0
12DFD0 00 00 0
12DFD2 00 00 0
12DFD4 17 05 5893
12DFD6 00 96 150
12DFD8 53 AA 21418
12DFDA D4 4C -11188
12DFDC 00 00 0
12DFDE 00 00 0
12DFE0 00 08 8
12DFE2 00 12 18
12DFE4 39 AA 14762
12DFE6 00 05 5
12DFE8 A3 70 -23696
12DFEA 00 04 4
12DFEC 00 00 0
12DFEE 00 02 2
12DFF0 00 00 0
12DFF2 18 EE 6382
12DFF4 00 12 18
12DFF6 39 D4 14804
12DFF8 27 00 9984
12DFFA 00 00 0
12DFFC 00 02 2
12DFFE 00 00 0
12E000 00 00 0
12E002 6A D3 27347
12E004 D9 90 -9840
12E006 41 EE 16878
12E008 DF 31 -8399
12E00A 62 16 25110
12E00C DE 81 -8575
12E00E 00 00 0
12E010 00 00 0
12E012 15 1E 5406
12E014 AF 57 -20649
12E016 69 43 26947
12E018 5B D0 23504
12E01A 32 B8 12984
12E01C 9F BD -24643
12E01E 00 00 0
12E020 00 00 0
12E022 89 0F -30449
12E024 5E AF 24239
12E026 08 A6 2214
12E028 FD E3 -541
12E02A 40 D0 16592
12E02C F7 55 -2219
12E02E 00 00 0
12E030 00 00 0
12E032 45 7C 17788
12E034 6F 22 28450
12E036 17 68 5992
12E038 7F F3 32755
12E03A 24 01 9217
12E03C FE A3 -349
12E03E 00 00 0
12E040 00 00 0
12E042 D6 30 -10704
12E044 3B DC 15324
12E046 2B 61 11105
12E048 7D DD 32221
12E04A 10 50 4176
12E04C F5 7D -2691
12E04E 00 00 0
12E050 00 00 0
12E052 1D 13 7443
12E054 28 B4 10420
12E056 60 BF 24767
12E058 FF 77 -137
12E05A 95 01 -27391
12E05C D3 76 -11402
12E05E 00 00 0
12E060 00 00 0
12E062 51 DC 20956
12E064 50 C8 20680
12E066 F2 E4 -3356
12E068 9D DD -25123
12E06A 98 57 -26537
12E06C EF 7E -4226
12E06E 00 00 0
12E070 00 00 0
12E072 82 F1 -32015
12E074 59 50 22864
12E076 71 73 29043
12E078 CF BE -12354
12E07A 80 49 -32695
12E07C FF 6E -146
12E07E 00 00 0
12E080 00 00 0
12E082 77 04 30468
12E084 01 34 308
12E086 81 5D -32419
12E088 BF E2 -16414
12E08A 08 7A 2170
12E08C AF F3 -20493
12E08E 00 00 0
12E090 00 00 0
12E092 08 AA 2218
12E094 33 4F 13135
12E096 9C A0 -25440
12E098 FF 7D -131
12E09A 0A 80 2688
12E09C 0F 5F 3935
12E09E 00 00 0
12E0A0 00 00 0
12E0A2 CC E8 -13080
12E0A4 42 97 17047
12E0A6 5F 7E 24446
12E0A8 CA 3D -13763
12E0AA D0 0E -12274
12E0AC BD DF -16929
12E0AE 00 00 0
12E0B0 00 00 0
12E0B2 15 D5 5589
12E0B4 30 68 12392
12E0B6 96 CD -26931
12E0B8 DD 1C -8932
12E0BA 29 88 10632
12E0BC ED 97 -4713
12E0BE 00 00 0
12E0C0 00 00 0
12E0C2 CC 14 -13292
12E0C4 C4 85 -15227
12E0C6 4D E1 19937
12E0C8 DE 9F -8545
12E0CA 40 80 16512
12E0CC DB 5F -9377
12E0CE 00 00 0
12E0D0 00 00 0
12E0D2 90 18 -28648
12E0D4 EA 86 -5498
12E0D6 3F 02 16130
12E0D8 5F AF 24495
12E0DA 04 29 1065
12E0DC 7F 55 32597
12E0DE 00 00 0
12E0E0 00 00 0
12E0E2 5E C7 24263
12E0E4 4A 41 19009
12E0E6 78 55 30805
12E0E8 DD BE -8770
12E0EA 02 42 578
12E0EC 5E 85 24197
12E0EE 00 00 0
12E0F0 00 00 0
12E0F2 4F A5 20389
12E0F4 86 B0 -31056
12E0F6 4D F0 19952
12E0F8 D7 FF -10241
12E0FA 40 A5 16549
12E0FC FB FD -1027
12E0FE 00 00 0
12E100 00 00 0
12E102 A7 BC -22596
12E104 4F 2B 20267
12E106 77 B2 30642
12E108 D6 8C -10612
12E10A 61 90 24976
12E10C CF FC -12292
12E10E 00 00 0
12E110 00 00 0
12E112 5F C8 24520
12E114 10 08 4104
12E116 60 CE 24782
12E118 7F 1F 32543
12E11A A1 A0 -24160
12E11C 86 CA -31030
12E11E 00 00 0
12E120 00 00 0
12E122 F3 7A -3206
12E124 28 F1 10481
12E126 71 B3 29107
12E128 67 08 26376
12E12A 43 10 17168
12E12C 52 3A 21050
12E12E 00 00 0
12E130 00 00 0
12E132 7B 58 31576
12E134 81 E0 -32288
12E136 F5 AC -2644
12E138 7B E6 31718
12E13A A4 09 -23543
12E13C 72 5E 29278
12E13E 00 00 0
12E140 00 00 0
12E142 9B C7 -25657
12E144 08 F9 2297
12E146 37 DA 14298
12E148 4C 9F 19615
12E14A F5 02 -2814
12E14C ED BF -4673
12E14E 04 00 1024
12E150 00 00 0
12E152 7D 42 32066
12E154 45 D0 17872
12E156 94 3C -27588
12E158 DF 2A -8406
12E15A 9D 98 -25192
12E15C 87 77 -30857
12E15E 00 00 0
12E160 00 00 0
12E162 C1 E2 -15902
12E164 00 F2 242
12E166 0B FD 3069
12E168 73 87 29575
12E16A 42 41 16961
12E16C EF FF -4097
12E16E 00 00 0
12E170 00 00 0
12E172 44 4D 17485
12E174 34 B5 13493
12E176 56 96 22166
12E178 5F F7 24567
12E17A 20 5C 8284
12E17C 88 2A -30678
12E17E 00 00 0
12E180 00 00 0
12E182 FB E4 -1052
12E184 60 89 24713
12E186 D6 BA -10566
12E188 A1 56 -24234
12E18A 0C 89 3209
12E18C 7B CF 31695
12E18E 00 00 0
12E190 00 00 0
12E192 36 C3 14019
12E194 08 94 2196
12E196 61 91 24977
12E198 3E 7B 15995
12E19A 56 04 22020
12E19C 59 6E 22894
12E19E 00 00 0
12E1A0 00 00 0
12E1A2 24 EF 9455
12E1A4 15 01 5377
12E1A6 EE 5B -4517
12E1A8 8D 7F -29313
12E1AA F2 A3 -3421
12E1AC FD 63 -669
12E1AE 00 00 0
12E1B0 00 00 0
12E1B2 28 BC 10428
12E1B4 AF 8A -20598
12E1B6 0C A6 3238
12E1B8 77 BF 30655
12E1BA 09 88 2440
12E1BC 66 9D 26269
12E1BE 00 00 0
12E1C0 00 20 32
12E1C2 93 0D -27891
12E1C4 5B DB 23515
12E1C6 2F 9C 12188
12E1C8 E7 59 -6311
12E1CA 05 00 1280
12E1CC F4 B2 -2894
12E1CE 00 00 0
12E1D0 00 00 0
12E1D2 CC 76 -13194
12E1D4 3C 70 15472
12E1D6 FF 29 -215
12E1D8 9F 47 -24761
12E1DA F0 05 -4091
12E1DC 25 81 9601
12E1DE 00 00 0
12E1E0 00 00 0
12E1E2 5C 7E 23678
12E1E4 0A 04 2564
12E1E6 C7 9F -14433
12E1E8 BB 5B -17573
12E1EA 38 33 14387
12E1EC 79 D5 31189
12E1EE 00 00 0
12E1F0 00 00 0
12E1F2 A6 88 -22904
12E1F4 69 D1 27089
12E1F6 22 84 8836
12E1F8 E9 6F -5777
12E1FA 04 8D 1165
12E1FC 7B DD 31709
12E1FE 00 00 0
12E200 00 00 0
12E202 52 F3 21235
12E204 FA 2C -1492
12E206 78 99 30873
12E208 7F F3 32755
12E20A 9D 02 -25342
12E20C F7 F9 -2055
12E20E 00 00 0
12E210 00 00 0
12E212 78 68 30824
12E214 07 10 1808
12E216 6B 61 27489
12E218 F9 0E -1778
12E21A 86 84 -31100
12E21C 77 BD 30653
12E21E 00 00 0
12E220 00 00 0
12E222 25 CC 9676
12E224 96 01 -27135
12E226 04 D3 1235
12E228 7F 67 32615
12E22A 08 D4 2260
12E22C FF FE -2
12E22E 00 00 0
12E230 00 00 0
12E232 67 5C 26460
12E234 95 1C -27364
12E236 F7 19 -2279
12E238 BE 9C -16740
12E23A BD 46 -17082
12E23C DD C9 -8759
12E23E 00 00 0
12E240 00 00 0
12E242 8C 6C -29588
12E244 3C A3 15523
12E246 27 6A 10090
12E248 B1 9A -20070
12E24A 01 80 384
12E24C FF 53 -173
12E24E 00 00 0
12E250 00 00 0
12E252 8D 1E -29410
12E254 5E 53 24147
12E256 97 1C -26852
12E258 DF 26 -8410
12E25A 4B 58 19288
12E25C FF 5F -161
12E25E 00 00 0
12E260 00 00 0
12E262 F5 BF -2625
12E264 CD F5 -12811
12E266 A6 9A -22886
12E268 7F FF 32767
12E26A 34 AD 13485
12E26C EF AE -4178
12E26E 00 00 0
12E270 00 00 0
12E272 8B 14 -29932
12E274 09 38 2360
12E276 A0 3F -24513
12E278 F6 FE -2306
12E27A 08 82 2178
12E27C F7 AF -2129
12E27E 00 00 0
12E280 00 00 0
12E282 41 DF 16863
12E284 A4 E8 -23320
12E286 10 17 4119
12E288 37 9D 14237
12E28A 87 08 -30968
12E28C EF CF -4145
12E28E 00 00 0
12E290 00 00 0
12E292 E8 DB -5925
12E294 B4 22 -19422
12E296 7E CB 32459
12E298 7B 70 31600
12E29A 6C E0 27872
12E29C B6 DF -18721
12E29E 00 00 0
12E2A0 00 00 0
12E2A2 B9 63 -18077
12E2A4 21 2C 8492
12E2A6 2B 96 11158
12E2A8 EB 71 -5263
12E2AA 83 34 -31948
12E2AC 76 44 30276
12E2AE 00 00 0
12E2B0 00 00 0
12E2B2 F8 D7 -1833
12E2B4 4C 62 19554
12E2B6 18 18 6168
12E2B8 92 71 -28047
12E2BA CC 89 -13175
12E2BC EA 35 -5579
12E2BE 00 00 0
12E2C0 00 00 0
12E2C2 6A F6 27382
12E2C4 79 CA 31178
12E2C6 18 AC 6316
12E2C8 DF FB -8197
12E2CA 66 00 26112
12E2CC 77 97 30615
12E2CE 00 00 0
12E2D0 00 00 0
12E2D2 50 E8 20712
12E2D4 EC 28 -5080
12E2D6 25 FD 9725
12E2D8 77 13 30483
12E2DA 80 75 -32651
12E2DC F9 7B -1669
12E2DE 00 00 0
12E2E0 00 00 0
12E2E2 71 FE 29182
12E2E4 03 74 884
12E2E6 8F 7D -28803
12E2E8 FE B2 -334
12E2EA A9 04 -22268
12E2EC CF F3 -12301
12E2EE 00 00 0
12E2F0 00 00 0
12E2F2 CB A3 -13405
12E2F4 8F BD -28739
12E2F6 36 9C 13980
12E2F8 EE 06 -4602
12E2FA C0 E6 -16154
12E2FC FE EE -274
12E2FE 00 00 0
12E300 00 00 0
12E302 B4 8A -19318
12E304 2D A1 11681
12E306 AE 1C -20964
12E308 6E EE 28398
12E30A AF 22 -20702
12E30C 9B 5D -25763
12E30E 00 00 0
12E310 00 00 0
12E312 0F F7 4087
12E314 3D 2E 15662
12E316 48 FB 18683
12E318 E2 5F -7585
12E31A 11 F2 4594
12E31C 39 B7 14775
12E31E 00 00 0
12E320 00 00 0
12E322 D8 6B -10133
12E324 E4 4C -7092
12E326 57 7E 22398
12E328 CB 0A -13558
12E32A 01 F1 497
12E32C BE 3A -16838
12E32E 00 00 0
12E330 00 00 0
12E332 C8 DE -14114
12E334 01 4C 332
12E336 20 2A 8234
12E338 67 1F 26399
12E33A 03 00 768
12E33C ED 3F -4801
12E33E 00 00 0
12E340 00 00 0
12E342 37 7C 14204
12E344 00 F5 245
12E346 A3 AD -23635
12E348 F1 DF -3617
12E34A B0 14 -20460
12E34C 5E 86 24198
12E34E 00 00 0
12E350 00 00 0
12E352 D9 FC -9732
12E354 CD B1 -12879
12E356 3E 5A 15962
12E358 56 F9 22265
12E35A A1 E9 -24087
12E35C FB BD -1091
12E35E 00 01 1
12E360 00 00 0
12E362 5D AB 23979
12E364 87 74 -30860
12E366 33 70 13168
12E368 ED 0A -4854
12E36A 30 6D 12397
12E36C 69 5A 26970
12E36E 00 00 0
12E370 00 00 0
12E372 25 DF 9695
12E374 8C A7 -29529
12E376 18 BE 6334
12E378 F6 DF -2337
12E37A D0 10 -12272
12E37C B4 8B -19317
12E37E 00 00 0
12E380 00 00 0
12E382 7F 96 32662
12E384 4D FF 19967
12E386 9B 03 -25853
12E388 B3 7F -19585
12E38A CA 00 -13824
12E38C FD BF -577
12E38E 00 00 0
12E390 00 00 0
12E392 23 D2 9170
12E394 40 21 16417
12E396 BE E4 -16668
12E398 33 73 13171
12E39A 02 40 576
12E39C 7D 53 32083
12E39E 00 00 0
12E3A0 00 00 0
12E3A2 0F B3 4019
12E3A4 BF 13 -16621
12E3A6 BF 02 -16638
12E3A8 59 FA 23034
12E3AA 8A 02 -30206
12E3AC BB C9 -17463
12E3AE 00 00 0
12E3B0 00 00 0
12E3B2 57 E2 22498
12E3B4 44 C8 17608
12E3B6 A0 3F -24513
12E3B8 FD 61 -671
12E3BA 25 8D 9613
12E3BC F9 D2 -1582
12E3BE 00 00 0
12E3C0 00 00 0
12E3C2 59 FB 23035
12E3C4 B9 D6 -17962
12E3C6 9B A0 -25696
12E3C8 F3 F2 -3086
12E3CA D1 00 -12032
12E3CC 14 BB 5307
12E3CE 00 00 0
12E3D0 00 00 0
12E3D2 F5 8B -2677
12E3D4 6C D1 27857
12E3D6 3C 0D 15373
12E3D8 C6 B7 -14665
12E3DA 04 D8 1240
12E3DC 55 FF 22015
12E3DE 00 00 0
12E3E0 00 00 0
12E3E2 9F A9 -24663
12E3E4 80 02 -32766
12E3E6 7D 82 32130
12E3E8 9B A4 -25692
12E3EA 91 77 -28297
12E3EC CF 96 -12394
12E3EE 00 00 0
12E3F0 00 00 0
12E3F2 AC AC -21332
12E3F4 C5 46 -15034
12E3F6 90 5D -28579
12E3F8 4C 7D 19581
12E3FA E3 85 -7291
12E3FC 4C CF 19663
12E3FE 00 00 0
12E400 00 00 0
12E402 57 94 22420
12E404 69 FD 27133
12E406 22 FD 8957
12E408 CF 62 -12446
12E40A 0C 00 3072
12E40C 9F 1B -24805
12E40E 00 00 0
12E410 00 00 0
12E412 49 D2 18898
12E414 E9 52 -5806
12E416 33 BD 13245
12E418 BD F9 -16903
12E41A 5C 05 23557
12E41C 3F 6B 16235
12E41E 00 00 0
12E420 00 00 0
12E422 09 C6 2502
12E424 CA 34 -13772
12E426 07 E8 2024
12E428 FF E6 -26
12E42A 8B B4 -29772
12E42C 6F D3 28627
12E42E 00 00 0
12E430 00 00 0
12E432 A6 CA -22838
12E434 70 9E 28830
12E436 88 7C -30596
12E438 6F EF 28655
12E43A E1 60 -7840
12E43C F2 EF -3345
12E43E 00 00 0
12E440 00 01 1
12E442 15 D0 5584
12E444 7E 16 32278
12E446 8C A9 -29527
12E448 33 55 13141
12E44A 29 11 10513
12E44C D5 49 -10935
12E44E 00 00 0
12E450 00 00 0
12E452 97 E7 -26649
12E454 A7 F1 -22543
12E456 CE C5 -12603
12E458 FE 16 -490
12E45A 06 06 1542
12E45C 72 5D 29277
12E45E 00 00 0
12E460 00 00 0
12E462 E9 1A -5862
12E464 8B 2A -29910
12E466 80 09 -32759
12E468 DB 8E -9330
12E46A 04 33 1075
12E46C 5F BB 24507
12E46E 00 00 0
12E470 00 00 0
12E472 A2 84 -23932
12E474 09 06 2310
12E476 90 BF -28481
12E478 5D 2B 23851
12E47A C1 56 -16042
12E47C 53 CB 21451
12E47E 00 00 0
12E480 00 00 0
12E482 55 87 21895
12E484 BA 6E -17810
12E486 9B 9F -25697
12E488 DB F3 -9229
12E48A 19 5D 6493
12E48C CF DF -12321
12E48E 00 00 0
12E490 00 00 0
12E492 F6 2A -2518
12E494 35 66 13670
12E496 88 8E -30578
12E498 F4 94 -2924
12E49A 04 49 1097
12E49C F4 F7 -2825
12E49E 00 00 0
12E4A0 00 00 0
12E4A2 06 9B 1691
12E4A4 6C CC 27852
12E4A6 8A 4B -30133
12E4A8 DC F7 -8969
12E4AA 0D C3 3523
12E4AC AF 36 -20682
12E4AE 00 00 0
12E4B0 00 00 0
12E4B2 E8 9F -5985
12E4B4 C8 10 -14320
12E4B6 E8 AE -5970
12E4B8 7D EF 32239
12E4BA 00 F8 248
12E4BC 55 52 21842
12E4BE 00 40 64
12E4C0 00 00 0
12E4C2 54 62 21602
12E4C4 CC 83 -13181
12E4C6 99 BA -26182
12E4C8 7A BB 31419
12E4CA A8 EA -22294
12E4CC 24 75 9333
12E4CE 00 00 0
12E4D0 00 00 0
12E4D2 EA FE -5378
12E4D4 08 6D 2157
12E4D6 76 90 30352
12E4D8 AC FA -21254
12E4DA 01 54 340
12E4DC EF 2A -4310
12E4DE 00 00 0
12E4E0 00 00 0
12E4E2 86 7F -31105
12E4E4 4C 48 19528
12E4E6 F4 FB -2821
12E4E8 65 FE 26110
12E4EA C8 3F -14273
12E4EC 3F 33 16179
12E4EE 00 00 0
12E4F0 00 00 0
12E4F2 B2 D9 -19751
12E4F4 AA 51 -21935
12E4F6 56 76 22134
12E4F8 5D A5 23973
12E4FA B2 92 -19822
12E4FC FF DF -33
12E4FE 00 00 0
12E500 00 00 0
12E502 5D D8 24024
12E504 D6 94 -10604
12E506 A4 88 -23416
12E508 87 6A -30870
12E50A 5F 18 24344
12E50C DA EF -9489
12E50E 00 00 0
12E510 00 00 0
12E512 69 D1 27089
12E514 B0 C0 -20288
12E516 A8 AC -22356
12E518 A7 76 -22666
12E51A 41 20 16672
12E51C D3 B5 -11339
12E51E 00 00 0
12E520 00 00 0
12E522 78 19 30745
12E524 2A 49 10825
12E526 E3 BA -7238
12E528 F7 5B -2213
12E52A E8 B0 -5968
12E52C A7 BE -22594
12E52E 00 00 0
12E530 00 00 0
12E532 21 9F 8607
12E534 60 F8 24824
12E536 2D 8F 11663
12E538 47 57 18263
12E53A 11 28 4392
12E53C 90 D7 -28457
12E53E 00 00 0
12E540 00 00 0
12E542 DC 7E -9090
12E544 38 10 14352
12E546 ED FB -4613
12E548 C8 BF -14145
12E54A 06 55 1621
12E54C B6 EF -18705
12E54E 00 00 0
12E550 00 00 0
12E552 49 F9 18937
12E554 22 CD 8909
12E556 D7 7B -10373
12E558 E5 05 -6907
12E55A 0B 82 2946
12E55C 87 69 -30871
12E55E 00 00 0
12E560 00 04 4
12E562 C9 0D -14067
12E564 D8 A6 -10074
12E566 EC 1E -5090
12E568 D4 C4 -11068
12E56A 0C 83 3203
12E56C 7F 2B 32555
12E56E 00 00 0
12E570 00 00 0
12E572 20 01 8193
12E574 32 06 12806
12E576 A9 6D -22163
12E578 CE DA -12582
12E57A 90 58 -28584
12E57C 5F 3E 24382
12E57E 00 00 0
12E580 00 00 0
12E582 97 D8 -26664
12E584 7B 75 31605
12E586 9E F0 -24848
12E588 D3 C7 -11321
12E58A 42 55 16981
12E58C 54 1A 21530
12E58E 00 00 0
12E590 00 00 0
12E592 F5 6C -2708
12E594 05 04 1284
12E596 75 36 30006
12E598 7A EE 31470
12E59A 2A DD 10973
12E59C BE 3F -16833
12E59E 00 00 0
12E5A0 00 00 0
12E5A2 16 6C 5740
12E5A4 9C 18 -25576
12E5A6 39 B7 14775
12E5A8 4F 73 20339
12E5AA C6 44 -14780
12E5AC FF DC -36
12E5AE 00 00 0
12E5B0 00 00 0
12E5B2 5B 95 23445
12E5B4 50 F2 20722
12E5B6 BF 6D -16531
12E5B8 B1 C7 -20025
12E5BA 77 A1 30625
12E5BC F4 AD -2899
12E5BE 00 00 0
12E5C0 00 00 0
12E5C2 F0 7A -3974
12E5C4 F9 B9 -1607
12E5C6 07 EC 2028
12E5C8 49 FB 18939
12E5CA BE 5C -16804
12E5CC 5F F4 24564
12E5CE 00 00 0
12E5D0 00 00 0
12E5D2 AF 0A -20726
12E5D4 55 D0 21968
12E5D6 AB 6F -21649
12E5D8 8C 7E -29570
12E5DA 55 52 21842
12E5DC 9F 69 -24727
12E5DE 00 00 0
12E5E0 00 00 0
12E5E2 9F E5 -24603
12E5E4 4D 6F 19823
12E5E6 DE FD -8451
12E5E8 D3 E6 -11290
12E5EA 84 EA -31510
12E5EC 27 4D 10061
12E5EE 00 00 0
12E5F0 00 00 0
12E5F2 D4 52 -11182
12E5F4 11 08 4360
12E5F6 28 FA 10490
12E5F8 71 BA 29114
12E5FA 00 AC 172
12E5FC 71 B7 29111
12E5FE 00 00 0
12E600 00 00 0
12E602 63 0D 25357
12E604 DD 60 -8864
12E606 86 60 -31136
12E608 5F DF 24543
12E60A 10 77 4215
12E60C FE FB -261
12E60E 00 00 0
12E610 00 00 0
12E612 A0 62 -24478
12E614 7A 72 31346
12E616 2F 10 12048
12E618 77 A8 30632
12E61A 01 68 360
12E61C 7E BD 32445
12E61E 00 00 0
12E620 00 00 0
12E622 ED 10 -4848
12E624 A4 CB -23349
12E626 45 30 17712
12E628 FE BF -321
12E62A 30 00 12288
12E62C DD B4 -8780
12E62E 00 00 0
12E630 00 00 0
12E632 0B CA 3018
12E634 C7 C6 -14394
12E636 A1 62 -24222
12E638 F6 61 -2463
12E63A 80 2C -32724
12E63C 9D 75 -25227
12E63E 00 00 0
12E640 00 00 0
12E642 C0 C9 -16183
12E644 FE BB -325
12E646 1D 00 7424
12E648 AC 8F -21361
12E64A 91 48 -28344
12E64C 1D F7 7671
12E64E 00 00 0
12E650 00 00 0
12E652 D7 F5 -10251
12E654 79 91 31121
12E656 6E A4 28324
12E658 FF 46 -186
12E65A 4C 66 19558
12E65C 79 D4 31188
12E65E 00 00 0
12E660 00 00 0
12E662 01 DB 475
12E664 24 01 9217
12E666 1E 4A 7754
12E668 7E 4D 32333
12E66A 84 01 -31743
12E66C F7 5E -2210
12E66E 00 00 0
12E670 00 00 0
12E672 91 AF -28241
12E674 B2 45 -19899
12E676 81 5A -32422
12E678 B6 F7 -18697
12E67A 80 08 -32760
12E67C 7D 06 32006
12E67E 00 00 0
12E680 00 00 0
12E682 1F B3 8115
12E684 6F 19 28441
12E686 20 55 8277
12E688 B2 73 -19853
12E68A D1 E2 -11806
12E68C EF EF -4113
12E68E 00 00 0
12E690 00 00 0
12E692 C5 75 -14987
12E694 48 F8 18680
12E696 DC ED -8979
12E698 D7 BE -10306
12E69A 8D 31 -29391
12E69C DB 27 -9433
12E69E 00 00 0
12E6A0 00 00 0
12E6A2 D1 58 -11944
12E6A4 94 91 -27503
12E6A6 49 F6 18934
12E6A8 F7 21 -2271
12E6AA 40 C6 16582
12E6AC 17 AD 6061
12E6AE 00 00 0
12E6B0 00 00 0
12E6B2 4E EB 20203
12E6B4 C0 C8 -16184
12E6B6 4D CD 19917
12E6B8 CD 5F -12961
12E6BA 1D 06 7430
12E6BC B5 64 -19100
12E6BE 00 00 0
12E6C0 00 00 0
12E6C2 B7 68 -18584
12E6C4 D1 31 -11983
12E6C6 07 FD 2045
12E6C8 3C DE 15582
12E6CA 57 64 22372
12E6CC 8F AD -28755
12E6CE 00 00 0
12E6D0 00 00 0
12E6D2 67 09 26377
12E6D4 04 80 1152
12E6D6 E8 09 -6135
12E6D8 F4 6D -2963
12E6DA E4 86 -7034
12E6DC D5 7C -10884
12E6DE 00 00 0
12E6E0 00 00 0
12E6E2 29 45 10565
12E6E4 E2 E4 -7452
12E6E6 91 FD -28163
12E6E8 E4 48 -7096
12E6EA 01 A0 416
12E6EC FB BC -1092
12E6EE 00 00 0
12E6F0 00 00 0
12E6F2 C7 1A -14566
12E6F4 4D 31 19761
12E6F6 3B EC 15340
12E6F8 9D FD -25091
12E6FA 61 6E 24942
12E6FC F9 BE -1602
12E6FE 00 00 0
12E700 00 00 0
12E702 BE 50 -16816
12E704 50 E8 20712
12E706 52 A0 21152
12E708 74 7A 29818
12E70A 84 01 -31743
12E70C E7 E9 -6167
12E70E 00 00 0
12E710 00 00 0
12E712 50 DC 20700
12E714 05 87 1415
12E716 B3 0C -19700
12E718 F6 AF -2385
12E71A 48 D0 18640
12E71C C8 EE -14098
12E71E 00 00 0
12E720 00 00 0
12E722 08 7A 2170
12E724 97 85 -26747
12E726 7E F0 32496
12E728 CC CE -13106
12E72A CE A4 -12636
12E72C 77 7D 30589
12E72E 00 00 0
12E730 00 00 0
12E732 94 AF -27473
12E734 31 D6 12758
12E736 21 7B 8571
12E738 A3 BF -23617
12E73A 3C 41 15425
12E73C 57 F2 22514
12E73E 00 00 0
12E740 00 00 0
12E742 4F 42 20290
12E744 48 B5 18613
12E746 EF 61 -4255
12E748 31 7A 12666
12E74A F7 84 -2172
12E74C 9B E4 -25628
12E74E 00 00 0
12E750 00 00 0
12E752 83 83 -31869
12E754 22 29 8745
12E756 41 ED 16877
12E758 50 B7 20663
12E75A 48 21 18465
12E75C FF C5 -59
12E75E 00 00 0
12E760 00 00 0
12E762 71 65 29029
12E764 1C A7 7335
12E766 AA E3 -21789
12E768 EE 17 -4585
12E76A 56 C6 22214
12E76C 67 7A 26490
12E76E 00 00 0
12E770 00 00 0
12E772 74 7A 29818
12E774 24 04 9220
12E776 FD F9 -519
12E778 EF FF -4097
12E77A 0C 0E 3086
12E77C 3E D5 16085
12E77E 00 00 0
12E780 00 00 0
12E782 BE 6F -16785
12E784 BA 3D -17859
12E786 C6 0C -14836
12E788 EA 95 -5483
12E78A F9 A3 -1629
12E78C 9A D0 -25904
12E78E 00 00 0
12E790 00 00 0
12E792 DF 5B -8357
12E794 5A E4 23268
12E796 AF 7A -20614
12E798 AB FC -21508
12E79A D0 8D -12147
12E79C D2 AA -11606
12E79E 00 00 0
12E7A0 00 00 0
12E7A2 2C 4D 11341
12E7A4 30 B7 12471
12E7A6 EA 15 -5611
12E7A8 9D FA -25094
12E7AA 5A 27 23079
12E7AC 67 0D 26381
12E7AE 00 00 0
12E7B0 00 00 0
12E7B2 D0 58 -12200
12E7B4 95 7D -27267
12E7B6 6A B8 27320
12E7B8 DF 96 -8298
12E7BA 78 AB 30891
12E7BC 7B BF 31679
12E7BE 00 00 0
12E7C0 00 00 0
12E7C2 B1 E9 -19991
12E7C4 26 AE 9902
12E7C6 C8 E8 -14104
12E7C8 40 EB 16619
12E7CA 01 24 292
12E7CC FE B6 -330
12E7CE 00 00 0
12E7D0 00 00 0
12E7D2 1B E4 7140
12E7D4 DB 3D -9411
12E7D6 1A 30 6704
12E7D8 77 F1 30705
12E7DA 18 04 6148
12E7DC B7 EA -18454
12E7DE 00 00 0
12E7E0 00 00 0
12E7E2 85 06 -31482
12E7E4 1E 27 7719
12E7E6 4F A7 20391
12E7E8 FF FE -2
12E7EA 07 10 1808
12E7EC 7C AB 31915
12E7EE 00 00 0
12E7F0 00 00 0
12E7F2 F6 CF -2353
12E7F4 9C 90 -25456
12E7F6 8B 93 -29805
12E7F8 69 5C 26972
12E7FA 84 E8 -31512
12E7FC 6B D2 27602
12E7FE 00 00 0
12E800 00 00 0
12E802 D5 0B -10997
12E804 6A CF 27343
12E806 A2 8F -23921
12E808 7F EB 32747
12E80A 08 B1 2225
12E80C 7F 9B 32667
12E80E 00 00 0
12E810 00 00 0
12E812 0A 3D 2621
12E814 98 3C -26564
12E816 FD A7 -601
12E818 FB A6 -1114
12E81A 04 A2 1186
12E81C 7F E8 32744
12E81E 00 00 0
12E820 00 00 0
12E822 34 49 13385
12E824 8D BA -29254
12E826 20 B3 8371
12E828 F7 8D -2163
12E82A 41 CC 16844
12E82C 57 59 22361
12E82E 00 00 0
12E830 00 00 0
12E832 88 96 -30570
12E834 B9 91 -18031
12E836 87 A5 -30811
12E838 9E AF -24913
12E83A 10 30 4144
12E83C B6 78 -18824
12E83E 00 00 0
12E840 00 00 0
12E842 32 49 12873
12E844 FF BA -70
12E846 71 FA 29178
12E848 EF 6E -4242
12E84A 78 20 30752
12E84C FB F5 -1035
12E84E 00 00 0
12E850 00 00 0
12E852 79 70 31088
12E854 F2 2A -3542
12E856 DC ED -8979
12E858 6C 59 27737
12E85A 80 00 -32768
12E85C F7 12 -2286
12E85E 00 00 0
12E860 00 00 0
12E862 90 F8 -28424
12E864 58 AD 22701
12E866 CB 55 -13483
12E868 E1 F5 -7691
12E86A 00 21 33
12E86C E7 AA -6230
12E86E 00 00 0
12E870 00 00 0
12E872 19 BE 6590
12E874 1F 19 7961
12E876 BE 9B -16741
12E878 DE 37 -8649
12E87A 90 0B -28661
12E87C DF EC -8212
12E87E 00 00 0
12E880 00 00 0
12E882 31 B2 12722
12E884 E5 40 -6848
12E886 37 7C 14204
12E888 FF F7 -9
12E88A 37 61 14177
12E88C B9 79 -18055
12E88E 00 00 0
12E890 00 00 0
12E892 42 FC 17148
12E894 29 92 10642
12E896 F2 FC -3332
12E898 B9 67 -18073
12E89A 25 52 9554
12E89C 73 25 29477
12E89E 00 00 0
12E8A0 00 00 0
12E8A2 9E E3 -24861
12E8A4 A2 E8 -23832
12E8A6 64 9E 25758
12E8A8 6B D2 27602
12E8AA 08 62 2146
12E8AC DE FE -8450
12E8AE 00 00 0
12E8B0 00 00 0
12E8B2 1F B9 8121
12E8B4 4F 30 20272
12E8B6 E1 FE -7682
12E8B8 DD DD -8739
12E8BA 88 A1 -30559
12E8BC B7 EE -18450
12E8BE 00 00 0
12E8C0 00 00 0
12E8C2 CA BB -13637
12E8C4 8C 22 -29662
12E8C6 97 7A -26758
12E8C8 7F 6D 32621
12E8CA F6 02 -2558
12E8CC F6 27 -2521
12E8CE 00 00 0
12E8D0 00 00 0
12E8D2 3A 7C 14972
12E8D4 81 09 -32503
12E8D6 23 09 8969
12E8D8 8F E9 -28695
12E8DA 8E A2 -29022
12E8DC BE C9 -16695
12E8DE 00 00 0
12E8E0 00 00 0
12E8E2 83 D3 -31789
12E8E4 07 29 1833
12E8E6 F2 6E -3474
12E8E8 FF EC -20
12E8EA 22 F6 8950
12E8EC DC CC -9012
12E8EE 00 40 64
12E8F0 00 00 0
12E8F2 C0 1D -16355
12E8F4 9E 23 -25053
12E8F6 1B D7 7127
12E8F8 E6 4E -6578
12E8FA 10 81 4225
12E8FC 3F CA 16330
12E8FE 00 00 0
12E900 00 00 0
12E902 85 8F -31345
12E904 50 D9 20697
12E906 CE D2 -12590
12E908 87 7F -30849
12E90A 61 02 24834
12E90C B2 C3 -19773
12E90E 00 00 0
12E910 00 00 0
12E912 7F DD 32733
12E914 B5 E1 -18975
12E916 58 21 22561
12E918 34 BC 13500
12E91A 08 D8 2264
12E91C FF F9 -7
12E91E 00 00 0
12E920 00 00 0
12E922 F5 6F -2705
12E924 A9 42 -22206
12E926 BB 5F -17569
12E928 9E 35 -25035
12E92A A2 37 -24009
12E92C 75 D3 30163
12E92E 00 00 0
12E930 00 00 0
12E932 DC C4 -9020
12E934 A9 17 -22249
12E936 88 DC -30500
12E938 14 E7 5351
12E93A 04 1E 1054
12E93C A6 75 -22923
12E93E 00 00 0
12E940 00 00 0
12E942 51 09 20745
12E944 05 B3 1459
12E946 D7 93 -10349
12E948 FF EE -18
12E94A 24 48 9288
12E94C 3C DE 15582
12E94E 00 00 0
12E950 00 00 0
12E952 A8 74 -22412
12E954 1D 78 7544
12E956 76 61 30305
12E958 03 EB 1003
12E95A 16 0A 5642
12E95C 46 2C 17964
12E95E 00 00 0
12E960 00 00 0
12E962 CD BD -12867
12E964 85 71 -31375
12E966 9E 69 -24983
12E968 14 F5 5365
12E96A 28 70 10352
12E96C 5F AF 24495
12E96E 00 00 0
12E970 00 00 0
12E972 48 77 18551
12E974 6B 1B 27419
12E976 C5 94 -14956
12E978 8F 7B -28805
12E97A 1C 04 7172
12E97C AB 56 -21674
12E97E 00 00 0
12E980 00 00 0
12E982 5A 0B 23051
12E984 33 B5 13237
12E986 A4 95 -23403
12E988 9D FD -25091
12E98A 85 01 -31487
12E98C 8F 7E -28802
12E98E 00 00 0
12E990 00 00 0
12E992 83 66 -31898
12E994 18 DC 6364
12E996 63 7F 25471
12E998 BF DE -16418
12E99A 02 E3 739
12E99C 6B 7F 27519
12E99E 00 00 0
12E9A0 00 01 1
12E9A2 85 C3 -31293
12E9A4 05 AC 1452
12E9A6 37 77 14199
12E9A8 CF CC -12340
12E9AA 48 5F 18527
12E9AC 37 27 14119
12E9AE 00 00 0
12E9B0 00 00 0
12E9B2 7E E1 32481
12E9B4 D0 77 -12169
12E9B6 B2 FB -19717
12E9B8 7B 7B 31611
12E9BA C2 9E -15714
12E9BC A5 AF -23121
12E9BE 00 00 0
12E9C0 00 00 0
12E9C2 D9 53 -9901
12E9C4 52 1E 21022
12E9C6 AB 1E -21730
12E9C8 09 0D 2317
12E9CA F8 0C -2036
12E9CC F8 EE -1810
12E9CE 00 00 0
12E9D0 00 80 128
12E9D2 14 7B 5243
12E9D4 01 BB 443
12E9D6 EB 84 -5244
12E9D8 6D 5F 27999
12E9DA D8 04 -10236
12E9DC A6 72 -22926
12E9DE 00 00 0
12E9E0 00 00 0
12E9E2 D4 1F -11233
12E9E4 08 08 2056
12E9E6 96 8C -26996
12E9E8 18 F4 6388
12E9EA A1 81 -24191
12E9EC 7B 97 31639
12E9EE 00 00 0
12E9F0 00 00 0
12E9F2 4F 58 20312
12E9F4 B4 93 -19309
12E9F6 52 6A 21098
12E9F8 FF 1A -230
12E9FA 30 08 12296
12E9FC FA CF -1329
12E9FE 00 00 0
12EA00 00 00 0
12EA02 00 98 152
12EA04 DF 0B -8437
12EA06 21 FE 8702
12EA08 55 35 21813
12EA0A D9 F8 -9736
12EA0C FB 3E -1218
12EA0E 00 00 0
12EA10 00 00 0
12EA12 04 47 1095
12EA14 52 10 21008
12EA16 F8 74 -1932
12EA18 FF 71 -143
12EA1A 20 12 8210
12EA1C 53 7A 21370
12EA1E 00 00 0
12EA20 00 00 0
12EA22 13 DE 5086
12EA24 D3 90 -11376
12EA26 08 72 2162
12EA28 AF DA -20518
12EA2A 22 1C 8732
12EA2C FF DB -37
12EA2E 00 00 0
12EA30 00 00 0
12EA32 6E E6 28390
12EA34 6E 0E 28174
12EA36 93 23 -27869
12EA38 BC 9F -17249
12EA3A 6A B0 27312
12EA3C 0F FC 4092
12EA3E 00 00 0
12EA40 00 00 0
12EA42 D8 C2 -10046
12EA44 47 41 18241
12EA46 81 5D -32419
12EA48 1E 37 7735
12EA4A 96 25 -27099
12EA4C FB CC -1076
12EA4E 00 00 0
12EA50 00 00 0
12EA52 0F DE 4062
12EA54 F8 6E -1938
12EA56 E2 5F -7585
12EA58 F6 33 -2509
12EA5A 15 54 5460
12EA5C AE 30 -20944
12EA5E 00 00 0
12EA60 00 00 0
12EA62 28 AB 10411
12EA64 5B C2 23490
12EA66 22 A6 8870
12EA68 F9 C3 -1597
12EA6A 00 40 64
12EA6C FE B8 -328
12EA6E 00 00 0
12EA70 00 00 0
12EA72 90 A8 -28504
12EA74 2B 09 11017
12EA76 13 63 4963
12EA78 7F D1 32721
12EA7A 04 1D 1053
12EA7C E6 51 -6575
12EA7E 00 00 0
12EA80 00 00 0
12EA82 E0 E1 -7967
12EA84 1F 27 7975
12EA86 ED E1 -4639
12EA88 ED 1F -4833
12EA8A 2A 80 10880
12EA8C FD 77 -649
12EA8E 00 00 0
12EA90 00 00 0
12EA92 FE E9 -279
12EA94 45 1C 17692
12EA96 CB AD -13395
12EA98 7F C4 32708
12EA9A 94 61 -27551
12EA9C E0 93 -8045
12EA9E 00 00 0
12EAA0 00 00 0
12EAA2 04 03 1027
12EAA4 D1 52 -11950
12EAA6 19 1E 6430
12EAA8 5F 81 24449
12EAAA 6D 56 27990
12EAAC D9 6B -9877
12EAAE 00 00 0
12EAB0 00 00 0
12EAB2 1E 3A 7738
12EAB4 AA 51 -21935
12EAB6 4B 1C 19228
12EAB8 B3 4E -19634
12EABA 08 C6 2246
12EABC 6F 77 28535
12EABE 00 00 0
12EAC0 00 00 0
12EAC2 21 99 8601
12EAC4 B1 AA -20054
12EAC6 7F 24 32548
12EAC8 E7 93 -6253
12EACA B0 B1 -20303
12EACC 2E FD 12029
12EACE 00 00 0
12EAD0 00 00 0
12EAD2 B8 6F -18321
12EAD4 8D 37 -29385
12EAD6 5D D4 24020
12EAD8 FD 17 -745
12EADA 84 80 -31616
12EADC F6 CF -2353
12EADE 00 00 0
12EAE0 00 00 0
12EAE2 39 86 14726
12EAE4 4A 52 19026
12EAE6 8D 1A -29414
12EAE8 FD EE -530
12EAEA B0 CD -20275
12EAEC 2E ED 12013
12EAEE 00 02 2
12EAF0 00 00 0
12EAF2 63 78 25464
12EAF4 66 66 26214
12EAF6 E0 81 -8063
12EAF8 F3 79 -3207
12EAFA 3E 03 15875
12EAFC F4 5F -2977
12EAFE 00 00 0
12EB00 00 00 0
12EB02 BA CA -17718
12EB04 90 9A -28518
12EB06 5C 6C 23660
12EB08 7C B2 31922
12EB0A 04 16 1046
12EB0C 89 64 -30364
12EB0E 00 00 0
12EB10 00 00 0
12EB12 26 95 9877
12EB14 DE 31 -8655
12EB16 99 58 -26280
12EB18 9F F8 -24584
12EB1A 94 A5 -27483
12EB1C F0 F3 -3853
12EB1E 00 00 0
12EB20 00 00 0
12EB22 DB 83 -9341
12EB24 25 20 9504
12EB26 06 3D 1597
12EB28 39 07 14599
12EB2A 20 AA 8362
12EB2C 3F 54 16212
12EB2E 00 00 0
12EB30 00 00 0
12EB32 9A AF -25937
12EB34 85 FB -31237
12EB36 EA AF -5457
12EB38 59 97 22935
12EB3A 36 28 13864
12EB3C 27 3F 10047
12EB3E 00 00 0
12EB40 00 00 0
12EB42 60 1D 24605
12EB44 40 36 16438
12EB46 2D F8 11768
12EB48 E3 BD -7235
12EB4A 73 24 29476
12EB4C FD B5 -587
12EB4E 00 00 0
12EB50 00 00 0
12EB52 97 C4 -26684
12EB54 81 68 -32408
12EB56 22 63 8803
12EB58 B7 F0 -18448
12EB5A 1D 00 7424
12EB5C B4 9F -19297
12EB5E 00 00 0
12EB60 00 00 0
12EB62 97 C6 -26682
12EB64 DC 12 -9198
12EB66 9D FD -25091
12EB68 3D E7 15847
12EB6A 54 40 21568
12EB6C 4E F8 20216
12EB6E 00 00 0
12EB70 00 80 128
12EB72 9A 69 -26007
12EB74 03 09 777
12EB76 E5 32 -6862
12EB78 73 7B 29563
12EB7A 38 B0 14512
12EB7C BD 13 -17133
12EB7E 00 00 0
12EB80 00 00 0
12EB82 95 1A -27366
12EB84 E0 7C -8068
12EB86 9B BB -25669
12EB88 74 AC 29868
12EB8A 2C 63 11363
12EB8C 31 9A 12698
12EB8E 00 00 0
12EB90 00 00 0
12EB92 70 FD 28925
12EB94 26 44 9796
12EB96 AB A7 -21593
12EB98 EF FF -4097
12EB9A 7C 5C 31836
12EB9C 2E FF 12031
12EB9E 00 00 0
12EBA0 00 00 0
12EBA2 DD DB -8741
12EBA4 D4 78 -11144
12EBA6 98 B6 -26442
12EBA8 9A EB -25877
12EBAA 04 D2 1234
12EBAC 5D 8F 23951
12EBAE 00 00 0
12EBB0 00 00 0
12EBB2 A9 58 -22184
12EBB4 47 6F 18287
12EBB6 2F 20 12064
12EBB8 2E E3 12003
12EBBA 08 E5 2277
12EBBC F4 EA -2838
12EBBE 00 00 0
12EBC0 00 00 0
12EBC2 F9 39 -1735
12EBC4 18 40 6208
12EBC6 F5 57 -2729
12EBC8 8B BC -29764
12EBCA C2 21 -15839
12EBCC F4 D6 -2858
12EBCE 00 00 0
12EBD0 00 00 0
12EBD2 5F A5 24485
12EBD4 C2 A1 -15711
12EBD6 B6 72 -18830
12EBD8 AF 8C -20596
12EBDA 14 2B 5163
12EBDC EF FE -4098
12EBDE 00 00 0
12EBE0 00 00 0
12EBE2 DE 59 -8615
12EBE4 63 60 25440
12EBE6 3C 17 15383
12EBE8 BF 6F -16529
12EBEA 20 C4 8388
12EBEC 98 D3 -26413
12EBEE 00 00 0
12EBF0 00 00 0
12EBF2 4D CA 19914
12EBF4 92 8F -28017
12EBF6 8A 6D -30099
12EBF8 F8 FA -1798
12EBFA 49 81 18817
12EBFC 0F DF 4063
12EBFE 00 00 0
12EC00 00 00 0
12EC02 81 FE -32258
12EC04 FF D4 -44
12EC06 9D F0 -25104
12EC08 5B 3C 23356
12EC0A 01 31 305
12EC0C DF F9 -8199
12EC0E 00 00 0
12EC10 00 00 0
12EC12 71 EC 29164
12EC14 F7 69 -2199
12EC16 67 A6 26534
12EC18 27 24 10020
12EC1A 61 11 24849
12EC1C FF 99 -103
12EC1E 00 00 0
12EC20 00 00 0
12EC22 C9 CF -13873
12EC24 AD 21 -21215
12EC26 A9 29 -22231
12EC28 DD FF -8705
12EC2A 00 E2 226
12EC2C 7F 8E 32654
12EC2E 00 00 0
12EC30 00 00 0
12EC32 68 6D 26733
12EC34 BF 61 -16543
12EC36 43 0B 17163
12EC38 FE F7 -265
12EC3A 40 80 16512
12EC3C BB E3 -17437
12EC3E 00 00 0
12EC40 00 08 8
12EC42 B7 8F -18545
12EC44 B8 F5 -18187
12EC46 F0 92 -3950
12EC48 7A D6 31446
12EC4A 00 BA 186
12EC4C FF C3 -61
12EC4E 00 00 0
12EC50 00 00 0
12EC52 C5 16 -15082
12EC54 3A 22 14882
12EC56 08 76 2166
12EC58 C3 A4 -15452
12EC5A A4 1C -23524
12EC5C 77 F9 30713
12EC5E 00 00 0
12EC60 00 00 0
12EC62 83 D6 -31786
12EC64 76 00 30208
12EC66 54 C3 21699
12EC68 FA 35 -1483
12EC6A A0 C0 -24384
12EC6C D4 EE -11026
12EC6E 00 00 0
12EC70 00 00 0
12EC72 41 6C 16748
12EC74 47 C1 18369
12EC76 E5 2D -6867
12EC78 E5 FC -6660
12EC7A 12 10 4624
12EC7C F7 97 -2153
12EC7E 00 00 0
12EC80 00 40 64
12EC82 FA 3D -1475
12EC84 B9 FA -17926
12EC86 53 E3 21475
12EC88 79 0F 30991
12EC8A 90 88 -28536
12EC8C 7F C5 32709
12EC8E 00 00 0
12EC90 00 00 0
12EC92 ED A2 -4702
12EC94 75 BD 30141
12EC96 BA EE -17682
12EC98 FD 45 -699
12EC9A A0 C1 -24383
12EC9C FA 6E -1426
12EC9E 00 00 0
12ECA0 00 00 0
12ECA2 F7 1F -2273
12ECA4 66 86 26246
12ECA6 47 FE 18430
12ECA8 4F 96 20374
12ECAA 00 82 130
12ECAC 53 47 21319
12ECAE 00 00 0
12ECB0 00 00 0
12ECB2 07 9B 1947
12ECB4 A3 19 -23783
12ECB6 34 4A 13386
12ECB8 FE 63 -413
12ECBA 96 90 -26992
12ECBC FB 7F -1153
12ECBE 00 00 0
12ECC0 00 00 0
12ECC2 50 3B 20539
12ECC4 C2 4E -15794
12ECC6 F3 E6 -3098
12ECC8 27 5E 10078
12ECCA 09 5D 2397
12ECCC 19 F6 6646
12ECCE 00 00 0
12ECD0 00 00 0
12ECD2 1D 56 7510
12ECD4 11 12 4370
12ECD6 ED 77 -4745
12ECD8 83 3E -31938
12ECDA 40 AA 16554
12ECDC 82 FB -32005
12ECDE 00 00 0
12ECE0 00 00 0
12ECE2 E7 79 -6279
12ECE4 57 3A 22330
12ECE6 2F DA 12250
12ECE8 77 77 30583
12ECEA 8C 4A -29622
12ECEC 88 EC -30484
12ECEE 00 00 0
12ECF0 00 00 0
12ECF2 1D 92 7570
12ECF4 63 17 25367
12ECF6 71 FE 29182
12ECF8 8D 7E -29314
12ECFA 11 58 4440
12ECFC 96 BF -26945
12ECFE 00 00 0
12ED00 00 04 4
12ED02 C2 FF -15617
12ED04 1E 1A 7706
12ED06 8C D8 -29480
12ED08 79 DD 31197
12ED0A 3A 2D 14893
12ED0C 79 F9 31225
12ED0E 00 00 0
12ED10 00 00 0
12ED12 C5 B9 -14919
12ED14 6F 87 28551
12ED16 8F 21 -28895
12ED18 3C DB 15579
12ED1A 10 12 4114
12ED1C 3D 32 15666
12ED1E 00 00 0
12ED20 00 00 0
12ED22 A4 BD -23363
12ED24 41 9A 16794
12ED26 59 F0 23024
12ED28 5F CE 24526
12ED2A B1 A0 -20064
12ED2C 7F 76 32630
12ED2E 00 00 0
12ED30 00 00 0
12ED32 FF F0 -16
12ED34 92 0B -28149
12ED36 10 2B 4139
12ED38 A3 E7 -23577
12ED3A 20 68 8296
12ED3C 23 F7 9207
12ED3E 00 00 0
12ED40 00 00 0
12ED42 80 C8 -32568
12ED44 A1 62 -24222
12ED46 1F 54 8020
12ED48 74 6D 29805
12ED4A 57 81 22401
12ED4C 2C 7E 11390
12ED4E 00 00 0
12ED50 00 00 0
12ED52 AF 38 -20680
12ED54 54 E3 21731
12ED56 3E 7E 15998
12ED58 60 9F 24735
12ED5A 9F C6 -24634
12ED5C 20 03 8195
12ED5E 00 00 0
12ED60 00 00 0
12ED62 DF D5 -8235
12ED64 60 5D 24669
12ED66 E2 46 -7610
12ED68 67 B7 26551
12ED6A 04 C0 1216
12ED6C 58 EF 22767
12ED6E 00 00 0
12ED70 00 00 0
12ED72 4A 6C 19052
12ED74 69 4B 26955
12ED76 B4 55 -19371
12ED78 54 7A 21626
12ED7A 80 92 -32622
12ED7C 7F 9F 32671
12ED7E 00 00 0
12ED80 00 00 0
12ED82 95 B8 -27208
12ED84 B0 D5 -20267
12ED86 AE 7A -20870
12ED88 BC DE -17186
12ED8A 90 E4 -28444
12ED8C 77 EA 30698
12ED8E 00 00 0
12ED90 00 00 0
12ED92 09 18 2328
12ED94 4B 3A 19258
12ED96 AC BE -21314
12ED98 0F ED 4077
12ED9A AA 20 -21984
12ED9C EE AE -4434
12ED9E 00 00 0
12EDA0 00 00 0
12EDA2 BB 48 -17592
12EDA4 97 85 -26747
12EDA6 8B F0 -29712
12EDA8 8D CE -29234
12EDAA 0A 61 2657
12EDAC 0E 57 3671
12EDAE 00 00 0
12EDB0 00 00 0
12EDB2 45 AD 17837
12EDB4 25 64 9572
12EDB6 FA 36 -1482
12EDB8 F8 87 -1913
12EDBA 3C 58 15448
12EDBC FF DB -37
12EDBE 00 00 0
12EDC0 00 00 0
12EDC2 ED F4 -4620
12EDC4 E0 08 -8184
12EDC6 FA 21 -1503
12EDC8 66 EE 26350
12EDCA F3 10 -3312
12EDCC D3 FF -11265
12EDCE 00 00 0
12EDD0 00 00 0
12EDD2 9D 04 -25340
12EDD4 84 52 -31662
12EDD6 A7 EE -22546
12EDD8 E4 D6 -6954
12EDDA 80 7A -32646
12EDDC 7E A3 32419
12EDDE 00 00 0
12EDE0 00 00 0
12EDE2 2E 6C 11884
12EDE4 9F 1B -24805
12EDE6 6B 3A 27450
12EDE8 74 D7 29911
12EDEA B1 C0 -20032
12EDEC 5A 4E 23118
12EDEE 00 00 0
12EDF0 00 00 0
12EDF2 A7 8E -22642
12EDF4 3A 36 14902
12EDF6 5E AA 24234
12EDF8 71 D5 29141
12EDFA 00 3B 59
12EDFC F9 91 -1647
12EDFE 00 00 0
12EE00 00 00 0
12EE02 AE 5A -20902
12EE04 0E 4C 3660
12EE06 76 78 30328
12EE08 73 DF 29663
12EE0A 21 C1 8641
12EE0C 5C EB 23787
12EE0E 00 00 0
12EE10 00 00 0
12EE12 D5 05 -11003
12EE14 2F 27 12071
12EE16 10 F6 4342
12EE18 D7 BC -10308
12EE1A 29 81 10625
12EE1C 1E E5 7909
12EE1E 00 00 0
12EE20 00 00 0
12EE22 82 1D -32227
12EE24 D5 52 -10926
12EE26 84 FD -31491
12EE28 FE 43 -445
12EE2A 82 AD -32083
12EE2C FE 48 -440
12EE2E 00 00 0
12EE30 00 00 0
12EE32 1E 67 7783
12EE34 BC 46 -17338
12EE36 A0 14 -24556
12EE38 FF C6 -58
12EE3A CB 42 -13502
12EE3C B4 F7 -19209
12EE3E 00 00 0
12EE40 00 00 0
12EE42 19 96 6550
12EE44 05 15 1301
12EE46 FE 9B -357
12EE48 7B BA 31674
12EE4A 61 AC 25004
12EE4C C7 D5 -14379
12EE4E 00 00 0
12EE50 00 00 0
12EE52 D2 23 -11741
12EE54 E7 56 -6314
12EE56 9E ED -24851
12EE58 F6 1E -2530
12EE5A 60 E0 24800
12EE5C 97 CA -26678
12EE5E 00 00 0
12EE60 00 00 0
12EE62 25 3F 9535
12EE64 34 E0 13536
12EE66 48 62 18530
12EE68 4B 93 19347
12EE6A 13 24 4900
12EE6C ED C4 -4668
12EE6E 00 00 0
12EE70 00 00 0
12EE72 A1 2B -24277
12EE74 7D A2 32162
12EE76 54 85 21637
12EE78 BE FF -16641
12EE7A 84 90 -31600
12EE7C D8 7F -10113
12EE7E 00 00 0
12EE80 00 00 0
12EE82 98 F1 -26383
12EE84 B0 B5 -20299
12EE86 BC 4E -17330
12EE88 BE BD -16707
12EE8A E1 C0 -7744
12EE8C FB BC -1092
12EE8E 00 00 0
12EE90 00 00 0
12EE92 C2 F5 -15627
12EE94 65 06 25862
12EE96 DD 12 -8942
12EE98 6D 3B 27963
12EE9A 22 12 8722
12EE9C D5 B2 -10830
12EE9E 00 00 0
12EEA0 00 00 0
12EEA2 59 76 22902
12EEA4 30 35 12341
12EEA6 94 AB -27477
12EEA8 FE 2A -470
12EEAA E0 C1 -7999
12EEAC AB 1E -21730
12EEAE 00 00 0
12EEB0 00 00 0
12EEB2 B9 9D -18019
12EEB4 AB 87 -21625
12EEB6 D2 40 -11712
12EEB8 E1 6F -7825
12EEBA 43 24 17188
12EEBC BE F7 -16649
12EEBE 00 00 0
12EEC0 00 00 0
12EEC2 86 10 -31216
12EEC4 7A 1E 31262
12EEC6 2D 64 11620
12EEC8 87 53 -30893
12EECA 25 A0 9632
12EECC FF B7 -73
12EECE 00 00 0
12EED0 00 00 0
12EED2 9A 58 -26024
12EED4 00 25 37
12EED6 AF 2F -20689
12EED8 FA 86 -1402
12EEDA 29 6F 10607
12EEDC 5F F7 24567
12EEDE 00 00 0
12EEE0 00 00 0
12EEE2 60 F6 24822
12EEE4 4E 44 20036
12EEE6 A1 AF -24145
12EEE8 6A F1 27377
12EEEA 20 8C 8332
12EEEC AA AD -21843
12EEEE 00 00 0
12EEF0 00 00 0
12EEF2 2D 65 11621
12EEF4 39 47 14663
12EEF6 BF D5 -16427
12EEF8 97 1A -26854
12EEFA 35 5A 13658
12EEFC FD E9 -535
12EEFE 00 00 0
12EF00 00 00 0
12EF02 B9 1F -18145
12EF04 70 17 28695
12EF06 5B 05 23301
12EF08 FE 74 -396
12EF0A E1 C8 -7736
12EF0C BF FD -16387
12EF0E 00 00 0
12EF10 00 00 0
12EF12 0D 93 3475
12EF14 23 78 9080
12EF16 79 A2 31138
12EF18 45 FF 17919
12EF1A 00 53 83
12EF1C A9 D3 -22061
12EF1E 00 00 0
12EF20 00 00 0
12EF22 4C 8B 19595
12EF24 0C 90 3216
12EF26 1E EC 7916
12EF28 45 7B 17787
12EF2A D9 E8 -9752
12EF2C 4E F6 20214
12EF2E 00 00 0
12EF30 00 00 0
12EF32 19 FE 6654
12EF34 5E 26 24102
12EF36 88 30 -30672
12EF38 7F F7 32759
12EF3A 53 29 21289
12EF3C 75 FE 30206
12EF3E 00 00 0
12EF40 00 00 0
12EF42 72 DA 29402
12EF44 EC C1 -4927
12EF46 EF BE -4162
12EF48 ED FD -4611
12EF4A 24 D4 9428
12EF4C 76 17 30231
12EF4E 00 00 0
12EF50 00 00 0
12EF52 FD 57 -681
12EF54 E4 E1 -6943
12EF56 D2 3E -11714
12EF58 3F 6A 16234
12EF5A 80 48 -32696
12EF5C 51 25 20773
12EF5E 00 00 0
12EF60 00 00 0
12EF62 B2 63 -19869
12EF64 FC 54 -940
12EF66 7D 70 32112
12EF68 A4 CC -23348
12EF6A 00 24 36
12EF6C FB FC -1028
12EF6E 00 00 0
12EF70 00 00 0
12EF72 49 0C 18700
12EF74 36 58 13912
12EF76 35 72 13682
12EF78 B8 2D -18387
12EF7A 18 20 6176
12EF7C BF FF -16385
12EF7E 00 00 0
12EF80 00 00 0
12EF82 AE 80 -20864
12EF84 7C 5B 31835
12EF86 BF B5 -16459
12EF88 BF F3 -16397
12EF8A 67 56 26454
12EF8C C1 BD -15939
12EF8E 00 00 0
12EF90 00 00 0
12EF92 AE 62 -20894
12EF94 39 41 14657
12EF96 BE D3 -16685
12EF98 7F DE 32734
12EF9A 62 92 25234
12EF9C BF 3D -16579
12EF9E 00 00 0
12EFA0 00 80 128
12EFA2 FB BF -1089
12EFA4 AB 0B -21749
12EFA6 C5 4A -15030
12EFA8 FF 4B -181
12EFAA 79 84 31108
12EFAC 9E 7E -24962
12EFAE 00 00 0
12EFB0 00 80 128
12EFB2 97 A6 -26714
12EFB4 F1 2F -3793
12EFB6 7F E5 32741
12EFB8 E6 CB -6453
12EFBA C3 60 -15520
12EFBC FF 3D -195
12EFBE 00 00 0
12EFC0 00 00 0
12EFC2 AD 04 -21244
12EFC4 4D 6D 19821
12EFC6 3A B4 15028
12EFC8 4D 7F 19839
12EFCA 80 11 -32751
12EFCC D6 EE -10514
12EFCE 00 00 0
12EFD0 00 00 0
12EFD2 A5 D2 -23086
12EFD4 24 AF 9391
12EFD6 63 24 25380
12EFD8 71 FB 29179
12EFDA 81 83 -32381
12EFDC 93 75 -27787
12EFDE 00 00 0
12EFE0 00 00 0
12EFE2 BB 3D -17603
12EFE4 18 11 6161
12EFE6 FF D7 -41
12EFE8 F6 2F -2513
12EFEA E0 72 -8078
12EFEC 72 94 29332
12EFEE 00 00 0
12EFF0 00 00 0
12EFF2 84 FD -31491
12EFF4 C3 2C -15572
12EFF6 14 DA 5338
12EFF8 7F B2 32690
12EFFA 84 32 -31694
12EFFC 90 E7 -28441
12EFFE 00 00 0
12F000 00 00 0
12F002 1E 5E 7774
12F004 58 34 22580
12F006 B9 8F -18033
12F008 F7 9C -2148
12F00A 20 14 8212
12F00C FD 3F -705
12F00E 00 00 0
12F010 00 10 16
12F012 8A 9E -30050
12F014 54 AA 21674
12F016 FD C6 -570
12F018 67 BB 26555
12F01A 02 40 576
12F01C FB AC -1108
12F01E 00 00 0
12F020 00 00 0
12F022 9B ED -25619
12F024 A6 B4 -22860
12F026 64 9D 25757
12F028 DE D9 -8487
12F02A 07 24 1828
12F02C F5 A3 -2653
12F02E 00 00 0
12F030 00 00 0
12F032 E7 E5 -6171
12F034 E8 7B -6021
12F036 0A 8F 2703
12F038 3D DB 15835
12F03A C0 81 -16255
12F03C DF A4 -8284
12F03E 00 00 0
12F040 00 00 0
12F042 2A A3 10915
12F044 F7 99 -2151
12F046 3B 69 15209
12F048 7F F6 32758
12F04A B6 40 -18880
12F04C 1F 8D 8077
12F04E 00 00 0
12F050 00 00 0
12F052 B3 D8 -19496
12F054 76 4C 30284
12F056 23 41 9025
12F058 FF D7 -41
12F05A 4A 38 19000
12F05C BF 78 -16520
12F05E 00 00 0
12F060 00 00 0
12F062 10 F2 4338
12F064 B6 88 -18808
12F066 1A 26 6694
12F068 D3 72 -11406
12F06A A3 1E -23778
12F06C FD 57 -681
12F06E 00 00 0
12F070 00 00 0
12F072 B2 DB -19749
12F074 4B 31 19249
12F076 55 18 21784
12F078 BB DF -17441
12F07A 43 33 17203
12F07C BF 7B -16517
12F07E 00 00 0
12F080 00 00 0
12F082 02 F8 760
12F084 C8 0D -14323
12F086 51 32 20786
12F088 9F C7 -24633
12F08A 60 05 24581
12F08C C3 FE -15362
12F08E 00 00 0
12F090 00 00 0
12F092 70 D4 28884
12F094 96 5C -27044
12F096 F9 5E -1698
12F098 AB 3F -21697
12F09A 06 94 1684
12F09C D0 37 -12233
12F09E 00 00 0
12F0A0 00 00 0
12F0A2 9C EA -25366
12F0A4 01 29 297
12F0A6 37 09 14089
12F0A8 6D E3 28131
12F0AA 03 30 816
12F0AC B7 70 -18576
12F0AE 00 00 0
12F0B0 00 00 0
12F0B2 4E 5A 20058
12F0B4 40 75 16501
12F0B6 49 AD 18861
12F0B8 D3 F2 -11278
12F0BA 01 2C 300
12F0BC 33 D6 13270
12F0BE 00 00 0
12F0C0 00 00 0
12F0C2 BD 45 -17083
12F0C4 CE FC -12548
12F0C6 10 D5 4309
12F0C8 F7 B6 -2122
12F0CA 50 30 20528
12F0CC DF D5 -8235
12F0CE 00 00 0
12F0D0 00 00 0
12F0D2 47 40 18240
12F0D4 6C 50 27728
12F0D6 BB 32 -17614
12F0D8 F7 EC -2068
12F0DA 80 09 -32759
12F0DC 7B AD 31661
12F0DE 00 00 0
12F0E0 00 00 0
12F0E2 9A 77 -25993
12F0E4 45 D6 17878
12F0E6 87 7E -30850
12F0E8 FC A5 -859
12F0EA 02 A5 677
12F0EC F4 99 -2919
12F0EE 00 00 0
12F0F0 00 00 0
12F0F2 A3 5A -23718
12F0F4 2D 94 11668
12F0F6 AC 9E -21346
12F0F8 F5 AD -2643
12F0FA 09 E1 2529
12F0FC 3F 9A 16282
12F0FE 00 00 0
12F100 00 00 0
12F102 03 90 912
12F104 AC 7E -21378
12F106 7B BE 31678
12F108 77 FD 30717
12F10A A3 10 -23792
12F10C 76 EF 30447
12F10E 00 00 0
12F110 00 00 0
12F112 6F 75 28533
12F114 8C A2 -29534
12F116 9B 9B -25701
12F118 BF 6E -16530
12F11A 85 18 -31464
12F11C 6D 57 27991
12F11E 00 00 0
12F120 00 00 0
12F122 85 A5 -31323
12F124 89 BC -30276
12F126 68 8C 26764
12F128 0F DB 4059
12F12A 62 8E 25230
12F12C F7 9F -2145
12F12E 00 00 0
12F130 00 00 0
12F132 89 50 -30384
12F134 AA D1 -21807
12F136 82 87 -32121
12F138 62 93 25235
12F13A CE 64 -12700
12F13C BF 63 -16541
12F13E 00 00 0
12F140 00 00 0
12F142 C3 02 -15614
12F144 93 46 -27834
12F146 A6 9E -22882
12F148 EC F7 -4873
12F14A C3 00 -15616
12F14C E4 B6 -6986
12F14E 00 00 0
12F150 00 00 0
12F152 FB 4B -1205
12F154 4C 40 19520
12F156 B7 88 -18552
12F158 FD F7 -521
12F15A 4D 2C 19756
12F15C FE 87 -377
12F15E 00 00 0
12F160 00 00 0
12F162 45 DA 17882
12F164 2F 4A 12106
12F166 00 4C 76
12F168 55 DA 21978
12F16A 81 03 -32509
12F16C 3F 58 16216
12F16E 00 00 0
12F170 00 00 0
12F172 C0 34 -16332
12F174 04 F2 1266
12F176 9C C7 -25401
12F178 6F 82 28546
12F17A 25 68 9576
12F17C 39 3B 14651
12F17E 00 00 0
12F180 00 00 0
12F182 D9 2A -9942
12F184 40 F0 16624
12F186 0B E8 3048
12F188 2F 33 12083
12F18A 35 61 13665
12F18C EF DB -4133
12F18E 00 00 0
12F190 00 00 0
12F192 8F F7 -28681
12F194 CB 50 -13488
12F196 77 D0 30672
12F198 99 DC -26148
12F19A 49 28 18728
12F19C 6E 5F 28255
12F19E 00 00 0
12F1A0 00 10 16
12F1A2 ED 8C -4724
12F1A4 A1 84 -24188
12F1A6 AC E3 -21277
12F1A8 5F BE 24510
12F1AA 12 68 4712
12F1AC 2B EC 11244
12F1AE 00 00 0
12F1B0 00 00 0
12F1B2 CE E3 -12573
12F1B4 85 3E -31426
12F1B6 51 2F 20783
12F1B8 EB BA -5190
12F1BA 0C 58 3160
12F1BC 8F 97 -28777
12F1BE 00 00 0
12F1C0 00 00 0
12F1C2 F9 41 -1727
12F1C4 45 5F 17759
12F1C6 FA BA -1350
12F1C8 DD FE -8706
12F1CA F6 40 -2496
12F1CC 1C 9D 7325
12F1CE 00 00 0
12F1D0 00 00 0
12F1D2 5F E9 24553
12F1D4 C4 EC -15124
12F1D6 1E AA 7850
12F1D8 2F 7E 12158
12F1DA 1F 85 8069
12F1DC F7 1F -2273
12F1DE 00 00 0
12F1E0 00 00 0
12F1E2 DC C7 -9017
12F1E4 08 0E 2062
12F1E6 33 14 13076
12F1E8 F9 B2 -1614
12F1EA 91 98 -28264
12F1EC 99 FB -26117
12F1EE 00 00 0
12F1F0 00 02 2
12F1F2 62 C5 25285
12F1F4 73 45 29509
12F1F6 3F 0E 16142
12F1F8 51 99 20889
12F1FA 39 80 14720
12F1FC C9 D3 -13869
12F1FE 00 00 0
12F200 00 00 0
12F202 2B E9 11241
12F204 1D 02 7426
12F206 B8 AF -18257
12F208 F1 7F -3713
12F20A 98 04 -26620
12F20C B6 79 -18823
12F20E 80 00 -32768
12F210 00 00 0
12F212 5F BE 24510
12F214 DF 9C -8292
12F216 39 FF 14847
12F218 AF F6 -20490
12F21A 26 62 9826
12F21C 7F 6F 32623
12F21E 00 00 0
12F220 00 00 0
12F222 00 EE 238
12F224 9A 45 -26043
12F226 67 7D 26493
12F228 8E F2 -28942
12F22A 00 00 0
12F22C 7F 45 32581
12F22E 00 00 0
12F230 00 00 0
12F232 68 82 26754
12F234 5F 20 24352
12F236 C5 A8 -14936
12F238 DF AD -8275
12F23A 0D C0 3520
12F23C 8A DF -29985
12F23E 00 00 0
12F240 00 00 0
12F242 49 4F 18767
12F244 FB 2C -1236
12F246 44 B3 17587
12F248 5F D7 24535
12F24A 46 2E 17966
12F24C ED AF -4689
12F24E 00 00 0
12F250 00 00 0
12F252 8C 69 -29591
12F254 9E C0 -24896
12F256 03 EF 1007
12F258 EB E5 -5147
12F25A 88 80 -30592
12F25C BD 52 -17070
12F25E 00 00 0
12F260 00 00 0
12F262 08 F0 2288
12F264 3D 82 15746
12F266 80 A1 -32607
12F268 C4 9B -15205
12F26A 56 2E 22062
12F26C 3E 8D 16013
12F26E 00 00 0
12F270 00 00 0
12F272 13 4D 4941
12F274 14 64 5220
12F276 4D E1 19937
12F278 FA 76 -1418
12F27A 04 09 1033
12F27C FE 4D -435
12F27E 00 00 0
12F280 00 00 0
12F282 DA CB -9525
12F284 DA 74 -9612
12F286 9C 4E -25522
12F288 8D 25 -29403
12F28A 09 88 2440
12F28C A0 75 -24459
12F28E 00 00 0
12F290 00 00 0
12F292 60 60 24672
12F294 43 3C 17212
12F296 1F BA 8122
12F298 BF 31 -16591
12F29A 13 68 4968
12F29C 3F B1 16305
12F29E 00 00 0
12F2A0 00 00 0
12F2A2 68 CB 26827
12F2A4 75 2D 29997
12F2A6 01 5B 347
12F2A8 BE DD -16675
12F2AA 60 A8 24744
12F2AC A1 AC -24148
12F2AE 00 00 0
12F2B0 00 00 0
12F2B2 60 57 24663
12F2B4 1A 11 6673
12F2B6 A7 85 -22651
12F2B8 EB 98 -5224
12F2BA A8 2A -22486
12F2BC 4F A0 20384
12F2BE 00 00 0
12F2C0 00 00 0
12F2C2 AD 58 -21160
12F2C4 9A C9 -25911
12F2C6 F3 C4 -3132
12F2C8 FC 63 -925
12F2CA 90 18 -28648
12F2CC 8C 7D -29571
12F2CE 00 00 0
12F2D0 00 00 0
12F2D2 90 7A -28550
12F2D4 22 2C 8748
12F2D6 5E 29 24105
12F2D8 9A 1E -26082
12F2DA 01 AE 430
12F2DC FD B1 -591
12F2DE 00 00 0
12F2E0 00 00 0
12F2E2 64 5E 25694
12F2E4 AE 49 -20919
12F2E6 BD DE -16930
12F2E8 45 BF 17855
12F2EA 08 88 2184
12F2EC 5B CE 23502
12F2EE 00 00 0
12F2F0 00 00 0
12F2F2 F6 F1 -2319
12F2F4 48 22 18466
12F2F6 D3 8C -11380
12F2F8 67 DA 26586
12F2FA 0D 04 3332
12F2FC FD D8 -552
12F2FE 00 00 0
12F300 00 00 0
12F302 57 49 22345
12F304 4C 1A 19482
12F306 BF AF -16465
12F308 68 B7 26807
12F30A C0 48 -16312
12F30C E9 C7 -5689
12F30E 00 00 0
12F310 00 00 0
12F312 C2 45 -15803
12F314 38 48 14408
12F316 13 DA 5082
12F318 9F FF -24577
12F31A 05 87 1415
12F31C 1E 7B 7803
12F31E 00 00 0
12F320 00 00 0
12F322 3F 4B 16203
12F324 0A 86 2694
12F326 35 B5 13749
12F328 74 77 29815
12F32A 08 02 2050
12F32C 68 FB 26875
12F32E 00 00 0
12F330 00 00 0
12F332 6E DB 28379
12F334 2B 2E 11054
12F336 95 AD -27219
12F338 6D 62 28002
12F33A 01 70 368
12F33C F7 3B -2245
12F33E 00 00 0
12F340 00 00 0
12F342 7F B2 32690
12F344 DD 06 -8954
12F346 FD 20 -736
12F348 E0 5A -8102
12F34A A8 04 -22524
12F34C 97 EE -26642
12F34E 00 00 0
12F350 00 00 0
12F352 72 64 29284
12F354 24 9E 9374
12F356 04 6F 1135
12F358 EC FA -4870
12F35A 55 80 21888
12F35C 5F 9E 24478
12F35E 00 00 0
12F360 00 00 0
12F362 2F 7B 12155
12F364 83 2C -31956
12F366 26 76 9846
12F368 EF FF -4097
12F36A 00 10 16
12F36C 7E EE 32494
12F36E 00 00 0
12F370 00 00 0
12F372 C1 CF -15921
12F374 C7 41 -14527
12F376 70 E9 28905
12F378 56 AB 22187
12F37A 81 68 -32408
12F37C A1 F7 -24073
12F37E 00 00 0
12F380 00 00 0
12F382 68 E5 26853
12F384 65 72 25970
12F386 8E 87 -29049
12F388 DF FB -8197
12F38A 01 00 256
12F38C 7B 5F 31583
12F38E 00 00 0
12F390 00 00 0
12F392 09 7A 2426
12F394 02 2C 556
12F396 40 86 16518
12F398 51 E4 20964
12F39A 07 6C 1900
12F39C A5 BF -23105
12F39E 00 00 0
12F3A0 00 00 0
12F3A2 89 59 -30375
12F3A4 67 3A 26426
12F3A6 E4 77 -7049
12F3A8 FE CE -306
12F3AA 52 16 21014
12F3AC BB F5 -17419
12F3AE 00 00 0
12F3B0 00 00 0
12F3B2 0F EB 4075
12F3B4 79 E8 31208
12F3B6 24 AC 9388
12F3B8 EF C7 -4153
12F3BA B3 30 -19664
12F3BC B3 95 -19563
12F3BE 00 00 0
12F3C0 00 00 0
12F3C2 D9 28 -9944
12F3C4 46 5F 18015
12F3C6 BF 1E -16610
12F3C8 E5 3A -6854
12F3CA 37 05 14085
12F3CC 5E BF 24255
12F3CE 00 00 0
12F3D0 00 00 0
12F3D2 3A B5 15029
12F3D4 0C 19 3097
12F3D6 2B 4C 11084
12F3D8 8F F7 -28681
12F3DA 08 BA 2234
12F3DC BF BF -16449
12F3DE 00 00 0
12F3E0 00 20 32
12F3E2 78 EB 30955
12F3E4 17 9E 6046
12F3E6 5B B9 23481
12F3E8 FA EE -1298
12F3EA 60 A1 24737
12F3EC 7F 7F 32639
12F3EE 00 00 0
12F3F0 00 48 72
12F3F2 DA 49 -9655
12F3F4 50 1C 20508
12F3F6 86 D0 -31024
12F3F8 C7 D6 -14378
12F3FA 89 26 -30426
12F3FC A1 76 -24202
12F3FE 00 00 0
12F400 00 00 0
12F402 87 27 -30937
12F404 B3 2B -19669
12F406 43 25 17189
12F408 FB 58 -1192
12F40A 0C 00 3072
12F40C DC E7 -8985
12F40E 00 00 0
12F410 00 80 128
12F412 4E E1 20193
12F414 F3 F5 -3083
12F416 EE 0F -4593
12F418 D4 2F -11217
12F41A 13 95 5013
12F41C AD E4 -21020
12F41E 00 00 0
12F420 00 00 0
12F422 18 75 6261
12F424 3E 8C 16012
12F426 F8 89 -1911
12F428 E4 39 -7111
12F42A 12 22 4642
12F42C E6 7F -6529
12F42E 00 00 0
12F430 00 00 0
12F432 EC 35 -5067
12F434 A4 B2 -23374
12F436 74 7B 29819
12F438 D6 8F -10609
12F43A 0F 80 3968
12F43C FF BC -68
12F43E 00 00 0
12F440 00 02 2
12F442 E6 A6 -6490
12F444 49 27 18727
12F446 5D 12 23826
12F448 69 E5 27109
12F44A 31 58 12632
12F44C 55 DE 21982
12F44E 00 00 0
12F450 00 00 0
12F452 22 EF 8943
12F454 77 37 30519
12F456 12 81 4737
12F458 7D 10 32016
12F45A 02 72 626
12F45C 5E 97 24215
12F45E 00 00 0
12F460 00 00 0
12F462 C4 85 -15227
12F464 58 BA 22714
12F466 0C 45 3141
12F468 F3 37 -3273
12F46A 00 20 32
12F46C 27 F6 10230
12F46E 00 00 0
12F470 00 00 0
12F472 C1 94 -15980
12F474 C4 02 -15358
12F476 55 8E 21902
12F478 B2 B1 -19791
12F47A 80 41 -32703
12F47C FB 3E -1218
12F47E 00 00 0
12F480 00 00 0
12F482 7A C0 31424
12F484 79 40 31040
12F486 CA F1 -13583
12F488 C7 77 -14473
12F48A 98 82 -26494
12F48C FE 5A -422
12F48E 00 00 0
12F490 00 00 0
12F492 5F EC 24556
12F494 64 90 25744
12F496 3A C5 15045
12F498 ED CF -4657
12F49A 8C 10 -29680
12F49C BA D5 -17707
12F49E 00 00 0
12F4A0 00 00 0
12F4A2 13 FF 5119
12F4A4 57 53 22355
12F4A6 DB 77 -9353
12F4A8 BA 37 -17865
12F4AA C2 03 -15869
12F4AC 97 16 -26858
12F4AE 00 00 0
12F4B0 00 00 0
12F4B2 83 CA -31798
12F4B4 5A 81 23169
12F4B6 68 17 26647
12F4B8 0A CE 2766
12F4BA 8A 87 -30073
12F4BC 7B F9 31737
12F4BE 00 00 0
12F4C0 00 00 0
12F4C2 6E AD 28333
12F4C4 22 AC 8876
12F4C6 16 94 5780
12F4C8 F5 79 -2695
12F4CA 4A 10 18960
12F4CC B6 6F -18833
12F4CE 00 00 0
12F4D0 00 00 0
12F4D2 9B CE -25650
12F4D4 5F FC 24572
12F4D6 3D BF 15807
12F4D8 BE D7 -16681
12F4DA CD 41 -12991
12F4DC B7 FE -18434
12F4DE 00 00 0
12F4E0 00 00 0
12F4E2 61 C3 25027
12F4E4 E4 AE -6994
12F4E6 42 6E 17006
12F4E8 FF 15 -235
12F4EA 13 D8 5080
12F4EC D7 C2 -10302
12F4EE 00 00 0
12F4F0 00 00 0
12F4F2 D4 91 -11119
12F4F4 3B 65 15205
12F4F6 D2 0C -11764
12F4F8 D3 31 -11471
12F4FA 06 D5 1749
12F4FC 2A A6 10918
12F4FE 00 00 0
12F500 00 02 2
12F502 F5 3E -2754
12F504 E4 1D -7139
12F506 F7 6F -2193
12F508 54 76 21622
12F50A 5E 07 24071
12F50C 99 F4 -26124
12F50E 00 00 0
12F510 00 00 0
12F512 CE 6F -12689
12F514 8C 06 -29690
12F516 C4 60 -15264
12F518 87 1C -30948
12F51A 88 0A -30710
12F51C 70 5A 28762
12F51E 00 00 0
12F520 00 00 0
12F522 63 AA 25514
12F524 D5 2C -10964
12F526 04 9C 1180
12F528 6C 56 27734
12F52A 29 52 10578
12F52C 9A 1D -26083
12F52E 00 00 0
12F530 00 80 128
12F532 A7 D8 -22568
12F534 F3 43 -3261
12F536 7B AA 31658
12F538 47 B2 18354
12F53A 11 4C 4428
12F53C 3A 3F 14911
12F53E 00 00 0
12F540 00 00 0
12F542 11 CB 4555
12F544 07 C1 1985
12F546 E7 F1 -6159
12F548 F3 EC -3092
12F54A 41 9A 16794
12F54C A5 7F -23169
12F54E 00 00 0
12F550 00 00 0
12F552 0D 0D 3341
12F554 0F 51 3921
12F556 57 DC 22492
12F558 3F D7 16343
12F55A 27 B2 10162
12F55C FF 21 -223
12F55E 00 00 0
12F560 00 00 0
12F562 24 F9 9465
12F564 62 62 25186
12F566 0A E5 2789
12F568 E7 F4 -6156
12F56A 80 20 -32736
12F56C B7 7D -18563
12F56E 00 00 0
12F570 00 08 8
12F572 A9 75 -22155
12F574 0B 5F 2911
12F576 99 AB -26197
12F578 0C DF 3295
12F57A 0A 32 2610
12F57C 21 F7 8695
12F57E 00 00 0
12F580 00 10 16
12F582 73 46 29510
12F584 34 68 13416
12F586 FF A2 -94
12F588 D2 FD -11523
12F58A 25 01 9473
12F58C E9 B7 -5705
12F58E 00 00 0
12F590 00 00 0
12F592 6C 97 27799
12F594 67 64 26468
12F596 FB 15 -1259
12F598 9D 5D -25251
12F59A 11 43 4419
12F59C FF D5 -43
12F59E 00 00 0
12F5A0 00 00 0
12F5A2 E5 DB -6693
12F5A4 50 D2 20690
12F5A6 09 FF 2559
12F5A8 FD D8 -552
12F5AA 8E 58 -29096
12F5AC 03 ED 1005
12F5AE 00 00 0
12F5B0 00 00 0
12F5B2 36 8B 13963
12F5B4 44 37 17463
12F5B6 BE F6 -16650
12F5B8 F7 55 -2219
12F5BA 14 88 5256
12F5BC BB 72 -17550
12F5BE 00 00 0
12F5C0 00 00 0
12F5C2 3D 79 15737
12F5C4 2E 3B 11835
12F5C6 5C 1E 23582
12F5C8 60 BD 24765
12F5CA 09 80 2432
12F5CC E9 EF -5649
12F5CE 00 00 0
12F5D0 00 02 2
12F5D2 51 CA 20938
12F5D4 03 E0 992
12F5D6 7D 40 32064
12F5D8 D6 7D -10627
12F5DA EF 00 -4352
12F5DC FF FF -1
12F5DE 00 00 0
12F5E0 00 00 0
12F5E2 AD B6 -21066
12F5E4 6E 14 28180
12F5E6 EF 2C -4308
12F5E8 CF D0 -12336
12F5EA A9 98 -22120
12F5EC 86 6D -31123
12F5EE 00 00 0
12F5F0 00 00 0
12F5F2 28 29 10281
12F5F4 15 46 5446
12F5F6 05 FD 1533
12F5F8 23 FF 9215
12F5FA 00 A6 166
12F5FC 1E F6 7926
12F5FE 00 00 0
12F600 00 00 0
12F602 C9 5D -13987
12F604 F1 56 -3754
12F606 1A D4 6868
12F608 FE 47 -441
12F60A 15 00 5376
12F60C F7 C6 -2106
12F60E 00 00 0
12F610 00 00 0
12F612 D0 4E -12210
12F614 03 BC 956
12F616 49 67 18791
12F618 9B B3 -25677
12F61A 03 50 848
12F61C FF BE -66
12F61E 00 00 0
12F620 00 00 0
12F622 57 DD 22493
12F624 22 0A 8714
12F626 0B B6 2998
12F628 F2 73 -3469
12F62A A3 0C -23796
12F62C FA F0 -1296
12F62E 00 00 0
12F630 00 00 0
12F632 58 08 22536
12F634 27 4C 10060
12F636 97 77 -26761
12F638 EF FE -4098
12F63A A0 C1 -24383
12F63C 9B 99 -25703
12F63E 00 00 0
12F640 00 00 0
12F642 26 E0 9952
12F644 67 74 26484
12F646 82 99 -32103
12F648 FF FF -1
12F64A 09 81 2433
12F64C 77 75 30581
12F64E 00 00 0
12F650 00 00 0
12F652 0C 42 3138
12F654 B5 0A -19190
12F656 B8 34 -18380
12F658 FA 7C -1412
12F65A 00 00 0
12F65C E7 A7 -6233
12F65E 00 00 0
12F660 00 00 0
12F662 47 6B 18283
12F664 82 AC -32084
12F666 08 46 2118
12F668 9D 9B -25189
12F66A A1 5D -24227
12F66C 7A EB 31467
12F66E 00 00 0
12F670 00 08 8
12F672 96 DC -26916
12F674 F4 33 -3021
12F676 29 71 10609
12F678 E7 87 -6265
12F67A 09 88 2440
12F67C 4E 57 20055
12F67E 00 00 0
12F680 00 00 0
12F682 C7 C6 -14394
12F684 55 00 21760
12F686 F1 BA -3654
12F688 24 61 9313
12F68A 9E 80 -24960
12F68C CA E3 -13597
12F68E 00 00 0
12F690 00 00 0
12F692 50 F7 20727
12F694 8D 46 -29370
12F696 72 CE 29390
12F698 FD F1 -527
12F69A 00 56 86
12F69C DE 45 -8635
12F69E 00 00 0
12F6A0 00 00 0
12F6A2 A7 B8 -22600
12F6A4 A3 84 -23676
12F6A6 1C 5A 7258
12F6A8 5A F1 23281
12F6AA 18 EE 6382
12F6AC 1E A7 7847
12F6AE 00 00 0
12F6B0 00 00 0
12F6B2 B8 96 -18282
12F6B4 0B F0 3056
12F6B6 CC 67 -13209
12F6B8 DB F9 -9223
12F6BA 01 50 336
12F6BC C7 2E -14546
12F6BE 00 00 0
12F6C0 00 00 0
12F6C2 E1 44 -7868
12F6C4 BF F1 -16399
12F6C6 1E 8A 7818
12F6C8 0C 52 3154
12F6CA 80 00 -32768
12F6CC 7F 4D 32589
12F6CE 00 00 0
12F6D0 00 00 0
12F6D2 8D D9 -29223
12F6D4 B2 CA -19766
12F6D6 04 60 1120
12F6D8 3F 2F 16175
12F6DA 20 BA 8378
12F6DC 1D 9F 7583
12F6DE 00 00 0
12F6E0 00 04 4
12F6E2 92 6B -28053
12F6E4 9F 01 -24831
12F6E6 F0 DE -3874
12F6E8 E1 7E -7810
12F6EA 21 81 8577
12F6EC C7 FD -14339
12F6EE 00 00 0
12F6F0 00 00 0
12F6F2 45 68 17768
12F6F4 64 54 25684
12F6F6 C0 CE -16178
12F6F8 BE FF -16641
12F6FA 60 40 24640
12F6FC 77 3C 30524
12F6FE 00 00 0
12F700 00 00 0
12F702 FD F6 -522
12F704 24 1B 9243
12F706 BE 85 -16763
12F708 4B EF 19439
12F70A 4D 41 19777
12F70C 9D AE -25170
12F70E 00 00 0
12F710 00 00 0
12F712 F3 56 -3242
12F714 E7 DD -6179
12F716 77 7A 30586
12F718 43 85 17285
12F71A 0B 42 2882
12F71C C8 F3 -14093
12F71E 00 00 0
12F720 00 00 0
12F722 49 59 18777
12F724 11 D3 4563
12F726 17 9F 6047
12F728 BA 9A -17766
12F72A A6 04 -23036
12F72C 69 99 27033
12F72E 00 00 0
12F730 00 00 0
12F732 CB 44 -13500
12F734 50 E6 20710
12F736 07 CC 1996
12F738 D9 EE -9746
12F73A 10 91 4241
12F73C EE 8F -4465
12F73E 00 00 0
12F740 00 20 32
12F742 21 94 8596
12F744 0E 83 3715
12F746 8D 0D -29427
12F748 F1 DE -3618
12F74A 50 08 20488
12F74C FF 8C -116
12F74E 00 00 0
12F750 00 00 0
12F752 D5 FB -10757
12F754 42 BD 17085
12F756 6F 5A 28506
12F758 64 0F 25615
12F75A 14 2C 5164
12F75C DF EF -8209
12F75E 00 00 0
12F760 00 00 0
12F762 08 33 2099
12F764 37 15 14101
12F766 BC AA -17238
12F768 C9 D7 -13865
12F76A 63 01 25345
12F76C A7 FF -22529
12F76E 00 00 0
12F770 00 00 0
12F772 C1 A9 -15959
12F774 90 2A -28630
12F776 58 97 22679
12F778 45 D1 17873
12F77A 11 C8 4552
12F77C F9 98 -1640
12F77E 00 00 0
12F780 00 00 0
12F782 FE 47 -441
12F784 68 46 26694
12F786 5B 95 23445
12F788 F7 77 -2185
12F78A DF 90 -8304
12F78C 72 F5 29429
12F78E 00 00 0
12F790 00 00 0
12F792 07 FB 2043
12F794 46 0E 17934
12F796 E6 16 -6634
12F798 0E 90 3728
12F79A 4C 18 19480
12F79C FE 39 -455
12F79E 00 00 0
12F7A0 00 00 0
12F7A2 3D 5C 15708
12F7A4 2B 2E 11054
12F7A6 88 BA -30534
12F7A8 E9 DA -5670
12F7AA A8 82 -22398
12F7AC D3 BE -11330
12F7AE 00 00 0
12F7B0 00 00 0
12F7B2 E6 43 -6589
12F7B4 F4 81 -2943
12F7B6 17 B3 6067
12F7B8 14 A1 5281
12F7BA 00 42 66
12F7BC DF BF -8257
12F7BE 00 00 0
12F7C0 00 00 0
12F7C2 0B 0F 2831
12F7C4 90 F2 -28430
12F7C6 14 43 5187
12F7C8 45 5E 17758
12F7CA 3F 00 16128
12F7CC A1 6D -24211
12F7CE 00 00 0
12F7D0 00 10 16
12F7D2 E5 0E -6898
12F7D4 30 EE 12526
12F7D6 23 3F 9023
12F7D8 F6 EE -2322
12F7DA 28 B2 10418
12F7DC EF 96 -4202
12F7DE 00 00 0
12F7E0 00 00 0
12F7E2 E5 AC -6740
12F7E4 D0 1A -12262
12F7E6 F9 E6 -1562
12F7E8 3E 86 16006
12F7EA 29 20 10528
12F7EC 77 73 30579
12F7EE 00 00 0
12F7F0 00 00 0
12F7F2 F4 FF -2817
12F7F4 40 A0 16544
12F7F6 11 BF 4543
12F7F8 28 01 10241
12F7FA 51 58 20824
12F7FC 02 12 530
12F7FE 00 00 0
12F800 00 00 0
12F802 CE F4 -12556
12F804 7A BA 31418
12F806 16 A7 5799
12F808 FD 27 -729
12F80A 63 90 25488
12F80C A7 BE -22594
12F80E 00 00 0
12F810 00 00 0
12F812 BF FF -16385
12F814 01 BF 447
12F816 95 3C -27332
12F818 F7 EF -2065
12F81A 00 3A 58
12F81C BF 2E -16594
12F81E 00 00 0
12F820 00 00 0
12F822 76 28 30248
12F824 7D 3B 32059
12F826 CA 83 -13693
12F828 DF 52 -8366
12F82A 49 92 18834
12F82C 37 EE 14318
12F82E 00 00 0
12F830 00 10 16
12F832 DE 4F -8625
12F834 3A 4A 14922
12F836 BA FC -17668
12F838 D7 FA -10246
12F83A 90 48 -28600
12F83C F5 F5 -2571
12F83E 00 00 0
12F840 00 00 0
12F842 E8 82 -6014
12F844 A5 BB -23109
12F846 49 D4 18900
12F848 7D FB 32251
12F84A 05 34 1332
12F84C FF 75 -139
12F84E 00 00 0
12F850 00 00 0
12F852 00 B1 177
12F854 9C 50 -25520
12F856 57 6B 22379
12F858 FD FF -513
12F85A 0D 21 3361
12F85C FF DD -35
12F85E 00 00 0
12F860 00 00 0
12F862 BC 8E -17266
12F864 17 19 5913
12F866 9C C7 -25401
12F868 3B 5B 15195
12F86A 18 1F 6175
12F86C FE 6E -402
12F86E 00 00 0
12F870 00 00 0
12F872 AD 47 -21177
12F874 68 B6 26806
12F876 33 C2 13250
12F878 FD 6B -661
12F87A 8A 62 -30110
12F87C FC 96 -874
12F87E 00 00 0
12F880 00 00 0
12F882 2F 42 12098
12F884 C3 E8 -15384
12F886 24 80 9344
12F888 FF F3 -13
12F88A 81 90 -32368
12F88C EC 6F -5009
12F88E 00 00 0
12F890 00 00 0
12F892 19 FD 6653
12F894 8F BB -28741
12F896 E5 D7 -6697
12F898 EF D6 -4138
12F89A A0 4A -24502
12F89C 99 AC -26196
12F89E 00 00 0
12F8A0 00 00 0
12F8A2 47 DD 18397
12F8A4 73 06 29446
12F8A6 00 8B 139
12F8A8 9B 99 -25703
12F8AA 10 AB 4267
12F8AC 1A 3E 6718
12F8AE 00 00 0
12F8B0 00 00 0
12F8B2 4D BD 19901
12F8B4 C1 58 -16040
12F8B6 45 3E 17726
12F8B8 34 7E 13438
12F8BA 9C A0 -25440
12F8BC F6 FF -2305
12F8BE 00 00 0
12F8C0 00 00 0
12F8C2 EA 3D -5571
12F8C4 92 14 -28140
12F8C6 34 8C 13452
12F8C8 57 2C 22316
12F8CA A0 25 -24539
12F8CC F3 EE -3090
12F8CE 00 00 0
12F8D0 00 00 0
12F8D2 4C 53 19539
12F8D4 82 58 -32168
12F8D6 AF 5E -20642
12F8D8 44 5B 17499
12F8DA 4B 88 19336
12F8DC B2 61 -19871
12F8DE 00 00 0
12F8E0 00 00 0
12F8E2 8E FF -28929
12F8E4 0A 24 2596
12F8E6 ED 58 -4776
12F8E8 CF 1D -12515
12F8EA A2 18 -24040
12F8EC F2 A6 -3418
12F8EE 00 00 0
12F8F0 00 00 0
12F8F2 BA 90 -17776
12F8F4 80 35 -32715
12F8F6 2F FB 12283
12F8F8 2F 0F 12047
12F8FA 72 0B 29195
12F8FC D3 AB -11349
12F8FE 00 00 0
12F900 00 00 0
12F902 62 C2 25282
12F904 A0 9B -24421
12F906 A2 86 -23930
12F908 8F 7F -28801
12F90A E4 01 -7167
12F90C DA BF -9537
12F90E 00 00 0
12F910 00 00 0
12F912 41 93 16787
12F914 EB 79 -5255
12F916 DB 35 -9419
12F918 D6 F1 -10511
12F91A 02 84 644
12F91C 2D EC 11756
12F91E 00 00 0
12F920 00 00 0
12F922 86 3D -31171
12F924 A7 A7 -22617
12F926 6F FE 28670
12F928 FF FC -4
12F92A 04 D0 1232
12F92C DD AE -8786
12F92E 00 00 0
12F930 00 00 0
12F932 44 7E 17534
12F934 B8 70 -18320
12F936 44 25 17445
12F938 C9 EC -13844
12F93A 24 CC 9420
12F93C 6E FF 28415
12F93E 00 00 0
12F940 00 00 0
12F942 C3 6C -15508
12F944 85 1D -31459
12F946 07 8B 1931
12F948 2E FF 12031
12F94A 2B 00 11008
12F94C 0B F4 3060
12F94E 00 00 0
12F950 00 00 0
12F952 CD 26 -13018
12F954 01 AE 430
12F956 E0 FA -7942
12F958 FC EB -789
12F95A 14 39 5177
12F95C D7 BA -10310
12F95E 00 00 0
12F960 00 00 0
12F962 8A 7B -30085
12F964 30 A4 12452
12F966 5E 81 24193
12F968 FF 66 -154
12F96A D2 60 -11680
12F96C BF A6 -16474
12F96E 00 00 0
12F970 00 00 0
12F972 A7 ED -22547
12F974 4E EF 20207
12F976 C3 33 -15565
12F978 0C B7 3255
12F97A C0 83 -16253
12F97C F3 77 -3209
12F97E 00 00 0
12F980 00 00 0
12F982 8D ED -29203
12F984 48 76 18550
12F986 8E 3C -29124
12F988 EB F2 -5134
12F98A 3C 20 15392
12F98C E1 7A -7814
12F98E 00 00 0
12F990 00 00 0
12F992 21 5E 8542
12F994 1C 33 7219
12F996 5D F2 24050
12F998 FF 3A -198
12F99A 5C C2 23746
12F99C 7F AF 32687
12F99E 00 00 0
12F9A0 00 00 0
12F9A2 C8 6F -14225
12F9A4 36 01 13825
12F9A6 7C AF 31919
12F9A8 91 BF -28225
12F9AA 82 A0 -32096
12F9AC 85 7E -31362
12F9AE 00 00 0
12F9B0 00 00 0
12F9B2 AF 62 -20638
12F9B4 A4 A2 -23390
12F9B6 47 26 18214
12F9B8 1B A5 7077
12F9BA EB F0 -5136
12F9BC 1D E9 7657
12F9BE 00 00 0
12F9C0 00 00 0
12F9C2 F1 11 -3823
12F9C4 1D 0B 7435
12F9C6 91 2D -28371
12F9C8 B7 A3 -18525
12F9CA 6C B2 27826
12F9CC F9 7F -1665
12F9CE 00 00 0
12F9D0 00 00 0
12F9D2 5B 98 23448
12F9D4 C1 AE -15954
12F9D6 FF 7C -132
12F9D8 5B FA 23546
12F9DA 20 42 8258
12F9DC 98 5F -26529
12F9DE 00 00 0
12F9E0 00 00 0
12F9E2 65 25 25893
12F9E4 74 40 29760
12F9E6 AF 0D -20723
12F9E8 B5 9E -19042
12F9EA 5D 2F 23855
12F9EC 11 B5 4533
12F9EE 01 00 256
12F9F0 00 00 0
12F9F2 98 B2 -26446
12F9F4 04 92 1170
12F9F6 E7 87 -6265
12F9F8 F5 6E -2706
12F9FA 19 8A 6538
12F9FC B2 A6 -19802
12F9FE 00 00 0
12FA00 00 00 0
12FA02 2F 23 12067
12FA04 6E 50 28240
12FA06 28 9E 10398
12FA08 F6 BD -2371
12FA0A 02 CC 716
12FA0C BD 7F -17025
12FA0E 10 00 4096
12FA10 00 00 0
12FA12 18 FD 6397
12FA14 3A 2E 14894
12FA16 6B 89 27529
12FA18 6B 93 27539
12FA1A F9 D3 -1581
12FA1C DA 1A -9702
12FA1E 00 00 0
12FA20 00 00 0
12FA22 BA 96 -17770
12FA24 54 E1 21729
12FA26 6A 4B 27211
12FA28 FD E3 -541
12FA2A 15 91 5521
12FA2C BA E8 -17688
12FA2E 00 00 0
12FA30 00 00 0
12FA32 B8 1C -18404
12FA34 B7 2D -18643
12FA36 BE 68 -16792
12FA38 2A 27 10791
12FA3A 28 00 10240
12FA3C BD 3F -17089
12FA3E 00 00 0
12FA40 00 00 0
12FA42 21 8F 8591
12FA44 13 46 4934
12FA46 70 DB 28891
12FA48 BA EF -17681
12FA4A 0E 51 3665
12FA4C F6 E6 -2330
12FA4E 00 00 0
12FA50 00 00 0
12FA52 2C C7 11463
12FA54 36 92 13970
12FA56 B4 51 -19375
12FA58 BA 99 -17767
12FA5A 90 88 -28536
12FA5C 32 96 12950
12FA5E 00 00 0
12FA60 00 00 0
12FA62 A6 5C -22948
12FA64 72 6C 29292
12FA66 09 2A 2346
12FA68 AA 7B -21893
12FA6A 1A 47 6727
12FA6C FF FB -5
12FA6E 00 00 0
12FA70 00 00 0
12FA72 B2 2F -19921
12FA74 21 4A 8522
12FA76 18 9F 6303
12FA78 FF 45 -187
12FA7A 60 81 24705
12FA7C F7 3E -2242
12FA7E 00 00 0
12FA80 00 00 0
12FA82 02 FE 766
12FA84 F2 04 -3580
12FA86 2B 2A 11050
12FA88 DF BB -8261
12FA8A 20 0E 8206
12FA8C FE AB -341
12FA8E 00 00 0
12FA90 01 00 256
12FA92 4A D6 19158
12FA94 33 AB 13227
12FA96 BD FA -16902
12FA98 BF 77 -16521
12FA9A 02 81 641
12FA9C BF 85 -16507
12FA9E 00 00 0
12FAA0 00 00 0
12FAA2 B7 B8 -18504
12FAA4 10 C5 4293
12FAA6 CE 7D -12675
12FAA8 57 AF 22447
12FAAA 24 C5 9413
12FAAC E7 1F -6369
12FAAE 00 00 0
12FAB0 00 00 0
12FAB2 6A 1D 27165
12FAB4 08 9E 2206
12FAB6 ED 4B -4789
12FAB8 7A 53 31315
12FABA A0 02 -24574
12FABC 25 6A 9578
12FABE 00 00 0
12FAC0 00 00 0
12FAC2 C0 B7 -16201
12FAC4 96 C5 -26939
12FAC6 4D 37 19767
12FAC8 F1 5C -3748
12FACA 23 01 8961
12FACC 2A 3F 10815
12FACE 00 00 0
12FAD0 00 00 0
12FAD2 A8 FD -22275
12FAD4 34 0D 13325
12FAD6 4B 58 19288
12FAD8 BA D3 -17709
12FADA 00 D5 213
12FADC F1 9C -3684
12FADE 00 00 0
12FAE0 00 00 0
12FAE2 38 EB 14571
12FAE4 0A EC 2796
12FAE6 16 F1 5873
12FAE8 7E EE 32494
12FAEA 4D E0 19936
12FAEC C4 30 -15312
12FAEE 00 00 0
12FAF0 00 00 0
12FAF2 7D C8 32200
12FAF4 72 9B 29339
12FAF6 B4 CC -19252
12FAF8 C5 DF -14881
12FAFA 68 06 26630
12FAFC D9 BF -9793
12FAFE 00 00 0
12FB00 00 00 0
12FB02 4C D4 19668
12FB04 0D 50 3408
12FB06 E7 ED -6163
12FB08 A3 16 -23786
12FB0A EC 60 -5024
12FB0C 9E EE -24850
12FB0E 00 00 0
12FB10 00 00 0
12FB12 B3 7A -19590
12FB14 65 29 25897
12FB16 33 ED 13293
12FB18 E4 1E -7138
12FB1A 3D 11 15633
12FB1C EE 67 -4505
12FB1E 00 00 0
12FB20 00 00 0
12FB22 65 5F 25951
12FB24 69 2C 26924
12FB26 3A 26 14886
12FB28 EF 29 -4311
12FB2A 89 61 -30367
12FB2C EE FD -4355
12FB2E 00 00 0
12FB30 00 00 0
12FB32 09 96 2454
12FB34 00 9F 159
12FB36 96 41 -27071
12FB38 B1 93 -20077
12FB3A 10 50 4176
12FB3C 5C C3 23747
12FB3E 00 00 0
12FB40 00 00 0
12FB42 A9 3A -22214
12FB44 82 A5 -32091
12FB46 8B D9 -29735
12FB48 78 B5 30901
12FB4A 84 90 -31600
12FB4C F8 BF -1857
12FB4E 00 00 0
12FB50 00 20 32
12FB52 4E E2 20194
12FB54 06 D0 1744
12FB56 6D 60 28000
12FB58 5A 1A 23066
12FB5A 64 50 25680
12FB5C 5C F4 23796
12FB5E A0 00 -24576
12FB60 00 00 0
12FB62 74 E5 29925
12FB64 0C 08 3080
12FB66 2C 32 11314
12FB68 B2 FF -19713
12FB6A A0 F8 -24328
12FB6C B7 7E -18562
12FB6E 00 00 0
12FB70 00 00 0
12FB72 F5 3B -2757
12FB74 F3 8A -3190
12FB76 69 78 27000
12FB78 F6 B3 -2381
12FB7A 83 44 -31932
12FB7C F8 8A -1910
12FB7E 00 00 0
12FB80 00 00 0
12FB82 EF 91 -4207
12FB84 B6 5D -18851
12FB86 BA 3C -17860
12FB88 DB F3 -9229
12FB8A CC 30 -13264
12FB8C 2E F7 12023
12FB8E 00 00 0
12FB90 00 00 0
12FB92 DA 23 -9693
12FB94 9F 10 -24816
12FB96 70 88 28808
12FB98 7E BE 32446
12FB9A 61 60 24928
12FB9C 5C 7E 23678
12FB9E 00 00 0
12FBA0 00 00 0
12FBA2 F5 6A -2710
12FBA4 EF 20 -4320
12FBA6 5D 4E 23886
12FBA8 4D FB 19963
12FBAA 04 85 1157
12FBAC 61 DB 25051
12FBAE 00 00 0
12FBB0 00 00 0
12FBB2 C8 2D -14291
12FBB4 69 26 26918
12FBB6 0F AB 4011
12FBB8 BB 23 -17629
12FBBA 8D B2 -29262
12FBBC 3F FE 16382
12FBBE 00 00 0
12FBC0 00 00 0
12FBC2 A8 9F -22369
12FBC4 14 53 5203
12FBC6 2F 9D 12189
12FBC8 FA DE -1314
12FBCA 70 44 28740
12FBCC 0E CE 3790
12FBCE 00 00 0
12FBD0 00 00 0
12FBD2 DE CF -8497
12FBD4 4A 7C 19068
12FBD6 DD 3E -8898
12FBD8 B6 F6 -18698
12FBDA B5 40 -19136
12FBDC DF 3B -8389
12FBDE 00 00 0
12FBE0 00 00 0
12FBE2 0F 5F 3935
12FBE4 0C 12 3090
12FBE6 70 C6 28870
12FBE8 FD 54 -684
12FBEA 38 2E 14382
12FBEC 2C FC 11516
12FBEE 00 00 0
12FBF0 00 00 0
12FBF2 C0 0A -16374
12FBF4 62 92 25234
12FBF6 FC 9B -869
12FBF8 3E B7 16055
12FBFA 32 04 12804
12FBFC FA F4 -1292
12FBFE 00 00 0
12FC00 00 01 1
12FC02 43 5F 17247
12FC04 6C A3 27811
12FC06 F2 39 -3527
12FC08 DF BA -8262
12FC0A 18 08 6152
12FC0C D1 58 -11944
12FC0E 00 00 0
12FC10 00 00 0
12FC12 45 B6 17846
12FC14 68 22 26658
12FC16 0F C5 4037
12FC18 E9 98 -5736
12FC1A AB C8 -21560
12FC1C FF 3D -195
12FC1E 00 00 0
12FC20 00 00 0
12FC22 06 AD 1709
12FC24 8F 14 -28908
12FC26 22 36 8758
12FC28 BF 9E -16482
12FC2A 80 07 -32761
12FC2C F5 60 -2720
12FC2E 00 00 0
12FC30 00 04 4
12FC32 8D 16 -29418
12FC34 82 FF -32001
12FC36 57 0E 22286
12FC38 FF E7 -25
12FC3A 00 26 38
12FC3C F7 B9 -2119
12FC3E 00 00 0
12FC40 00 00 0
12FC42 35 A0 13728
12FC44 DF 17 -8425
12FC46 49 C3 18883
12FC48 DD 55 -8875
12FC4A 82 10 -32240
12FC4C 2F BF 12223
12FC4E 00 00 0
12FC50 00 00 0
12FC52 31 66 12646
12FC54 43 22 17186
12FC56 21 4D 8525
12FC58 E6 7B -6533
12FC5A 80 30 -32720
12FC5C DB DF -9249
12FC5E 00 00 0
12FC60 00 00 0
12FC62 13 FF 5119
12FC64 6B 83 27523
12FC66 53 91 21393
12FC68 BD 47 -17081
12FC6A 0A 91 2705
12FC6C B6 C6 -18746
12FC6E 00 00 0
12FC70 00 00 0
12FC72 A2 C5 -23867
12FC74 0C 19 3097
12FC76 89 91 -30319
12FC78 BF FF -16385
12FC7A B6 22 -18910
12FC7C E7 F6 -6154
12FC7E 00 00 0
12FC80 00 00 0
12FC82 6F FC 28668
12FC84 BA 39 -17863
12FC86 BE FA -16646
12FC88 B5 FC -18948
12FC8A 14 7D 5245
12FC8C 7C 0F 31759
12FC8E 00 00 0
12FC90 00 00 0
12FC92 95 7D -27267
12FC94 27 9A 10138
12FC96 4A D0 19152
12FC98 8C 19 -29671
12FC9A 15 98 5528
12FC9C BF 6B -16533
12FC9E 00 00 0
12FCA0 00 00 0
12FCA2 7F 71 32625
12FCA4 81 42 -32446
12FCA6 9A 64 -26012
12FCA8 2F 21 12065
12FCAA 10 30 4144
12FCAC FA CD -1331
12FCAE 00 00 0
12FCB0 00 00 0
12FCB2 1B CE 7118
12FCB4 0C 7D 3197
12FCB6 88 88 -30584
12FCB8 85 F5 -31243
12FCBA 30 85 12421
12FCBC 3A F4 15092
12FCBE 00 00 0
12FCC0 00 00 0
12FCC2 53 F3 21491
12FCC4 39 FA 14842
12FCC6 8B AD -29779
12FCC8 36 FF 14079
12FCCA 12 20 4640
12FCCC 83 4F -31921
12FCCE 00 00 0
12FCD0 00 00 0
12FCD2 41 EE 16878
12FCD4 13 28 4904
12FCD6 9C DA -25382
12FCD8 EF CB -4149
12FCDA C3 82 -15486
12FCDC AF 48 -20664
12FCDE 00 00 0
12FCE0 00 00 0
12FCE2 99 06 -26362
12FCE4 9A C6 -25914
12FCE6 0C 3B 3131
12FCE8 77 6E 30574
12FCEA 8C 06 -29690
12FCEC BD 59 -17063
12FCEE 00 00 0
12FCF0 00 00 0
12FCF2 67 AE 26542
12FCF4 84 05 -31739
12FCF6 CA 07 -13817
12FCF8 F7 EF -2065
12FCFA 09 4F 2383
12FCFC EB F6 -5130
12FCFE 00 00 0
12FD00 00 00 0
12FD02 43 74 17268
12FD04 08 23 2083
12FD06 AE 63 -20893
12FD08 DD 2F -8913
12FD0A 2A 3C 10812
12FD0C D0 DD -12067
12FD0E 00 00 0
12FD10 00 00 0
12FD12 CF A2 -12382
12FD14 32 F7 13047
12FD16 D3 D3 -11309
12FD18 17 6B 5995
12FD1A 10 42 4162
12FD1C FF DC -36
12FD1E 00 00 0
12FD20 00 00 0
12FD22 AE 18 -20968
12FD24 50 84 20612
12FD26 D8 FD -9987
12FD28 2B 88 11144
12FD2A 01 28 296
12FD2C 6B 0E 27406
12FD2E 00 00 0
12FD30 00 00 0
12FD32 CC 3B -13253
12FD34 F0 8B -3957
12FD36 8E 4C -29108
12FD38 72 CC 29388
12FD3A A2 AD -23891
12FD3C B5 7B -19077
12FD3E 00 00 0
12FD40 00 00 0
12FD42 31 42 12610
12FD44 74 88 29832
12FD46 E9 72 -5774
12FD48 AD F7 -21001
12FD4A 4A 10 18960
12FD4C 0F DD 4061
12FD4E 00 00 0
12FD50 00 00 0
12FD52 6F 55 28501
12FD54 E9 F0 -5648
12FD56 0F 1E 3870
12FD58 C3 BF -15425
12FD5A 44 82 17538
12FD5C 71 7C 29052
12FD5E 00 00 0
12FD60 00 00 0
12FD62 34 DA 13530
12FD64 4C 3F 19519
12FD66 A2 2C -24020
12FD68 B2 AB -19797
12FD6A 06 14 1556
12FD6C 74 2F 29743
12FD6E 00 00 0
12FD70 00 00 0
12FD72 2C 10 11280
12FD74 42 E0 17120
12FD76 2F BB 12219
12FD78 FB CA -1078
12FD7A 54 5C 21596
12FD7C A7 6B -22677
12FD7E 00 00 0
12FD80 00 00 0
12FD82 B8 A5 -18267
12FD84 98 2B -26581
12FD86 BE 5A -16806
12FD88 1B FC 7164
12FD8A 85 A1 -31327
12FD8C 6B DD 27613
12FD8E 00 00 0
12FD90 00 00 0
12FD92 A7 9D -22627
12FD94 80 A1 -32607
12FD96 EE EE -4370
12FD98 1C 6F 7279
12FD9A DC 94 -9068
12FD9C 19 DD 6621
12FD9E 00 00 0
12FDA0 00 00 0
12FDA2 AB F7 -21513
12FDA4 74 2D 29741
12FDA6 D1 FB -11781
12FDA8 10 EC 4332
12FDAA 8E 5B -29093
12FDAC 43 D7 17367
12FDAE 00 00 0
12FDB0 00 00 0
12FDB2 47 2D 18221
12FDB4 31 4A 12618
12FDB6 E5 51 -6831
12FDB8 19 FD 6653
12FDBA 1C F6 7414
12FDBC DA B7 -9545
12FDBE 00 00 0
12FDC0 00 00 0
12FDC2 2F FB 12283
12FDC4 B0 50 -20400
12FDC6 FF 87 -121
12FDC8 78 CD 30925
12FDCA 78 10 30736
12FDCC 3E 6B 15979
12FDCE 00 00 0
12FDD0 00 00 0
12FDD2 3F CD 16333
12FDD4 3A BE 15038
12FDD6 7F 41 32577
12FDD8 F7 CD -2099
12FDDA 2C 08 11272
12FDDC 17 63 5987
12FDDE 00 00 0
12FDE0 00 00 0
12FDE2 6D 98 28056
12FDE4 AB 94 -21612
12FDE6 6F D5 28629
12FDE8 F3 7F -3201
12FDEA 15 10 5392
12FDEC 8A CD -30003
12FDEE 00 00 0
12FDF0 00 00 0
12FDF2 3A 70 14960
12FDF4 C4 2B -15317
12FDF6 54 DB 21723
12FDF8 74 EF 29935
12FDFA 00 68 104
12FDFC FA FB -1285
12FDFE 00 00 0
12FE00 00 00 0
12FE02 6C 93 27795
12FE04 39 A9 14761
12FE06 BA FE -17666
12FE08 F6 07 -2553
12FE0A C0 0F -16369
12FE0C FF 7D -131
12FE0E 00 00 0
12FE10 00 00 0
12FE12 13 BC 5052
12FE14 2E CE 11982
12FE16 22 FE 8958
12FE18 FF DE -34
12FE1A 00 E4 228
12FE1C DF B3 -8269
12FE1E 00 00 0
12FE20 00 00 0
12FE22 6A 6F 27247
12FE24 75 14 29972
12FE26 66 65 26213
12FE28 7A F7 31479
12FE2A 28 42 10306
12FE2C 6F 5B 28507
12FE2E 00 00 0
12FE30 00 00 0
12FE32 46 5A 18010
12FE34 86 ED -30995
12FE36 53 3B 21307
12FE38 EF 9F -4193
12FE3A A0 50 -24496
12FE3C 9C 2B -25557
12FE3E 00 00 0
12FE40 00 00 0
12FE42 53 5C 21340
12FE44 28 84 10372
12FE46 83 08 -31992
12FE48 BE EE -16658
12FE4A 27 06 9990
12FE4C FE 98 -360
12FE4E 00 00 0
12FE50 00 00 0
12FE52 08 CB 2251
12FE54 7C 6F 31855
12FE56 08 B5 2229
12FE58 FE F9 -263
12FE5A 61 24 24868
12FE5C 83 F4 -31756
12FE5E 00 00 0
12FE60 00 00 0
12FE62 24 4A 9290
12FE64 08 09 2057
12FE66 35 8C 13708
12FE68 57 A6 22438
12FE6A 02 70 624
12FE6C 75 1D 29981
12FE6E 00 00 0
12FE70 00 00 0
12FE72 0A 8C 2700
12FE74 C4 01 -15359
12FE76 C0 EC -16148
12FE78 73 EB 29675
12FE7A 01 80 384
12FE7C D3 A3 -11357
12FE7E 00 00 0
12FE80 00 00 0
12FE82 F5 0C -2804
12FE84 ED 49 -4791
12FE86 24 3C 9276
12FE88 C6 9F -14689
12FE8A 34 40 13376
12FE8C 7F 49 32585
12FE8E 00 00 0
12FE90 00 00 0
12FE92 30 75 12405
12FE94 A1 01 -24319
12FE96 86 9D -31075
12FE98 B1 B4 -20044
12FE9A 00 A4 164
12FE9C 7F 04 32516
12FE9E 00 00 0
12FEA0 00 00 0
12FEA2 08 F7 2295
12FEA4 18 50 6224
12FEA6 4E BE 20158
12FEA8 76 9F 30367
12FEAA 41 02 16642
12FEAC 5F B0 24496
12FEAE 00 00 0
12FEB0 00 00 0
12FEB2 8B C8 -29752
12FEB4 52 00 20992
12FEB6 9F 4F -24753
12FEB8 B1 3E -20162
12FEBA 14 42 5186
12FEBC 86 FD -30979
12FEBE 00 00 0
12FEC0 00 00 0
12FEC2 B7 87 -18553
12FEC4 C5 32 -15054
12FEC6 BC 86 -17274
12FEC8 7F 6A 32618
12FECA 94 0C -27636
12FECC D7 66 -10394
12FECE 00 00 0
12FED0 00 00 0
12FED2 1B 8C 7052
12FED4 E1 53 -7853
12FED6 D3 E0 -11296
12FED8 7F FA 32762
12FEDA C0 01 -16383
12FEDC E7 7B -6277
12FEDE 00 00 0
12FEE0 00 00 0
12FEE2 AA 72 -21902
12FEE4 05 3C 1340
12FEE6 AF B8 -20552
12FEE8 3F FE 16382
12FEEA A0 72 -24462
12FEEC F6 66 -2458
12FEEE 00 00 0
12FEF0 00 00 0
12FEF2 BA 6D -17811
12FEF4 08 33 2099
12FEF6 90 6B -28565
12FEF8 7D AE 32174
12FEFA 4F CC 20428
12FEFC F2 BB -3397
12FEFE 00 00 0
12FF00 00 01 1
12FF02 CE 53 -12717
12FF04 11 39 4409
12FF06 34 D2 13522
12FF08 3B DF 15327
12FF0A 28 12 10258
12FF0C FF 9E -98
12FF0E 00 00 0
12FF10 00 00 0
12FF12 46 CA 18122
12FF14 05 A0 1440
12FF16 7F EE 32750
12FF18 D5 BF -10817
12FF1A 60 16 24598
12FF1C 47 E6 18406
12FF1E 00 00 0
12FF20 00 80 128
12FF22 98 9C -26468
12FF24 4A 90 19088
12FF26 CF F2 -12302
12FF28 B4 AF -19281
12FF2A 62 85 25221
12FF2C BA E9 -17687
12FF2E 00 00 0
12FF30 00 00 0
12FF32 CE EC -12564
12FF34 13 7F 4991
12FF36 A5 D5 -23083
12FF38 DC 3B -9157
12FF3A 05 ED 1517
12FF3C DE E3 -8477
12FF3E 00 00 0
12FF40 00 00 0
12FF42 06 21 1569
12FF44 2B 6B 11115
12FF46 3F 02 16130
12FF48 62 B6 25270
12FF4A 25 1C 9500
12FF4C DD 67 -8857
12FF4E 00 00 0
12FF50 00 00 0
12FF52 18 B2 6322
12FF54 0A 24 2596
12FF56 00 12 18
12FF58 FF 66 -154
12FF5A 00 00 0
12FF5C 6F 24 28452
12FF5E 00 10 16
12FF60 4D 52 19794
12FF62 00 10 16
12FF64 00 26 38
12FF66 00 12 18
12FF68 FF 78 -136
12FF6A 00 00 0
12FF6C 74 C0 29888
12FF6E 00 05 5
12FF70 AA C0 -21824
12FF72 00 10 16
12FF74 00 05 5
12FF76 CC 16 -13290
12FF78 00 12 18
12FF7A 00 05 5
12FF7C CC C8 -13112
12FF7E 00 12 18
12FF80 FF 88 -120
12FF82 00 00 0
12FF84 70 58 28760
12FF86 00 91 145
12FF88 00 12 18
12FF8A FF 90 -112
12FF8C 00 00 0
12FF8E 6C F8 27896
12FF90 00 12 18
12FF92 FF EE -18
12FF94 00 05 5
12FF96 A8 3A -22470
12FF98 D4 67 -11161
12FF9A 40 20 16416
12FF9C 1D BD 7613
12FF9E 00 00 0
12FFA0 00 00 0
12FFA2 9A 7C -25988
12FFA4 38 17 14359
12FFA6 BF D9 -16423
12FFA8 45 F6 17910
12FFAA 28 14 10260
12FFAC FE 9F -353
12FFAE 00 00 0
12FFB0 00 12 18
12FFB2 1A 3E 6718
12FFB4 00 05 5
12FFB6 82 D0 -32048
12FFB8 00 05 5
12FFBA 07 BA 1978
12FFBC 00 12 18
12FFBE 19 D8 6616
12FFC0 00 12 18
12FFC2 1A 3E 6718
12FFC4 00 12 18
12FFC6 FF C8 -56
12FFC8 41 DF 16863
12FFCA FF FF -1
12FFCC FF 40 -192
12FFCE 00 00 0
12FFD0 00 12 18
12FFD2 FF E8 -24
12FFD4 00 05 5
12FFD6 5B 4A 23370
12FFD8 00 12 18
12FFDA FF E4 -28
12FFDC 00 00 0
12FFDE 00 00 0
12FFE0 30 8C 12428
12FFE2 00 12 18
12FFE4 06 48 1608
12FFE6 00 3C 60
12FFE8 00 12 18
12FFEA FF F0 -16
12FFEC 00 00 0
12FFEE 32 8C 12940
12FFF0 00 12 18
12FFF2 FF FA -6
12FFF4 00 00 0
12FFF6 14 C4 5316
12FFF8 00 00 0
12FFFA 00 12 18
12FFFC FF FE -2
12FFFE 00 00 0
